type,code,base,extension,title_en,description_en,title_ko,description_ko
CHC-Mill,1007.0000,1007,0000,UP DOWN SWITCH ILLEGAL CONDITION,"Limit switches erroneously indicate that the pallet changer is fully lifted and lowered at the same time.  The up/down limit switch is defective, erroneously tripped, or wired incorrectly.
",업/다운 스위치 위법 조건(UP/DOWN SWITCH ILLEGAL CONDITION),"리미트 스위치가 팔레트 교환장치가 승강 및 하강이 완전히 동시에 되었다고 틀리게 표시합니다. 업/다운 리미트 스위치에 결함이 있거나, 틀리게 동작하거나 부정확하게 배선작업이 되었습니다.
"
CHC-Mill,540.0000,540,0000,MACRO SYNTAX NOT ALLOWED,"A section of code was interpreted by the control where macro statement syntax is not permitted. In lathe controls, PQ sequences describing part geometry cannot use macro statements in the part path description.",매크로 구문이 허용 안됨,코드 부분이 매크로 문 구문이 허용되지 않은 곳의 제어에 의해 해석되었습니다. 선반 제어에서 공작물 형상을 묘사한 PQ 시퀀스는 공장물 경로 설명에서 매크로 문을 사용할 수 없습니다.
CHC-Lathe,825.0000,825,0000,MAIN CONTROL INTERFACE FAULT,"A communication error with the main control has been sensed. This can occur when main control cannot communicate correctly with the SKBIF (serial keyboard interface), or when main control cannot communicate correctly with the RJH–C (color remote jog handle). This can also occur if the RJH is plugged in or unplugged while the power is ON. – Check for loose connectors at the Remote Jog Handle controller holster. Press the RESET button to clear the alarm.",제어판 인터페이스 고장,제어판과의 통신 오류가 감지되었습니다. 제어판이 SKBIF(직렬 키보드 인터페이스)와 올바르게 통신할 수 없는 경우 또는 제어판이 RJH–C(컬러 원격 조그 핸들)와 올바르게 통신할 수 없는 경우에 발생할 수 있습니다. 또한 RJH가 전원이 켜져 있는 동안 플러그에 끼우거나 빼는 경우에 발생할 수 있습니다. - 원격 조그 핸들 컨트롤러 고정장치에 느슨한 커넥터가 있는지 확인하십시오. 경보를 삭제하려면 RESET을 누르십시오.
NGC,855.0000,855,0000,ATC ARM DRIVE-TRAIN FAILURE,"During a tool–change, the ATC arm powered on but did not get to the commanded position. ",ATC 암 드라이브 트레인 고장,공구 교환 중 ATC 암이 켰졌으나 명령된 위치에 도달하지 못했습니다.
CHC-Mill,168.0000,168,0000,A-AXIS ZERO RETURN MARGIN IS TOO SMALL,"When a rotary table is first installed, Parameter 128 must be set. This is a common response when a rotary table is first installed. Do the following to fix it:  Add onehalf the value of Parameter 54 to Parameter 128. Zero return the Aaxis.",A축 영점 복귀 마진이 너무 적음,회전 테이블이 맨 처음 설치되었을 때 파라미터 128이 설정되어 있어야 합니다. 이것은 회전 테이블이 맨 처음 설치되었을 때 흔한 반응입니다. 다음과 같이 하여 고치십시오. 파라미터 54의 값의 절반을 파라미터 128에 더하십시오. 축을 영점 복귀하십시오.
NGC,539.0000,539,0000,ILLEGAL GOTO,Macro statement includes an expression after GOTO that is not valid.  ,불법 GOTO,매크로 문에는 유효하지 않은 GOTO 후에 표현식을 포함합니다.
CHC-Mill,371.0000,371,0000,"INVALID I, J, K OR Q","Check G150 program block cycle for missing or incorrect values for I, J, K or Q.","잘못된 I, J, K 또는 Q","I, J, K 또는 Q에 대한 누락되었거나 부정확한 G150 프로그램 블록 사이클을 확인하십시오 ."
NGC,426.0000,426,0000,BAR FEED ILLEGAL ADDRESS CODE,"Bar feed was commanded with an illegal address code on the G105 block. Remove all address codes other than I, J, K, P, Q, R.",봉재 이송 위법 주소 코드,"G105 블록에서 위법 코드로 봉재 이송이 명령되었습니다. I, J, K, P, Q, R 이외의 모든 주소 코드를 제거하십시오."
CHC-Lathe,656.0000,656,0000,"INVALID I, K, OR R IN G01",The move distance in the block commanded with chamfering or corner rounding is less than the chamfering or corner rounding amount.,"GO1의 잘못된 I, K, 또는 R",모따기 또는 모서리 라운딩으로 명령을 받은 블록의 이동 거리가 모따기 또는 모서리 라운딩 양보다 작습니다.
NGC,7.4011,7,4011,C-AXIS ROTARY BRAKE ENGAGEMENT FAILURE,The rotary table brake system did not engage in time. The rotary table might be unable to hold position for machining.,C축 회전 브레이크 개입 장애,회전 테이블 브레이크 시스템이 적시에 개입하지 않았습니다. 회전 테이블은 일치하기 위한 위치를 유지하지 못할 수 있습니다.
NGC,9948.0000,9948,0000,SECONDARY ENCODER SERIAL ENCODER FAULT,"Cycle power on the machine.

Alarm is obsolete 

New alarm for encoder faults updated in software. Update to latest version 100.21.000.1130 or Higher 
",2차 인코더 시리얼 인코더 고장,기계의 전원을 껐다 켜 주십시오.
CHC-Mill,838.0000,838,0000,TT AXIS SERIAL DATA COMMUNICATION FAULT,"Check that the cable from the mocon to the indicated axis encoder is undamaged and securely connected. A serial communications fault has occurred between the indicated encoder and the mocon. This is most commonly due to a loose connector or a bad cable between the mocon and the encoder. Check the cable and connections. If the problem persists, check the motor.",TT축 시리얼 데이터 통신 고장,모콘에서 표시된 축 인코더와 연결된 케이블이 손상되지 않았는지와 확실하게 연결되었는지 확인하십시오. 시리얼 통신 고장이 표시된 인코더 및 모콘 사이에서 발생했습니다. 가장 흔한 원인은 모콘과 인코더 사이에 있는 느슨한 커넥터나 손상된 케이블 때문입니다. 케이블과 연결을 확인하십시오. 문제가 지속되면 모터를 확인하십시오.
CHC-Mill,111.0000,111,0000,A AXIS SERVO OVERLOAD,This can occur if the load on the motor is over 100% for a period of several seconds or even minutes. Check for the correct rotary model–type selection in Setting 30. Reduce load on the axis by adjusting the feeds and speeds. Make sure the brake releases correctly. Check for dull or broken tools.,A축 서보 과부하,이것은 모터의 부하가 몇 초 또는 심지어 몇 분 동안 100%를 초과하는 경우 발생할 수 있습니다. 설정 30에서 정확한 회전 모델 유형 선택을 확인하십시오. 이송 및 속도를 조정하여 축에 걸리는 부하를 줄이십시오. 브레이크가 정확하게 해제되는지 확인하십시오. 무뎌졌거나 부서진 공구를 확인하십시오.
NGC,7.9719,7,9719,C-AXIS SERIAL ENCODER FAULT,"This alarm usually indicates a bad serial connection or a noisy environment interfering with the transfer of serial encoder data.

There are 8 possible SubAlarms covered by the Serial Encoder Alarm.

Subcode Meaning:
1	Encoder Data Fault
2	Encoder Internal Axis Fault 1
3	Encoder Internal Axis Fault 2
4	Encoder CRC Fault
5	Encoder Cable Fault
6      Serial Stop Bit Error
7      Serial Parity Error
8      Encoder Counting Error",,
NGC,2065.0000,2065,0000,GIMBAL ANGLES MUST BE 0 WHEN TCPC IS CALLED,TCPC requires B and C angles to be at machine position 0 to start ,짐벌 각도는 TCPC가 호출될 때 0이 되어야 함,TCPC B와 C 각도가 기계 위치 0에서 시작까지 있는 것을 요구합니다.
CHC-Mill,653.0000,653,0000,V-AXIS ZERO RETURN MARGIN IS TOO SMALL,The home switch is too close to the motor encoder reference mark.,V축 영점 복귀 마진이 너무 적음,원점 스위치가 모터 인코더 참조 표시에 너무 가깝습니다.
NGC,313.0000,313,0000,MISSING P CODE IS REQUIRED, One of the following commands requires a P-code on the same line. The P-code definition is different for each G- or M-code:    M96/M97     P defines the line number (N-code) that the program jumps to.      M98/G65     P defines the program number (O-code) of the subprogram to call.      G47     P0 for literal string engraving   P1 for sequential serial number engraving   No other P-code is allowed      G70/G71/G72/G73 (Lathe)     P defines the line number (N-code) that the program jumps to.      G150     P defines the program number (O-code) of the program that defines the pocket geometry.      G169 (Mill)     P defines the dwell time at the bottom of the hole.      G266     P defines which axis to move.      ,누락된 P코드가 요구됨, 다음 명령 중 하나는 P코드가 동일한 선상에 있을 필요가 있습니다. P코드 정의는 각 G-또는 M-코드에 대해 다릅니다. M96/M97:   P는 프로그램이 점프하는 라인 번호(N코드)를 정의합니다. M98/G65:   P는 서브프로그램의 프로그램 번호(O코드)를 정의하여 호출합니다. G47:   문자상의 문자열 조각을 위한 P0. 순차적 일련 번호 조각을 위한 P1. 다른 P코드는 허용되지 않습니다. G70/G71/G72/G73(선반). P는 프로그램이 점프하는 라인 번호(N코드)를 정의합니다. G150   P는 포켓 형상을 정의하는 프로그램의 프로그램 번호(O-코드)를 정의합니다. G169 (Mill)   P는 구멍 바닥에서의 일시 정지 시간을 정의합니다. G266   P는 어떤 축을 이동하는지 정의합니다.
NGC,4.153,4,153,SP-AXIS ZERO CHANNEL MISSING,An encoder signal integrity error was sensed. The encoder position data may be unreliable. All servos are turned off. – Reset the alarms and zero return the axis.,SP축 영점 채널 누락,인코더 신호 무결성 오류가 감지되었습니다. 인코더 위치 데이터가 신뢰성이 없는 것일 수도 있습니다. 모든 서보가 꺼져 있습니다. – 경보를 리셋하고 축을 영점 복귀시키십시오.
NGC,9982.0000,9982,0000,INVALID CORNER ROUNDING," The corner rounding ,R value is too large for the corner geometry it is applied to. Reduce the size of the ,R value. ",잘못된 코너 라운딩," 코너 라운딩 ,R 값이 그것이 적용되는 코너 형상에 비해 너무 큽니다. ,R 값의 크기를 줄이십시오."
NGC,9835.0000,9835,0000,120VAC PHASE C OVER CURRENT,"A partial short circuit was detected in the 120V outputs from the IOPCB. Check all outputs for possible shorts between the hot lead and neutral.  Power cycle the machine.  If the alarm persists,  with the alarm on the screen insert a USB device and press [SHIFT] and the [F3] button to generate an error report.  The error report will be saved to the USB device, e-mail the error report file to your local Haas Factory Outlet for further review. ",120VAC 위상 C 과전류,부분 단락이 IOPCB에서 120V 출력으로 감지되었습니다. 모든 출력에서 핫 리드 및 중립에서 가능한 단락이 있었는지 확인하십시오. 기계의 전원을 껐다 켰다 해주십시오. 경보가 지속되면 화면의 경보가 있는 상태에서 USB 장치를 삽입하고 [SHIFT] 및 [F3] 버튼을 눌러 오류 보고서를 생성하십시오. 오류 보고서는 USB 장치에 저장됩니다. 추가 검토를 위해 오류 보고서 파일을 귀하의 현지 Haas 직영 창고 매장으로 이메일로 보내십시오.
CHC-Lathe,4017.0000,4017,0000,Live Tooling Not Allowed,The current tool station position does not support live tooling. Live tooling rotation is only permitted at odd numbered tool positions.,라이브 툴링이 허용안됨.,현재의 공구 스테이션 위치는 라이브 툴링을 지원하지 않습니다. 라이브 툴링 회전은 홀수 번호의 공구 위치에서만 허용됩니다.
NGC,200.0000,200,0000,HIGH VOLTAGE POWER SUPPLY OVER-TEMPERATURE,The Vector Drive or 320V power supply's  temperature is above its limit.  This can be caused by an high loads for extended periods of time. It can also be caused by improper cooling. – Check your program for proper speeds and feeds. Make sure the cabinet door is closed for most efficient cooling and that the airflow to the vector drive is unobstructed. Clear all alarms. ,고압 전원 공급장치 과열,벡터 드라이브 또는 320V 전원 공급장치의 온도가 그 한계를 초과했습니다. 이것은 연장된 시간 동안 고부하가 걸린 것이 원인일 수 있습니다. 또한 부적절한 냉각이 원인일 수 있습니다. - 프로그램이 적절한 속도와 이송을 위한 것인지 확인하십시오. 캐비닛 도어가 최고 효율의 냉각을 위해 닫혔는지 벡터 드라이브 쪽의 공기 흐름이 방해받지 않도록 확인하십시오. 모든 경보를 삭제하십시오.
CHC-Lathe,114.0000,114,0000,TURRET FAILURE TO REACH CLAMP SWITCH,The tool turret failed to retract completely. – Check for any obstructions.,터렛이 클램프 해제 스위치에 도달 못함,공구 터렛이 완전히 후퇴하지 않았습니다. - 장애물이 있는지 확인하십시오.
CHC-Mill,612.0000,612,0000,U AXIS SERVO OVERLOAD,This can occur if the load on the motor is over 100% for a period of several seconds or even minutes. Reduce load on the axis by adjusting the feeds and speeds. Check for dull or broken tools.,U축 서보 과부하,이것은 모터의 부하가 몇 초 또는 심지어 몇 분 동안 100%를 초과하는 경우 발생할 수 있습니다. 이송 및 속도를 조정하여 축에 걸리는 부하를 줄이십시오. 무뎌졌거나 부서진 공구를 확인하십시오.
NGC,805.0000,805,0000,LOW SPINDLE LUBRICATION,"The spindle oil reservoir level is low.  – Check the oil reservoir.  If it is empty, add oil to the spindle oil reservoir. ",적은 스핀들 윤활유,스핀들 오일 탱크 레벨이 낮습니다. - 오일 탱크를 확인하십시오. 비워 있으면 오일을 스핀들 오일 탱크에 추가하십시오.
NGC,9876.0000,9876,0000,ANALOG GP28 OVER LIMIT,General Purpose Analog input has exceeded the limit specified by the I/O Configuration file. ,아날로그 GP28 한계 초과,일반 목적 아날로그 입력이 I/O 구성 파일이 지정한 한계를 초과했습니다.
CHC-Lathe,728.0000,728,0000,SECONDARY SPINDLE MOTOR OVERHEAT,The temperature sensor in the secondary spindle motor indicates that the motor is too hot. This can be caused by a program which accelerates and decelerates the secondary spindle too much. Allow enough time in your program for the secondary spindle to cool down.,2차 스핀들 모터 과열,2차 스핀들 모터 온도 센서가 모터가 지나치게 뜨겁다고 표시합니다. 이것은 2차 모터를 지나치게 가속하거나 감속하게 하는 프로그램이 원인일 수 있습니다. 2차 모터를 충분히 식히도록 프로그램에 충분한 시간을 허용하도록 하십시오.
NGC,8130.0000,8130,0000,G96 THREADING NOT ALLOWED,"G96, Constant Surface Speed mode is incompatible with threading G-code cycles. Modify the program to use G97 instead. ",G96 나사 절삭 허용 안됨,"G96, 일정 표면 절삭 속도 모드가 나사 절삭 G코드 사이클과 적합하지 않습니다. 프로그램을 변경하여 대신에 G97을 사용하십시오."
CHC-Mill,118.0000,118,0000,SPINDLE LOW GEAR FAULT,"While changing from high gear to low gear, the gearbox did not move into low gear. Press the POWER UP RESTART key to start a gearbox recovery sequence.",스핀들 저속 기어 고장,고속 기어에서 저속기어로 변경하는 동안 기어박스가 저속 기어 안으로 이동하지 않았습니다. 전원 업 재시동(POWER UP RESTART) 키를 눌러 기어박스 복구 시퀀스를 시작하십시오.
NGC,329.0000,329,0000,UNDEFINED M CODE,"  The control did not recognize an M-code command. The M-code command is not defined as an aliased M-code. If you intended to use an aliased M-code, make sure that the code is correctly defined. Press [SETTINGS] and use the Alias Codes tab to specify the M-code number for the O9xxx program that you want to alias.   ",정의 되지 않은 M 코드(UNDEFINED M CODE),  제어는 M코드 명령을 인식하지 못합니다. M코드 명령은 별칭 M코드로서 정의되지 않았습니다. 별칭 M코드를 사용하고자 한다면 코드는 올바르게 정의되었음을 확인하여야 합니다. [SETTINGS]을 누르고 Alias Codes 탭을 사용하여 별칭을 붙이기 원하는 O9xxx 프로그램을 위한 M코드 번호를 지정하십시오.
NGC,9998.0000,9998,0000,CHUCK UNCLAMP SETTLE TIME CHECK FAILURE,Chuck unclamp was incomplete. Press chuck clamp button to clamp or manually unclamp chuck with lever.,척 클램핑 해제 해결 시간 확인 고장,척 클램핑 해제가 호환되지 않습니다. 척 클램프 버튼을 눌러 클램핑하거나 레버를 사용하여 수동으로 클램핑을 해제합니다.
NGC,645.0000,645,0000,AMPLIFIER GROUND FAULT,Axis amplifier or vector drive detected a ground fault. Check wiring to the servo or spindle motor. ,증폭기 접지 고장,축 증폭기 또는 벡터 드라이브가 접지 고장을 감지했습니다. 서보 또는 스핀들 모터의 배선을 점검하십시오.
NGC,9406.0000,9406,0000,ELECTRIC VISE OUT OF RETRACTED ZONE,This alarms occurs because the vise did reach the end of the retracted zone without getting into contact with a part.  To troubleshoot this issue:    Check that there is part  Check that the retracted zone is correctly defined  Check that the setting 404 (vise 1) or 406 (vise 2) has the appropriate value.    ,전기 바이스 후퇴 구역 밖에 있음,이 경보는 바이스가 공작물에 접촉하지 못하고 후퇴 구역의 끝에 도달할 때 발생합니다. 이 문제를 고장 수리하려면:    공작물이 있는지 확인하십시오. 후퇴 구역이 올바르게 정의되었는지 확인하십시오. 설정 404(바이스 1) 또는 406(바이스 2)의 값이 적절한지 확인하십시오.
NGC,814.0000,814,0000,NO TOOL OFFSET,A tool offset must be defined before the automatic mode can be used. See the Manual Mode section of the manual for more information.,툴 오프셋 없음,툴 오프셋은 자동 모드가 적용되기 전에 정의되어야 합니다. 자세한 내용은 이 매뉴얼의 매뉴얼 모드 섹션을 참조하십시오.
CHC-Mill,127.0000,127,0000,NO TURRET MARK,The tool–changer carousel is not in the correct position. This can occur when the machine is powered off during a tool–change operation. Press the POWER UP / RESTART button to correct this problem. Make sure the tool–changer pocket facing the spindle is empty. Press the Tool–Changer RECOVER button and follow onscreen instruction.,터렛 표시 없음,공구 교환장치 캐로슬이 정확한 위치에 있지 않습니다. 이것은 기계가 공구 교환장치 작동 중에 전원이 꺼질 경우 발생합니다. POWER UP/RESTART(전원 켜기/재시작) 버튼을 눌러 이 문제를 바로 잡으십시오. 스핀들을 향한 공구 교환장치 포켓이 비어 있는지 확인하십시오. 공구 교환 RECOVER 버튼을 누르고 화면의 지침을 따르십시오.
NGC,2.991,2,991,Y-AXIS AMPLIFIER OVER TEMPERATURE,"An Amplifier's temperature is above it's limit. 
– A preceding alarm will indicate which amplifier is above it's temperature limit.  This can be caused by high axis load for an extended period of time.  High shop temperature can cause this alarm to occur more often.  Allow time for the amplifier to cool.  Adjust your program to reduce axis loads.  Clear all alarms.
",온도가 초과한 Y축 증폭기,"증폭기의 온도가 한계를 초과했습니다. -선행 경보가 어떤 증폭기가 온도 한계를 초과하는지 나타냅니다. 이것은 연장된 시간 동안 축에 고부하가 걸린 것이 원인일 수 있습니다. 높은 온도가 이 경보를 더 자주 발생하게 한 원인일 수 있습니다. 증폭기에 냉각될 수 있는 시간을 주십시오. 프로그램을 조정하여 축 부하를 줄이십시오. 모든 경보를 삭제하십시오.
"
CHC-Mill,443.0000,443,0000,REGEN ON TOO LONG," The power supply detected a condition in which the Regen stays active too long. This condition indicates that the incoming AC voltage is too high, elevating the DC bus, that the Regen load is open or disconnected, or there is excessive power being dumped by the spindle motor. This can also be caused by a DECEL Parameter too high. Check the connections and resistance of the REGEN load, the incoming AC voltage and the value of Parameter 186. Cycle power to continue.",재생성이 너무 길게 걸림," 전원공급장치가 Regen이 너무 오래 걸리는 조건을 감지했습니다. 조건에는 인입된 AC 전압이 너무 높아서 DC 버스를 상승시키고, Regen 로드가 열려 있거나 연결이 끊어졌거나, 또는 스핀들 모터에서 공급된 과도한 전원이 있음이 나타내고 있습니다. 또한 이것은 DECEL 파라미터가 너무 높은 것이 원인일 수 있습니다. REGEN 로드 시 연결과 저항, 인입 AC 전압 및 파라미터 186의 값을 확인하십시오. 전원을 껐다 켰다하여 계속하십시오."
NGC,2.993,2,993,Y-AXIS AMPLIFIER SHORT CIRCUIT,An amplifier short has been reported on the specified axis. This can be caused by any of the motor leads being shorted together or shorted to the 320V return.,,
NGC,2.994,2,994,Y-Axis Amplifier Overload,"The Amplifier has sensed a high load for an extended period of time. This can be caused by running the amplifier at high loads for an excessive amount of time. 
– A preceding alarm will indicate which axis has overloaded. Check that your program has the correct speeds and feeds for the material and the cutting tool. Make sure the correct tool for the application is being used. Check for dull or broken tools.
",Y축 증폭기 과부하,"증폭기가 연장된 시간 동안 높은 부하를 감지하였습니다. 이것은 과도한 시간 동안 높은 부하에서의 증폭기 작동이 원인일 수 있습니다. – 선행 경보가 축에 과부하가 걸렸음을 표시합니다. 재료 및 절삭 공구에 대한 사용자 프로그램의 정확한 속도 및 이송을 갖고 있는지 확인하십시오. 응용 장치에 대한 정확한 공구가 사용되고 있는지 확인하십시오. 무뎌졌거나 부서진 공구를 확인하십시오.
"
CHC-Lathe,753.0000,753,0000,W–AXIS DRIVE FAULT,"General Alarm: A fault was reported by the W–axis servo drive. The servos have been turned off. There will be a secondary alarm which will display more specific information, with repair details. – Investigate any secondary alarms.",W축 드라이브 고장,일반 경보: W축 서보 드라이브에 의해 오류가 보고되었습니다. 서보가 꺼져 있었습니다. 수리 세부 사항과 더불어 더 구체적인 정보를 표시하는 2차 경보가 있을 것입니다. - 모든 2차 경보를 조사하십시오.
NGC,9989.0000,9989,0000,C AXIS FAILED TO ENGAGE,"The C Axis failed to engage in the time allowed.  This alarm can be caused by an obstruction, low pressure or an incorrect spindle orient offset.  Make sure the incoming pressure and flow is set to the Haas specifications, check for mechanical binds inside the work area, and ensure the spindle is correctly oriented with the engage mechanism.",C축 개입 실패,"C축이 허용된 시간에 개입하지 못했습니다. 경보의 원인인 장애물, 저압 또는 정확하지 않는 스핀들 오리엔테이션 오프셋 때문입니다. 들어오는 압력과 유량이 Haas 규격으로 설정되어 있는지 확인하고, 작업 영역 안의 기계적 결합을 확인하며, 스핀들이 개입 메커니즘과 올바른 방향을 향하고 있는지 확인합니다."
NGC,4.182,4,182,S (SPINDLE) AXIS ENCODER CABLE FAULT,"The specified–axis encoder cable does not have valid signals.

Verify the ferrite filters over the regen and the power cables on the vector drive are installed in the correct location.  Refer to the Spindle Encoder - Troubleshooting Guide for more information.",S(스핀들) 축 인코더 케이블 결함,지정된 축 인코더 케이블 신호가 유효하지 않습니다. 벡터 드라이브의 재생 장치와 전원 케이블 위의 페라이트 필터가 정확한 위치에 설치되었는지 확인합니다. 자세한 내용은 스핀들 인코더 문제 해결 가이드를 참조하십시오.
CHC-Lathe,227.0000,227,0000,A (Tool Turret) AXIS TRANSITION FAULT,An Encoder problem has been sensed. The encoder position data may be unreliable.,A(공구 터렛) 축 이동 고장,인코더 문제가 감지되었습니다. 인코더 위치 데이터가 신뢰성이 없는 것일 수도 있습니다.
NGC,304.0000,304,0000,"INVALID I, J, OR K IN G02 OR G03","  The center point of the arc is incorrectly defined. Possible causes are:  1) Incorrectly defined I, J, or K values.  The I, J, and K values define the distance and direction in X, Y, and Z from the start point of an arc to the center. Make sure that the values are signed correctly (+/-). 2) Incorrect plane selection.  Make sure that the active plane is correct. Only the I, J, or K values specific to the selected plane are allowed (G17 uses I/J, G18 uses I/K, and G19 uses J/K). 3) Incorrectly defined arc end points.  Make sure that the end points for the start and end of the arc are programmed correctly.    In this example, point 1 is the start point and point 2 is the end point of the arc. The J-value is negative (-) because the distance along the Y Axis from the start point to center is negative. The I-value is positive (+) because the distance along the X Axis from the start point to center is positive.      ","G02 또는 G03의 잘못된 I, J 또는 K","  호의 중심점이 부정확하게 정의되었습니다. 가능한 원인은 다음과 같습니다. 1) 부정확하게 정의 된 I, J 또는 K 값  I, J 및 K 값은 호의 시작점에서 중심까지의 X, Y 및 Z에서 거리와 방향을 정의합니다. 값에 정확한 기호가 있는지 확인하십시오(+/-). 2) 부정확한 평면 선택  활성화된 평면이 정확한지 확인하십시오. 선택된 평면에만 적용되는 I, J 또는 K만이 허용됩니다(G17은 I/J를, G18은 I/K를, G19은 J/K를 사용합니다). 3) 부정확하게 정의된 호의 끝점. 호의 시작과 끝을 위한 끝점이 올바르게 프로그래밍되었는지 확인하십시오. 이 예에서 점 1은 호의 시작점이고, 점 2는 끝점입니다. J값은 음수(-)인데 왜냐하면 시작점에서 중심까지 Y축을 따라가는 거리는 음의 방향이기 때문입니다. I값은 양수(+)인데 왜냐하면 시작점에서 센터까지의 X축을 따라가는 거리가 양의 방향이기 때문입니다."
NGC,144.0000,144,0000,TIMEOUT - CALL YOUR DEALER,Trial time has expired.  Call your Haas Factory Outlet.,타임아웃-딜러에게 연락,시도 시간이 끝났습니다. Haas 직영 창고 매장에 연락하십시오.
CHC-Lathe,712.0000,712,0000,V AXIS SERVO OVERLOAD,Excessive load on bar feeder motor. This can occur if the load on the motor over a period of several seconds or even minutes is large enough to exceed the continuous rating of the motor. The servos will be turned off when this occurs. This can be caused by running into the mechanical stops but not much past them. It can also be caused by anything that causes a very high load on the motors.,V축 서보 과부하,"봉재 이송장치 모터에 과도한 부하가 걸렸습니다. 이것은 몇 초 또는 몇 분 동안 모터의 부하가 모터의 연속 정격을 초과할 만큼 충분히 큰 경우가 원인이 될 수 있습니다. 이런 일이 발생하면 서보는 꺼지게 됩니다. 기계 멈춤장치와 부딪힌게 원인일 수 있지만, 그다지 큰 일은 아닙니다. 또한 모터에 지나치게 높은 부하를 준 모든 것이 원인일 수 있습니다."
CHC-Mill,556.0000,556,0000,AIR PRESSURE LOW DURING GEAR CHANGE,The air pressure was low during a gear change. The gear change could not be completed. – Press RESET to clear alarms. Check incoming air pressure and flow.. Press the POWER UP RESTART key to start a gearbox recovery sequence.,기어 변경 중 낮은 공기압,기어 변경 중 공기압이 낮습니다. 기어 변경이 완료되지 않을 수 있습니다. - 경보를 삭제하려면 RESET을 누르십시오. 유입 공기 압력 및 흐름을 확인합니다. 전원 업 재시동(POWER UP RESTART) 키를 눌러 기어박스 복구 시퀀스를 시작하십시오.
CHC-Mill,603.0000,603,0000,U–AXIS LIMIT SWITCH,The Uaxis home switch input changed state while the machine was in use. There may be chips on an exposed home switch.  Remove chips on exposed home switches. Reset the machine.,U축 리미트 스위치,기계 사용 중에 U축 원점 스위치 입력이 상태를 변경하였습니다. 노출된 원점 스위치 위에 칩이 있을지 모릅니다. 노출된 원점 스위치에서 칩을 제거하십시오. 기계를 리셋합니다.
NGC,2015.0000,2015,0000,TOOL CHANGER DOOR NOT OPEN,The tool changer door did not open as expected due to a low air pressure condition.  Check incoming air pressure.  Check for kinked air supply line.  ,공구 교환장치 도어 개방이 안됨,공구 교환장치 도어가 낮은 공기압 상태로 인하여 기대대로 열리지 않았습니다. 유입 공기 압력을 확인합니다. 엉켜진 공기 공급 라인이 있는지 확인하십시오.
CHC-Lathe,155.0000,155,0000,Z AXIS Z CH MISSING,"Z Reference signal from encoder was not received as expected. All servos are turned off. Can be caused by loose connections, encoder contamination, or parameter error.",Z축 Z CH 누락,"인코더로부터 Z 참조 신호가 예상대로 수신되지 않았습니다. 모든 서보가 꺼져 있습니다. 느슨한 연결, 인코더 오염 또는 파라미터 오류가 원인일 수 있습니다."
NGC,9932.0000,9932,0000,SPINDLE STALLED,Check that the spindle is free to rotate. Reset program to continue. ,스핀들 멈춤,스핀들이 자유롭게 회전하는지 확인하십시오. 프로그램을 리셋하여 계속하십시오.
NGC,9885.0000,9885,0000,SECONDARY SPINDLE COMMANDED WHEN G199 ACTIVE,"M143, M144, M145, Secondary Spindle Commands, cannot be commanded when G199, Synchronous Spindle, is engaged. ",G199 활성화 시 2차 스핀들에 명령 지정,"M143, M144, M145, 2차 스핀들 명령은 G199, 동기식 스핀들이 개입 중일 경우 명령을 할 수 없습니다."
CHC-Lathe,769.0000,769,0000,TT (Live Tooling) AXIS DISABLED,There was an attempt to move an axis that is not installed in the machine. Check your program for commands to move a nonexistent axis.,TT(라이브 툴링) 축 비활성화됨,기계에 설치되지 않은 축을 이동시키려는 시도가 있었습니다. 존재하지 않는 축을 이동시키는 명령이 프로그램에 있는지 확인하십시오.
CHC-Mill,831.0000,831,0000,A AXIS SERIAL DATA COMMUNICATION FAULT," Check that the cable from the mocon to the indicated axis encoder is undamaged and securely connected. A serial communications fault has occurred between the indicated encoder and the mocon. This is most commonly due to a loose connector or a bad cable between the mocon and the encoder. Check the cable and connections. If the problem persists, check the motor.",A축 시리얼 데이터 통신 고장, 모콘에서 표시된 축 인코더와 연결된 케이블이 손상되지 않았는지와 확실하게 연결되었는지 확인하십시오. 시리얼 통신 고장이 표시된 인코더 및 모콘 사이에서 발생했습니다. 가장 흔한 원인은 모콘과 인코더 사이에 있는 느슨한 커넥터나 손상된 케이블 때문입니다. 케이블과 연결을 확인하십시오. 문제가 지속되면 모터를 확인하십시오.
CHC-Mill,215.0000,215,0000,FREE MEMORY PTR CHANGED,Indicates amount of memory used by programs counted in system disagrees with variable that points to free memory. Possible processor board problem.,여유 메모리 PTR 변경됨,시스템에서 계산된 프로그램에 의해 사용되는 메모리 양이 여유 메모리를 가리키는 변수와 일치하지 않음을 나타냅니다. 예상 가능한 프로세서 보드 문제.
NGC,695.0000,695,0000,ATC DOUBLE-ARM CYLINDER TIME-OUT,The ATC double–arm did not completely extend or retract in the time permitted.  – Make sure incoming air pressure and flow to the machine is set to Haas specifications. Make sure the tool does not weigh too much. Check for proper spindle orientation. Remove chips and swarf from the machine. Check for mechanical binding. Use Tool Changer Restore to recover ATC. Continue normal operation. ,ATC 더블 암 실린더 타임아웃,ATC 더블 암이 허용된 시간에 완전히 연장 또는 후퇴하지 않았습니다. - 기계에 유입되는 공기가 Haas 규격에 맞게 설정되었는지 확인하십시오. 공구가 너무 무거운 것은 아닌지 확인해보십시오. 적절한 스핀들 오리엔테이션인지 확인해보십시오. 기계에서 칩과 파편을 제거하십시오. 기계적 결속이 있는지 확인하십시오 공구 교환장치 복구를 사용하여 ATC를 복구하십시오. 일반 작동을 계속하십시오.
CHC-Mill,493.0000,493,0000,REMOVABLE MEDIA DISCONNECTED,The removable media (such as USB or network) was disconnected during FNC operation.,제거 가능한 미디어 연결 끊김,제거 가능한 미디어(USB와 네트워크 같은)는 FNC 작동 중에 연결이 끝겨 있습니다.
NGC,395.0000,395,0000,NO G107 ROTARY AXIS SPECIFIED,  The program contains a G107 command that does not include both a linear and rotary axis. G107 requires that both a linear and a rotary axis be defined in order to translate the programmed linear motion into the equivalent rotary motion. Edit the program to include the missing axis definitions in the G107 block.  Example Code with Error The G107 block does not define a rotary axis.   Example Corrected Code This code includes an A0. to define a rotary axis and correct the alarm.      ,G107 회전축이 지정되지 않음,  프로그램에는 선형축과 회전축이 모두 포함되지 않는 G107 명령이 포함되어 있습니다. G107은 프로그램된 선형 운동을 동등한 회전 운동으로 변환하기 위해 선형 축과 회전축을 모두 정의해야 합니다. G107 블록에 누락된 축 정의를 포함하도록 프로그램을 편집합니다. 오류를 가진 코드의 예: G107 블록은 회전축을 정의하지 않습니다. 수정된 코드의 예: 이 코드에는 회전 축을 정의하고 경보를 수정하는 A0이 포함됩니다.
CHC-Lathe,647.0000,647,0000,REGEN LOAD SHORTED,"A shorted Regen load condition was detected. This is caused by shorted cables on the regen load or shorted regen load elements. Check the connections, cables and resistance of your regen load. Cycle Power to Continue",회생 로딩이 짧아짐,"짧아진 회생(Regen) 부하 조건이 감지되었습니다. 이것은 회생 로딩 중인 짧아진 케이블 또는 짧아진 회생 로딩 요소가 원인입니다. 회생 로딩의 연결, 케이블 및 저항을 확인하십시오. 전원을 껐다 켰다하여 계속하십시오."
NGC,9100.023,9100,023,NON RESETTABLE SOFTWARE ERROR,"Power cycle the machine. If the alarm persists, with the alarm on the screen insert a USB device and press [SHIFT] and the [F3] button to generate an error report. The error report will be saved to the USB device, e-mail the error report file to your local Haas Factory Outlet for further review.",리셋 가능한 소프트웨어 오류 없음,기계의 전원을 껐다 켰다 해주십시오. 경보가 지속되면 화면의 경보가 있는 상태에서 USB 장치를 삽입하고 [SHIFT] 및 [F3] 버튼을 눌러 오류 보고서를 생성하십시오. 오류 보고서는 USB 장치에 저장됩니다. 추가 검토를 위해 오류 보고서 파일을 귀하의 현지 Haas 직영 창고 매장으로 이메일로 보내십시오.
CHC-Mill,829.0000,829,0000,Y AXIS SERIAL DATA COMMUNICATION FAULT," Check that the cable from the mocon to the indicated axis encoder is undamaged and securely connected. A serial communications fault has occurred between the indicated encoder and the mocon. This is most commonly due to a loose connector or a bad cable between the mocon and the encoder. Check the cable and connections. If the problem persists, check the motor.",Y축 시리얼 데이터 통신 고장, Mocon에서 축 인코더로 연결된 케이블이 손상되지 않았는지와 확실하게 연결되었는지 확인하십시오. 시리얼 통신 고장이 표시된 인코더 및 모콘 사이에서 발생했습니다. 가장 흔한 원인은 모콘과 인코더 사이에 있는 느슨한 커넥터나 손상된 케이블 때문입니다. 케이블과 연결을 확인하십시오. 문제가 지속되면 모터를 확인하십시오.
NGC,902.0000,902,0000,PARAMETERS HAVE BEEN LOADED,Parameters have been loaded.,파라미터가 로드됨,파라미터가 로드되었습니다.
NGC,9957.0000,9957,0000,INVALID CONFIGURATION FILE DATA,"The data in the configuration file is invalid, missing or corrupt.  Verify that the format of the files are correct, all configuration items are accounted for, and that the values are of the correct type. Reload the configuration files. ",잘못된 구성 파일 데이터,"구성 파일의 데이터가 잘못되었거나 누락되었거나 손상되었습니다. 파일 형식이 올바르고, 모든 구성 항목이 설명되며, 값이 올바른 유형의 것인지 확인합니다. 구성 파일을 다시 로드하십시오."
CHC-Lathe,794.0000,794,0000,TT (Live Tooling) AXIS ZERO RETURN MARGIN IS TOO SMALL,Not Used.,TT(라이브 툴링) 축 영점 복귀 마진이 너무 적음,사용하지 않습니다.
CHC-Lathe,220.0000,220,0000,A PHASING ERROR,An error occurred during the phasing initialization of the tool turret motor.,페이징 오류,공구 터렛 모터의 페이징 초기화 동안에 오류가 발생하였습니다.
NGC,9860.0000,9860,0000,ANALOG GP12 OVER LIMIT,General Purpose Analog input has exceeded the limit specified by the I/O Configuration file. ,아날로그 GP12 한계 초과,일반 목적 아날로그 입력이 I/O 구성 파일이 지정한 한계를 초과했습니다.
CHC-Lathe,333.0000,333,0000,X AXIS DISABLED,Parameter has disabled this axis.,X축 비활성화됨,파라미터가 이 축을 비활성화 하였습니다.
NGC,9100.021,9100,021,NON RESETTABLE SOFTWARE ERROR,"Insert a USB device and then press [Shift] + [F3] to generate an error report.  E-mail this error report to your HFO.  To recover press the [RESET] button first to clear alarms. If necessary, cycle power on the machine.",리셋 가능한 소프트웨어 오류 없음,USB 장치를 삽입하고 [Shift] + [F3]를 눌러 오류 리포트를 생성합니다. 이 오류 보고서를 Haas 직영 창고 매장에 이메일로 보냅니다. 복구하려면 [RESET] 버튼을 먼저 눌러 경보를 삭제하십시오. 필요한 경우 기계의 전원을 껐다 켜십시오.
NGC,880.0000,880,0000,UNDER–VOLTAGE ON 160V DC BUS,An under–voltage condition has been sensed.,160V DC 버스에서 전압 부족,전압 부족 상태가 감지되었습니다.
CHC-Mill,193.0000,193,0000,B–AXIS DRIVE FAULT,"General Alarm: A fault was reported by the B–axis servo drive. The servos have been turned off. There will be a secondary alarm which will display more specific information, with repair details. – Investigate any secondary alarms.",B축 드라이브 고장,일반 경보: B축 서보 드라이브에 의해 오류가 보고되었습니다. 서보가 꺼져 있었습니다. 수리 세부 사항과 더불어 더 구체적인 정보를 표시하는 2차 경보가 있을 것입니다. - 모든 2차 경보를 조사하십시오.
NGC,248.0000,248,0000,NUMBER RANGE ERROR,"  A WHILE-DO-END statement used an invalid number for the DO-END loop. Macros allow flexibility with the WHILE-DO-END construct. For example: WHILE [&lt;conditional expression&gt;] DOn ; &lt;statements&gt;; ENDn; This executes the statements between DOn and ENDn as long as the conditional expression evaluates to True. If the expression evaluates to False, then the control next executes the block after ENDn. Look for errors like these in your program:  The n value that you use with DOn and ENDn can be only 1, 2, or 3. The n value that you use with DOn and ENDn must be the same for both DOn and ENDn.     Example Code with Error     DO0 and END0 are invalid codes. Edit the program to use DO1, DO2, or DO3 and END1, END2, or END3.     Example Corrected Code    The program now uses DO1 and END1.    ",번호 범위 오류,"  WHILE-DO-END 구성문에서 DO-END 루프에 대해 잘못된 번호를 적용했습니다. 매크로는 WHILE-DO-END 구성문을 통해 유연성을 제공합니다. 예시: WHILE [&lt;conditional expression&gt;] DOn ; &lt;statements&gt;; ENDn; 이것은 조건식이 True로 평가되는 한 DOn과 ENDn 사이의 문장들을 실행합니다. 표현식이 False로 평가될 경우 그 다음에 제어는 ENDn 이후의 블록을 다음으로 실행합니다. 프로그램에서 이와 같은 오류를 찾으십시오. DOn 및 ENDn과 함께 사용하는 n 값은 단지 1, 2 또는 3일 수 있습니다. DOn 및 ENDn과 함께 사용하는 n값은 DOn 및 ENDn 모두에 대해 동일해야 합니다. 오류를 가진 코드의 예로서, DO0 및 END0는 잘못된 코드입니다. 프로그램을 편집하여 DO1, DO2, 또는 DO3 그리고 END1, END2, 또는 END3를 사용하십시오. 수정된 코드 사례로서 프로그램은 이제 DO1 및 END1를 사용합니다."
CHC-Mill,346.0000,346,0000,M CODE DISABLED,"M80 or M81 was commanded. These commands are allowed only for the Auto Door feature with Setting 51 Door Hold Override set to ON, parameter 57 Safety Circ disabled (0), and Parameter 57 Door Stop SP disabled (0). An M17 or M18 was commanded in program restart. These commands are illegal in program restart.",M코드가 비활성화됨,M80 또는r M81 명령이 내려졌습니다. 이 명령은 설정 51 도어 홀드 오버라이드가 ON으로 설정되고 파라미터 57 안전 순환이 비활성화되고(0) 파라미터 57 도어 스톱 SP가 비활성화된(0) 자동 도어 기능에만 허용됩니다. 프로그램 재시작 시 M17 또는 M18이 명령되었습니다. 이 명령은 프로그램 재시작에 위법입니다.
NGC,548.0000,548,0000,DOOR M CODES NOT ALLOWED,"M80, M180/M181 (mill) and M85 (lathe) are not permitted except when used with the Cell Safe signal which must be present in robot tended installations. In non-robot tended operations M00 and M01 will open the door when setting 131 Autodoor is set to ON.  ",도어 M코드는 허용되지 않음,"M80(밀) 및 M85(잠금)는 허용되지 않으며, 단 제외되는 경우는 로봇 작동 설치 시 반드시 존재해야 하는 Cell Safe 신호와 함께 사용할 때입니다. 비로봇 경향 작동에서 131 자동문을 ON으로 설정하면 M00과 M01이 도어를 엽니다."
NGC,9941.0000,9941,0000,CRASH DETECTED,A crash or potential crash has been detected by the accelerometer. Jog away from the collision. Check tool paths in the program. Inspect for physical damage. ,충돌 감지됨,가속도계에서 충돌 또는 잠재적 충돌이 감지되었습니다. 충돌에서 멀리 떨어지십시오. 프로그램에서 공구 경로를 점검하십시오. 물리적 손상이 있는지 검사하십시오.
NGC,2040.0000,2040,0000,VECTOR DRIVE OR SPINDLE AMPLIFIER–SHORT CIRCUIT,A short–circuit has been sensed.,벡터 드라이브 또는 스핀들 증폭기 단락,단락이 감지되었습니다.
CHC-Lathe,146.0000,146,0000,Y LIMIT SWITCH," Live Tooling hit limit switch or switch disconnected. Home switch input changed state while machine was in use. Stored stroke limits should stop slides before they hit the limit switches. Verify the value of Parameter 126, Grid Offset, and check the wiring to the limit switch. Can also be caused by a loose encoder shaft at the back of the motor or coupling of motor to the screw. Y limit switch may need replacement.",Y 리미트 스위치(Y LIMIT SWITCH)," 라이브 툴링이 리미트 스위치에 도달했거나 또는 스위치 연결이 끊겼습니다. 기계 사용 중에 원점 스위치 입력이 상태를 변경하였습니다. 저장된 스트로크 제한은 리미트 스위치에 도달하기 전에 슬라이드를 중지해야 합니다. 파라미터 126, 그리드 오프셋 값을 확인하고 리미트 스위치에 연결된 배선을 확인합니다. 모터 뒤쪽의 인코더 샤프트가 느슨하거나 나사에 커플링된 모터도 원인일 수 있습니다. Y 리미트 스위치의 교체가 필요할 지 모릅니다."
NGC,9100.018,9100,018,NON RESETTABLE SOFTWARE ERROR,"Power cycle the machine. If the alarm persists, with the alarm on the screen insert a USB device and press [SHIFT] and the [F3] button to generate an error report. The error report will be saved to the USB device, e-mail the error report file to your local Haas Factory Outlet for further review.",리셋 가능한 소프트웨어 오류 없음,기계의 전원을 껐다 켰다 해주십시오. 경보가 지속되면 화면의 경보가 있는 상태에서 USB 장치를 삽입하고 [SHIFT] 및 [F3] 버튼을 눌러 오류 보고서를 생성하십시오. 오류 보고서는 USB 장치에 저장됩니다. 추가 검토를 위해 오류 보고서 파일을 귀하의 현지 Haas 직영 창고 매장으로 이메일로 보내십시오.
NGC,9100.017,9100,017,NON RESETTABLE SOFTWARE ERROR,"Power cycle the machine. If the alarm persists, with the alarm on the screen insert a USB device and press [SHIFT] and the [F3] button to generate an error report. The error report will be saved to the USB device, e-mail the error report file to your local Haas Factory Outlet for further review.",리셋 가능한 소프트웨어 오류 없음,기계의 전원을 껐다 켰다 해주십시오. 경보가 지속되면 화면의 경보가 있는 상태에서 USB 장치를 삽입하고 [SHIFT] 및 [F3] 버튼을 눌러 오류 보고서를 생성하십시오. 오류 보고서는 USB 장치에 저장됩니다. 추가 검토를 위해 오류 보고서 파일을 귀하의 현지 Haas 직영 창고 매장으로 이메일로 보내십시오.
CHC-Lathe,721.0000,721,0000,U–AXIS MOTOR OVERHEAT,The U–axis motor has overheated. – Allow the motor to cool. Reduce the load on the motor.,U축 모터 과열,U축 모터가 과열되었습니다. -모터가 냉각되도록 하십시오. 모터의 부하를 줄이십시오.
NGC,20007.0000,20007,0000,Spindle Fan Notification,This is an information message. The frequency of this message will be used for debugging purposes. Inspect the spindle fan when commanded to run.,스핀들 팬 알림,이것은 정보 메시지입니다. 이 메시지의 빈도는 디버깅 목적으로 사용됩니다. 실행 명령이 떨어지면 스핀들 팬을 검사하십시오.
CHC-Mill,694.0000,694,0000,TOOL-CHANGER SWITCH FAULT,"A conflicting switch state has been sensed. Use Tool–Changer RESTORE to recover the ATC, then resume normal operation.   ",공구 교환장치 스위치 고장,"충돌하는 스위치 상태가 감지되었습니다. 공구 교환장치 복구를 사용하여 ATC를 복구하고, 일반 작동을 다시 시작하십시오."
CHC-Mill,330.0000,330,0000,UNDEFINED MACRO CALL,"A macro called a program number not in memory, or a macro variable was accessed by user program but that macro program is not loaded into memory. Check your program.",정의되지 않는 매크로 호출,매크로는 메모리에 있지 않은 프로그램 번호를 호출하거나 매크로 변수가 사용자 프로그램에 의해 접근되었지만 매크로 프로그램은 메모리에 로드되지 않습니다. 프로그램을 확인하십시오.
CHC-Mill,249.0000,249,0000,PROG DATA BEGINS ODD,"Possible corrupt program. Save all programs to disk, delete all, then reload.",프로그램 데이터 시작,"예상 가능한 손상된 프로그램. 모든 프로그램을 디스크에 저장하고, 모두 삭제하고, 그 다음에 다시 로딩하십시오."
NGC,792.0000,792,0000,MOCON2 WATCHDOG FAULT,A MOCON selftest has failed.,MOCON2 감시장치 고장,MOCON 자체 테스트가 안되었습니다.
CHC-Mill,321.0000,321,0000,AUTO OFF ALARM,Occurs in debug mode only.,경보 자동 끄기,디버그 모드인 경우에만 발생합니다.
NGC,936.0000,936,0000,IPS CRC ERROR,IPS variables lost by low battery. Check for a low battery and low battery alarm.,IPS CRC 오류,낮은 배터리 잔량으로 IPS 변수가 소실되었습니다. 배터리 잔량이 낮은지 그리고 배터리 알람을 확인합니다.
CHC-Mill,434.0000,434,0000,FILE LOAD INSUFFICIENT MEMORY,"Program loading into memory does not fit in available space. Check space available in the LIST PROG mode, download and delete some programs to free memory space.",파일 로딩에 불충분한 메모리,메모리에 로딩되는 프로그램이 사용 가능한 공간에 맞지 않습니다. LIST PROG 모드에서 사용 가능한 공간을 확인하고 여유 메모리 공간에 가는 일부 프로그램을 다운로하고 지우십시오.
CHC-Lathe,437.0000,437,0000,TAILSTOCK UNDERSHOOT, The tailstock did not reach its intended destination point. Check the value of parameter 293 or check Setting 107 compare it to the actual position of the B axis.,심압대 도달하지 못함, 심압대가 의도한 목표 지점에 도달하지 못했습니다. 파라미터 293의 값을 확인하거나 또는 설정 107을 확인하고 그것을 B축의 실제 위치와 비교하십시오.
CHC-Mill,621.0000,621,0000,C AXIS OVER TRAVEL RANGE,The C–axis was commanded to move farther than travel limits allow. Reset the machine. Check your program for errors. Check for improper Work Offsets.,C축의 이동거리 범위,C축에 대해 이동거리 제한이 허용하는 것보다 더 멀리 이동하라는 명령이 내려졌습니다. 기계를 리셋합니다. 프로그램에 오류가 있는지 확인하십시오. 부적절한 워크 오프셋을 확인하십시오.
NGC,9156.062,9156,062,ROBOT COMMAND FAILED SRVO-062 BZAL alarm,The batteries in the robot arm have died. Replace them and Quick Master the robot.,로봇 명령 실패 SRVO-062 BZAL 알람,로봇 암의 배터리가 수명이 다했습니다. 배터리를 교체하시고 로봇을 퀵 마스터 하십시오.
CHC-Mill,120.0000,120,0000,LOW AIR PRESSURE OR FLOW,"The compressed air supplied to the machine is below the minimum pressure or flow required. Check the volume and flow capacity of your air source. You may have enough pressure but not enough flow to complete a tool change or other air driven function.

Probable Causes:
 The air pressure or air flow is too low.  
 An analog sensor or cable has a short-circuit.  
",공기 압력 또는 흐름 낮음,"기계에 공급된 압축된 공기 압력과 유동이 최소 요구치 보다 낮습니다. 공기 공급원의 체적 및 유동 용량을 확인하십시오. 사용자는 충분한 압력을 가지고 있을 수 있으나 공구 교환 또는 기타 공기 추진 기능을 완수하기에는 충분한 유동을 갖지 못할 수도 있습니다. 가능한 원인:
 공기 압력 또는 공기 유동이 지나치게 낮습니다. 아날로그 센서 또는 케이블에 단락이 있습니다.
"
NGC,9867.0000,9867,0000,ANALOG GP19 OVER LIMIT,General Purpose Analog input has exceeded the limit specified by the I/O Configuration file. ,아날로그 GP19 한계 초과,일반 목적 아날로그 입력이 I/O 구성 파일이 지정한 한계를 초과했습니다.
NGC,9156.0000,9156,0000,ROBOT_COMMAND_FAILURE,Failed to successfully execute a robot command. Verify the robot connection is active and stable. Verify robot is in Ready state with no alarms.,로봇_명령_오류,로봇 명령을 성공적으로 실행하지 못했습니다. 로봇 연결이 활성화되어 있고 안정적인지 점검하십시오. 로봇이 경보 없이 준비 상태인지 확인하십시오.
NGC,2074.0000,2074,0000,UNUSED,,미사용,
NGC,993.0000,993,0000,AMPLIFIER SHORT CIRCUIT,An amplifier short has been reported on the specified axis. This can be caused by any of the motor leads being shorted together or shorted to the 320V return.  – A preceding alarm will indicate the axis which has a short circuit. ,단락,단락이 감지되었습니다. - 선행 경보가 단락이 있는 축을 표시합니다.
CHC-Lathe,446.0000,446,0000,SERVO BAR BAR TOO LONG," Bar that was just loaded is longer than Length of Longest Bar as displayed on Servobar current commands page. The system was unable to accurately measure it. Remove the loaded bar and measure its length. In Current Commands, page up to the Servo Bar System Variables. Make sure variable 3109 Length of Longest Bar has a value which is longer than the length of the bar.",서보 환봉 환봉이 너무 김, 적재된 환봉이 서보 환봉 현재 명령 페이지에 표시된 것처럼 가장 긴 환봉의 길이보다 깁니다. 시스템이 정확하게 그것을 측정할 수 없습니다. 적재된 환봉을 제거하고 그 환봉의 길이를 측정하십시오. ‘현재의 명령’에서 ‘서보 환봉 시스템 변수’까지 페이지의 위부분으로 가십시오. 변수 3109 가장 긴 환봉의 길이가 환봉의 길이보다 길다는 것을 확인하십시오.
NGC,291.0000,291,0000,LOW AIR VOLUME PRESSURE DURING ATC,"An Automatic Tool Change was not completed due to insufficient volume or pressure of compressed air. Check air supply line.   After you have recovered from the low air pressure,  reset the alarms and press [RECOVER] and go through the sequence to recover the tool changer. ",ATC 중 낮은 공기 체적/압력,자동 공구 교환이 불충분한 공기의 체적과 압력으로 인하여 완료되지 못했습니다. 공기 공급 라인을 확인하십시오. 낮은 기압에서 복구된 후 경보를 리셋하고 [RECOVER]를 누르고 공구 교환장치를 복구하는 시퀀스를 진행하십시오.
NGC,523.0000,523,0000,CONDITIONAL REQUIRED PRIOR TO THEN,A THEN was encountered and a conditional statement was not processed in the same block. Check macro formatting.  ,이면(THEN)에 앞선 조건이 요구됨 ,이면(THEN)은 발생하고 조건문은 같은 블록에서 처리되지 않습니다. 매크로 형식을 확인하십시오.
CHC-Mill,233.0000,233,0000,JOG HANDLE CABLE FAULT,Cable from jog handle encoder does not have valid differential signals.,조그 핸들 케이블 고장,조그 핸들 인코더의 케이블에는 유효한 차별적 신호가 없습니다.
CHC-Mill,425.0000,425,0000,Z–AXIS SECONDARY ENCODER POSITION MISMATCH,The Position reported by the secondary encoder does not match the position reported by the primary encoder. This alarm cannot be reset. – Turn the machine off and back on.,Z축 2차 인코더 위치 불일치,2차 인코더에 의해 보고된 위치는 1차 인코더에 의해 보고된 위치와 맞지 않습니다. 이 경보는 리셋할 수 없습니다. -기계를 끄고 다시 켜십시오.
NGC,627.0000,627,0000,ATC ARM MOTION TIMEOUT,"The tool arm failed to move within the time allowed by Parameters.  - Check for something interfering with the tool change.  If found, correct it and then use tool-changer RECOVERY.  Check for tools with the wrong pull-stud or incorrectly loaded tools. Remove the tool from the spindle and reload it. ",ATC 암 동작 타임아웃,공구 암이 파라미터에 의해 허용된 시간 내에 이동하지 못했습니다. - 공구 교환을 방해하는 것이 있는지 확인하십시오. 만일 방해물이 있으면 수정하고 공구 교환장치 복구를 사용하십시오. 공구에 잘못된 풀 스터드가 있거나 잘못 적재된 공구가 있는지 확인하십시오. 스핀들에서 공구를 제거하고 다시 적재하십시오.
NGC,9140.0000,9140,0000,PULSEJET OIL LEVEL LOW,The oil level in the Pulsejetoil reservoir is low. Please refill the Pulsejet oil reservoir. Run the Pulsejet purge cycle if the Pulsejet oil reservoir was run dry. ,펄스젯 오일 레벨 낮음,펄스젯 오일 탱크의 오일 레벨이 낮습니다. 펄스젯 오일 탱크를 다시 채우십시오. 펄스젯 오일 탱크가 마르면 펄스젯 제거 사이클을 실행하십시오.
NGC,839.0000,839,0000,SS AXIS SERIAL DATA COMMUNICATION FAULT,"Check that the cable from the mocon to the indicated axis encoder is undamaged and securely connected. A serial communications fault has occurred between the indicated encoder and the mocon. This is most commonly due to a loose connector or a bad cable between the mocon and the encoder. Check the cable and connections. If the problem persists, check the motor.",SS축 시리얼 데이터 통신 고장,모콘에서 표시된 축 인코더와 연결된 케이블이 손상되지 않았는지와 확실하게 연결되었는지 확인하십시오. 시리얼 통신 고장이 표시된 인코더 및 모콘 사이에서 발생했습니다. 가장 흔한 원인은 모콘과 인코더 사이에 있는 느슨한 커넥터나 손상된 케이블 때문입니다. 케이블과 연결을 확인하십시오. 문제가 지속되면 모터를 확인하십시오.
NGC,9851.0000,9851,0000,ANALOG GP3 OVER LIMIT,General Purpose Analog input has exceeded the limit specified by the I/O Configuration file. ,아날로그 GP3 한계 초과,일반 목적 아날로그 입력이 I/O 구성 파일이 지정한 한계를 초과했습니다.
CHC-Lathe,187.0000,187,0000,B AXIS SERVO ERROR TOO LARGE,The tailstock cannot move to the commanded position. This can be caused by chips blocking the tailstock motion. Remove chips from the machine. Check your program for errors.,B축 서보 오류 과도함,심압대가 명령된 위치로 이동할 수 없습니다. 이것은 칩이 심압대 동작을 막고 있음으로써 일어날 수 있습니다. 기계에서 칩을 제거하십시오. 프로그램에 오류가 있는지 확인하십시오.
NGC,2081.0000,2081,0000,LOW TOOL AIR BLAST PRESSURE,The TAB (Tool Air Blast) air pressure fell below the machine specified PSI and duration. ,낮은 공구 공기 분사장치 압력,TAB(공구 공기 분사장치) 공기압이 기계에 지정된 PSI 및 기간 아래로 떨어졌습니다.
CHC-Mill,240.0000,240,0000,EMPTY PROG OR NO EOB,"DNC program not found or no end of program found. Program structure isn't correct, there needs to be a % at the beginning or end of file. The program must have a program number beginning with the letter ""O"". Possible electrical noise effecting data transfer.",빈 프로그램 또는 EOB 없음,"DNC 프로그램이 발견되지 않았거나 프로그램의 끝이 발견되지 않았습니다. 프로그램 구조가 정확하지 않으며, 파일의 시작이나 끝에 %가 있어야 합니다. 프로그램은 “O” 글자로 시작하는 프로그램 번호를 가져야 합니다. 예상 가능한 전기 노이즈가 데이터 전송에 영향을 줍니다."
NGC,2033.0000,2033,0000,D AXIS SERVO ERROR TOO LARGE,"The D axis cannot move to the commanded position. This can be caused by chips on the tool or toolholder, too much tool pressure, dull tools, or a machine crash. Clean chips from the machine. Check your program for errors and correct speeds and feeds. Check for chips on tools and toolholders. Check for dull tools. Check for a machine crash.",D축 서보 오류가 너무 큼,"D축이 명령된 위치로 이동할 수 없습니다. 이는 공구 또는 공구 홀더의 칩, 지나치게 높은 공구 압력, 무뎌진 공구 또는 기계 충돌로 인해 발생할 수 있습니다. 기계에서 칩을 깨끗이 제거하십시오. 프로그램에 오류가 있는지 확인하고 속도와 이송을 수정하십시오. 공구 및 공구 홀더에 칩이 있는지 확인하십시오. 무뎌진 공구가 있는지 확인하십시오. 기계 충돌이 있는지 확인하십시오."
NGC,1.333,1,333,X-AXIS DISABLED,The program commanded motion for an axis that is not installed in the machine. Edit the program to remove the commands for the disabled axis.,X축 비활성화됨,프로그램이 기계에 설치되지 않은 축에 대하여 동작을 명령하였습니다. 프로그램을 편집하여 비활성화된 축에 대한 명령을 제거하십시오.
NGC,9950.0000,9950,0000,SOFTWARE DETECTED SECONDARY ENCODER FAULT,"Cycle power on the machine. 
	
Alarm is obsolete 

New alarm for encoder faults updated in software. Update to latest version 100.21.000.1130 or Higher",소프트웨어 2차 인코더 고장 감지함,기계의 전원을 껐다 켜 주십시오.
NGC,9964.0000,9964,0000,MAIN SPINDLE CHUCK UNCLAMPED, The main spindle chuck was unclamped when the system expected it to be clamped. Press the chuck foot pedal or command M10 in your program to continue operation. ,메인 스핀들 척 클램핑되지 않음, 메인 스핀들 척이 시스템이 클램핑되어야 할 때 클램핑되지 않았습니다. 척 풋 페달을 누르거나 프로그램의 M10을 명령해서 작동을 계속하십시오.
CHC-Mill,170.0000,170,0000,AXIS NEEDS MOCON2,A MOCON2 Board was not sensed as expected.,축은 MOCON2가 필요함,MOCON2 보드가 예상되로 감지되지 않았습니다.
NGC,9803.0000,9803,0000,120VAC GROUND FAULT, A ground fault condition was detected by the power card and IOPCB on the 120VAC system.    Check all 120V outputs for possible shorts to earth ground. ,120VAC 접지 고장, 접지 고장 상태가 파워 카드와 120VAC의 IOPCB에 의해 감지되었습니다. 모든 120V가 접지에 단락이 되었는지 확인하십시오.
NGC,557.0000,557,0000,TSC LOW AIR PRESSURE,Check that the source pressure is a minimum of 100 psi and ensure the machine regulator is set to 90 psi.  Ensure sufficient air volume is available. ,TSC 공기 압력 부족,소스 압력이 최소 100 psi인지 확인하고 기계 조절기가 90 psi로 설정되어 있는지 확인하십시오. 충분한 공기양을 이용 가능한지 확인하십시오.
NGC,9894.0000,9894,0000,VD REGEN VAC INPUT LOW,"The VAC input to the Vector Drive / Regen board is low. Please check the 240V input to the Vector Drive Board.  Power cycle the machine. If the alarm persists, with the alarm on the screen insert a USB device and press [SHIFT] and the [F3] button to generate an error report.  The error report will be saved to the USB device, e-mail the error report file to your local Haas Factory Outlet for further review.",VD 회생 VAC 입력 낮음,VAC의 벡터 드라이브에 대한 입력 / 회생 보드가 낮음. 벡터 드라이브 보드에 대해 240V가 입력되는지 확인하십시오. 기계의 전원을 껐다 켰다 해주십시오. 경보가 지속되면 화면의 경보가 있는 상태에서 USB 장치를 삽입하고 [SHIFT] 및 [F3] 버튼을 눌러 오류 보고서를 생성하십시오. 오류 보고서는 USB 장치에 저장됩니다. 추가 검토를 위해 오류 보고서 파일을 귀하의 현지 Haas 직영 창고 매장으로 이메일로 보내십시오.
CHC-Mill,355.0000,355,0000,AUX AXIS POSITION MISMATCH,Mismatch between machine and aux axis position. Check aux axes and interfaces. Make sure no manual inputs occur to aux axes.,보조 축 위치 불일치,기계와 보조 축 위치가 서로 일치하지 않음 보조 축과 인터페이스를 확인하십시오. 수동 입력이 보조 축에 없었는지 확인하십시오.
CHC-Mill,242.0000,242,0000,NUMBER FORMAT ERROR WHILE LOADING A PROGRAM,Check input file for an improperly formatted number. Number may have too many digits or multiple decimal points. The erroneous data will be placed on the MESSAGES display as a comment with trailing question mark.,프로그램 로딩 중 숫자 형식 오류,입력 파일이 부적절한 형식의 번호인지 확인하십시오. 번호에 너무 많은 숫자가 있거나 여러 개의 소수점이 표시되었는지 모릅니다. 잘못된 데이터는 후행 물음표가 있는 주석으로서 메시지 디스플레이에 위치합니다.
CHC-Lathe,189.0000,189,0000,B-AXIS MOTOR OVERHEAT,Servo motor overheat. The motor's temperature sensor indicates over 150F. This can be caused by an extended overload of the motor; such as leaving the slide at the stops for several minutes.,B축 모터 과열,"서보 모터 과열. 모터의 온도 센서가 150℉를 초과하였음을 나타냅니다. 이것은 예를 들어, 슬라이드를 몇 분 동안 정지 위치에 그대로 두는 것과 같은 모터의 늘어난 과부하가 원인일 수 있습니다."
NGC,970.0000,970,0000,NO AXIS COMMANDED IN FEED CODE,"This is a software error. Check program, reset, and continue.",이송 코드에 명령이 없는 축,이것은 소프트웨어 오류입니다. 프로그램을 확인하고 리셋하고 계속 진행하십시오.
CHC-Lathe,455.0000,455,0000,G112 ENDS WITHOUT CANCEL CUTTER COMPENSATION,An X/Y cutter compensation exit move (G40) is required before a G113 is issued to cancel the G112 function. Use G40 and an X or Y move to cancel cutter compensation before the G113 line.,G112는 컷터 보정 취소 없이 종료,X/Y 컷터 보정 출구 이동(G40)이 G113가 발생되어 G112 기능을 취소하기 전에 요구됩니다. G40 및 X 또는 Y 이동을 적용하여 G113 라인 이전에 컷터 보정을 취소하도록 합니다.
CHC-Mill,709.0000,709,0000,J-AXIS POSITION ERROR,"The Jaxis cannot move to the commanded position.  Check your program for errors. Check for the axis running into a mechanical stop. Push the RESET button to clear the alarm and to turn on the servomotors. Continue normal operation. If the error continues, contact your local Haas Factory Outlet.",J축 위치 오류,J축이 명령된 위치로 이동할 수 없습니다. 프로그램에 오류가 있는지 확인하십시오. 축이 기계의 멈춤장치와 충돌했는지 확인하십시오. RESET(리셋) 버튼을 눌러 경보를 삭제하고 서보 모터를 켜십시오. 일반 작동을 계속하십시오. 오류가 지속되면 지역의 Haas 직영 창고 매장에 연락하십시오.
CHC-Mill,109.0000,109,0000,Y AXIS SERVO OVERLOAD,This can occur if the load on the motor is over 100% for a period of several seconds or even minutes. Reduce load on the axis by adjusting the feeds and speeds. Check for dull or broken tools.,Y축 서보 과부하,이것은 모터의 부하가 몇 초 또는 심지어 몇 분 동안 100%를 초과하는 경우 발생할 수 있습니다. 이송 및 속도를 조정하여 축에 걸리는 부하를 줄이십시오. 무뎌졌거나 부서진 공구를 확인하십시오.
CHC-Lathe,428.0000,428,0000,SERVO BAR SWITCH FAILURE,One of the switches controlling the Servobar failed.,서보 환봉 스위치 고장,서보 환봉을 제어하는 스위치 중 하나가 고장났습니다.
NGC,1.316,1,316,X-Axis Over Travel Range,"An axis was commanded to move outside of its travel limit.

Use this list to help resolve the alarm:

Make sure that the work offsets are correct.
Check the G52 and G92 offsets.
G52 and G92 offsets are used to shift all other work offsets. For most applications, these offsets should be zero.
If user-defined travel limits are active, make sure that the programmed coordinates are within the defined limits.
Make sure that your Tool Offsets are correct.
Check your program for errors.
Mills: Make sure that G90 or G91 is correctly selected.
Make sure that the program calls the correct work offset.
Make sure that the programmed axis coordinates are correct.",X축의 이동거리 범위,축에 이동 거리 한계 바깥으로 이동하라는 명령이 내려졌습니다. 경보를 해결하는데 도움이 되는 목록을 사용하십시오. 워크 오프셋이 올바른지 확인하십시오. G52 및 G92 오프셋을 확인하십시오. G52 및 G92 오프셋이 모든 기타 워크 오프셋을 변경하는데 사용됩니다. 대부분의 응용장치에서 이 오프셋은 0이 되어야 합니다. 사용자 정의 이동거리 한계가 활성화되었으면 프로그래밍된 좌표가 정의된 한계 내에 있는지 확인하십시오. 툴 오프셋이 정확한지 확인하십시오. 프로그램에 오류가 있는지 확인하십시오. 밀: G90 또는 G91이 정확하게 선택되었는지 확인하십시오. 프로그램이 정확한 워크 오프셋을 호출했는지 확인하십시오. 프로그래밍된 축 좌표가 정확한지 확인하십시오.
CHC-Lathe,744.0000,744,0000,SP–AXIS ZERO CHANNEL MISSING,An encoder signal integrity error was sensed. The encoder position data may be unreliable. All servos are turned off. – Reset the alarms and zero return the axis.,SP축 영점 채널 누락,인코더 신호 무결성 오류가 감지되었습니다. 인코더 위치 데이터가 신뢰성이 없는 것일 수도 있습니다. 모든 서보가 꺼져 있습니다. – 경보를 리셋하고 축을 영점 복귀시키십시오.
NGC,223.0000,223,0000,DOOR LOCK FAILURE,"The door opened when it was commanded to be locked. This can occur if the door was not fully closed when the lock engaged. Press [RESET], close the door and continue operation.  ",도어 잠금 장애,"잠겨 있도록 명령을 받은 문이 열렸습니다. 이것은 자물쇠가 개입할 때 도어가 완전히 닫히지 않은 것이 원인일 수 있습니다. [RESET]을 누르고, 문을 닫은후 작업을 계속하십시오."
CHC-Lathe,800.0000,800,0000,P AND Q EXCEEDED MEMORY,"Too many blocks were placed between the P and Q blocks for the G71, G72 or G73. Reduce the amount to correct.",P 및 Q 초과된 메모리,"G71, G72 또는 G73의 P 및 Q의 블록 사이에 너무 많은 블록이 놓여 있습니다. 정확한 양으로 줄이십시오."
NGC,153.0000,153,0000,AXIS ZERO CHANNEL MISSING,All servos have been turned off due to a missing signal.  Reset the alarms and zero return the axis. ,축 영점 채널 누락,모든 서보는 누락된 신호때문에 꺼졌습니다. 경보를 리셋하고 축을 영점 복귀시키십시오.
CHC-Lathe,1085.0000,1085,0000,SETTINGS 59-334 AND MACRO #10582-585 NOT EQUAL,"This alarm is generated if Macro variables #10582-10585 do not match settings
59-334 for the ATP calibration.
Verify the ATP is calibrated and update macro variables #10582-10585.

Make sure settings and Macro Variables have the same values ( change macro values to match setting values)…
Sett           Macro
59             10582
60             10583
63             10585
333           10584
334           10585",설정 59-334 및 매크로 #10582-585가 같지 않음,이 경보는 매크로 변수 #10582-10585가 ATP 보정에 대한 설정 59-334와 일치하지 않는 경우 생성됩니다. ATP가 보정되었는지 확인하고 매크로 변수 #10582-10585를 업데이트합니다. 설정과 매크로 변수가 동일한 값을 갖고 있는지 확인하십시오(설정 값과 일치하도록 매크로 값 변경)…Sett      Macro59             1058260             1058363             10585333           10584334           10585
NGC,4019.0000,4019,0000,X PROGRAM POSITION SHOULD BE GREATER THAN ZERO,The programmed position of the X-axis should be positive before enabling G112.  Modify your program to position X axis at a positive programmed position.  Verify that tool and work offsets are correct.   ,X 프로그램 위치는 0보다 커야 함,X축의 프로그래밍된 위치는 G112를 허용하기 전에 양수여야 합니다. 프로그램을 수정하여 X축을 양수의 프로그래밍된 위치에 놓으십시오. 공구와 워크 오프셋이 올바른지 확인하십시오.
CHC-Mill,994.0000,994,0000,AMPLIFIER OVERLOAD,The Amplifier has sensed a high load for an extended period of time. This can be caused by running the amplifier at high loads for an excessive amount of time. – A preceding alarm will indicate which axis has overloaded. Check that your program has the correct speeds and feeds for the material and the cutting tool. Make sure the correct tool for the application is being used. Check for dull or broken tools.,증폭기 과부하,증폭기가 연장된 시간 동안 높은 부하를 감지하였습니다. 이것은 과도한 시간 동안 높은 부하에서의 증폭기 작동이 원인일 수 있습니다. – 선행 경보가 축에 과부하가 걸렸음을 표시합니다. 재료 및 절삭 공구에 대한 사용자 프로그램의 정확한 속도 및 이송을 갖고 있는지 확인하십시오. 응용 장치에 대한 정확한 공구가 사용되고 있는지 확인하십시오. 무뎌졌거나 부서진 공구를 확인하십시오.
NGC,846.0000,846,0000,LOW GREASE LUBRICATION PRESSURE,"After a lubrication cycle, the grease pressure switch sensed no pressure.  – Check the incoming air to the machine and make sure it is set to Haas specifications. Make sure the grease reservoir has not been removed for service prior to a lubrication cycle. – CAUTION: Damage may occur to the machine if this alarm is ignored too many times. It may also void certain warranties. The alarm does not get generated while a program is running. When seen, it is an old alarm (deferred). ",낮은 그리스 윤활 압력,"윤활 사이클 후에그리스 압력 스위치가 압력이 없음을 감지했습니다. – 기계에 유입되는 공기를 확인하고, Haas 규격에 맞게 설정되었는지 확인하십시오. 그리스 저장 탱크가 윤활 싸이클에 앞서서 수리를 위해 제거된 적이 없었는지 확인하십시오. - 주의: 이 경보가 너무 많이 무시되면 기계에 손상이 갈 수 있습니다. 또한 특정 보증이 무효화될 수도 있습니다. 경보는 프로그램 실행 중에 생성되지 않습니다. 경보가 보인다면 그것은 이전의 (보류된) 경보입니다. "
NGC,726.0000,726,0000,SS–AXIS MOTOR OVERHEAT,The SS–axis motor has overheated. – Allow the motor to cool. Reduce the load on the motor.,SS축 모터 과열,SS축 모터가 과열되었습니다. -모터가 냉각되도록 하십시오. 모터의 부하를 줄이십시오.
CHC-Lathe,315.0000,315,0000,"INVALID P CODE IN M97, M98 OR M99","An invalid P Code has been detected in M97, M98, M99, M133, M134, or canned cycle G71, G72, G73, or G70. The P code must be the name of a program stored in memory without a decimal point for M98 and must be a valid N number for all other uses.","M97, M98 또는 M99에서 잘못된 P코드","M97, M98, M99, M133, M134, 또는 고정 사이클 G71, G72, G73, 또는 G70에서 잘못된 P코드 탐지되었습니다. P코드는 M98에 대해 소수점 없이 메모리에 저장된 프로그램의 이름이어야 하고 다른 모든 용도에 대해 유효한 N 숫자여야 합니다."
CHC-Mill,247.0000,247,0000,CURSOR DATA BASE ERROR,Cycle power on the machine.,커서 데이터 기반 오류,기계의 전원을 껐다 켰다 해주십시오.
CHC-Mill,134.0000,134,0000,TOOL UNCLAMP FAULT,The tool release piston switch shows that the tool never released when commanded to unclamp the tool. This alarm may also occur if the switch shows that the tool is not unclamped any time during a tool change. If there is a tool in the spindle check that it has the correct pull stud and that the pull stud is tight. Check that the tool is correctly seated in the spindle.,공구 클램핑 해제 고장,공구 배출 피스톤 스위치는 공구가 공구 클램핑을 해제하라는 명령을 받았을 때 공구가 배출되지 않았음을 보여줍니다. 또한 이 경보는 스위치가 공구가 공구 변경 중에 언제라도 클램핑 해제가 되지 않는다는 것을 보여주는 경우 발생할 수 있습니다. 스핀들에 공구가 있을 경우 정확한 풀 스터드가 있는지 그리고 풀 스터드가 단단히 장착되었는지 확인하십시오. 공구가 스핀들 안에 올바르게 장착되었는지 확인하십시오.
NGC,9844.0000,9844,0000,REGEN OPEN,Regen ON but no current measured. ,회생 개방,회생을 ON 했으나 전류가 측정되지 않음.
NGC,613.0000,613,0000,COMMAND NOT ALLOWED IN CUTTER COMPENSATION," The program contains a code or character that is not allowed while cutter compensation is active. The list below gives these codes and characters. Edit the program to remove the illegal codes, or move the codes to a point in the program before the G41/G42 or after G40.  Illegal codes and Characters while Cutter Compensation is Active:  Block Delete: /  Work Offset Codes: G53-G59, G110-G129, G154 P1-P99  Offset Shift Codes: G10, G52, G92  Tool Change: M06, M16  Tool Length Offset Codes: G53, G44, G49, H-codes  Text Engraving: G47  Macro and Probe Programs: G31, G35, G36, G37, G65, G136  Cutter Compensation: G41, G42  Auto Door: M80, M81  Interactive User Input: M109  Circular Pocket Milling: G12, G13 ",컷터 보정에 허용되지 않는 명령," 컷터 보정이 활성화되어 있는 동안에는 허용되지 않는 코드 또는 문자가 프로그램에 포함되어 있습니다. 아래의 목록에 이 코드와 문자가 주어졌습니다. 프로그램을 편집하여 불법 코드를 제거하거나, G41/G42 이전 또는 G40 이후의 프로그램 지점으로 코드를 이동합니다. 컷터 보정이 활성화된 상태 동안의 위법 코드와 문자:   블록 삭제: / 워크 오프셋 코드: G53-G59, G110-G129, G154 P1-P99 오프셋 시프트 코드: G10, G52, G92 공구 교환: M06, M16 공구 길이 오프셋 코드: G53, G44, G49, H 코드 텍스트 새겨 넣기: G47 매크로 및 프로브 프로그램: G31, G35, G36, G37, G65, G136 컷터 보정: G41, G42 자동 도어: M80, M81 대화형 사용자 입력: M109 원형 포켓 밀링: G12, G13 "
NGC,2031.0000,2031,0000,D–AXIS SECONDARY ENCODER CABLE FAULT,The D–axis secondary encoder cable does not have valid signals.,D축 2차 인코더 케이블 고장,D축 2차 인코더 케이블 신호가 유효하지 않습니다.
CHC-Lathe,139.0000,139,0000,X-AXIS MOTOR Z FAULT,Encoder marker pulse count failure. This alarm usually means that the encoder has been damaged and encoder position data is unreliable. It can also be caused by damaged motor cable or a loose encoder cable connection on motor or encoder input on the Mocon PCB.,X축 모터 Z 고장,인코더 마커 펄스 카운트 오류. 이 경보는 일반적으로 인코더가 손상되었고 인코더 위치 데이터가 신뢰할 수 없음을 의미합니다. 또한 모터 케이블이 손상되었거나 모터의 인코더 케이블 연결이 느슨하거나 Mocon PCB의 엔코더 입력이 원인일 수도 있습니다.
NGC,9916.0000,9916,0000,EXCESSIVE THERMAL COMPENSATION DISTANCE,"The total thermal compensation distance is out of the practical range.  Possible thermal sensor failure.
For axes with thermal sensors, this may be due to a thermal sensor failure. For axes without sensors, this may be due to bad configuration files.",과도한 열 보정 거리,총 열 보정 거리가 실제 범위를 벗어났습니다. 열 센서 고장일 수 있습니다. 열 센서가 있는 축의 경우 열 센서 고장이 원인일 수 있습니다. 센서가 없는 축의 경우 잘못된 구성 파일이 원인일 수 있습니다.
CHC-Mill,411.0000,411,0000,EMPTY PROG,No program number found between % signs in file. Check file for formatting.,빈 프로그램,파일의 % 표시들 사이에 프로그램 번호가 발견되지 않습니다. 파일 형식을 확인하십시오.
NGC,20000.0000,20000,0000,Parameter Change,The control is reporting a parameter change. This is an informational message only. No parts need to be replaced.,파라미터 변경,제어가 파라미터 변경을 보고합니다. 이것은 단지 정보 메시지입니다. 교체해야 할 공작물이 없습니다.
NGC,9869.0000,9869,0000,ANALOG GP21 OVER LIMIT,General Purpose Analog input has exceeded the limit specified by the I/O Configuration file. ,아날로그 GP21 한계 초과,일반 목적 아날로그 입력이 I/O 구성 파일이 지정한 한계를 초과했습니다.
CHC-Lathe,624.0000,624,0000,COMMAND NOT ALLOWED IN G14 MODE,G87 and G88 are not supported in G14 mode.,G14 모드에서 허용되지 않는 명령,G87 및 G88는 G14 모드에서 지원되지 않습니다.
CHC-Lathe,785.0000,785,0000,TT (Live Tooling) AXIS TRANSITION FAULT,An Encoder problem has been sensed. The encoder position data may be unreliable. Cycle power on the machine.,TT(라이브 툴링) 축 전환 고장,인코더 문제가 감지되었습니다. 인코더 위치 데이터가 신뢰성이 없는 것일 수도 있습니다. 기계의 전원을 껐다 켜 주십시오.
CHC-Mill,159.0000,159,0000,KEYBOARD FAILURE,Keyboard shorted or button pressed at power on. A poweron test of the membrane keypad has found a shorted button. It can also be caused by a short in the cable from the main cabinet or by holding a switch down during poweron.,키보드 고장,전원을 켤 때 키보드에 단락이 일어났거나 버튼이 눌려져 있었습니다. 멤브레인 키보드의 전원 켜기 테스트에서 단락된 버튼이 발견되었습니다. 또한 메인 케비네의 케이블 쇼트 또는 전원을 킬 때 스위치를 누르고 있는 상태로 있는 경우가 원인이 딜 수 있습니다.
NGC,2.103,2,103,Y-AXIS SERVO ERROR TOO LARGE,The axis cannot move to the commanded position and the error grew too large.  Clean chips from the machine.  Check your program for errors and correct speeds and feeds.  Check for chips on tools and tool-holders.  Check for dull tools.  Check for a machine crash.,,
NGC,103.0000,103,0000,AXIS SERVO ERROR TOO LARGE,The axis cannot move to the commanded position and the error grew too large.  Clean chips from the machine.  Check your program for errors and correct speeds and feeds.  Check for chips on tools and tool-holders.  Check for dull tools.  Check for a machine crash.,축 서보 오류가 너무 큼,축이 명령된 위치로 움직일 수 없으며 오류가 너무 커집니다. 기계에서 칩을 깨끗이 제거하십시오. 프로그램에 오류가 있는지 확인하고 속도와 이송을 수정하십시오. 공구 및 공구 홀더에 칩이 있는지 확인하십시오. 무뎌진 공구가 있는지 확인하십시오. 기계 충돌이 있는지 확인하십시오.
CHC-Mill,2012.0000,2012,0000,INSUFFICIENT SPINDLE GEAR BOX OIL FLOW,Add recommended oil to the gear box. Press the RESET button.  For 50T - Look at the corresponding troubleshooting guide below:,불충분한 스핀들 기어 박스 오일 흐름,권장 오일을 기어박스에 추가하십시오. RESET(리셋) 버튼을 누르십시오. 50T-아래에서 상응하는 고장 수리 가이드를 보십시오.
CHC-Lathe,2022.0000,2022,0000,TURRET FAILURE TO LEAVE CLAMP SWITCH,The tool–turret attempted to extend but failed to leave the clamp switch. – Check for any obstructions.,터렛이 클램프 스위치를 벗어나는 데 실패,공구 터렛이 확장하려고 하였으나 클램프 스위치를 벗어나는데 실패하였습니다. - 장애물이 있는지 확인하십시오.
NGC,550.0000,550,0000,PART NOT HELD DURING LIVE TOOL TAP,  -The part must not be allowed to rotate during live tool tapping. Add one of the following commands to your program before tapping. C axis engage (M154)Spindle orient (M19) Spindle brake (M14) Sub spindle orient (M119) or (G14; M19)Sub spindle brake (M114) or (G14; M14) ,공작물이 라이브 툴 태핑 시 고정 불가능,"  - 공작물은 라이브 툴 태핑 중에 회전을 하게 두어서는 안 됩니다. 다음 명령 중 하나를 태핑 이전에 프로그램에 추가하십시오. C축 개입 (M154) 스핀들 오리엔테이션 (M19) 스핀들 브레이크 (M14) 서브 스핀들 오리엔테이션 (M119) 또는 (G14; M19) 서브 스핀들 브레이크 (M114) 또는 (G14, M14) "
NGC,4.108,4,108,S (SPINDLE) AXIS SERVO OVERLOAD,"This can occur if the load on the motor is over 100% for a period of several seconds or even minutes. 
Reduce load on the axis by adjusting the feeds and speeds. 
Check for dull or broken tools.",,
NGC,379.0000,379,0000,SKIP SIGNAL NOT FOUND,Skip signal check code included but skip not found when it was expected.  ,신호 건너뛰기 발견 안됨,신호 건너뛰기 확인 코드가 포함되었으나 예상되었던 때에 건너뛰기가 발견되지 않았습니다.
NGC,995.0000,995,0000,AMPLIFIER ERROR TOO LARGE,The Amplifier has sensed too large a difference between the actual electrical current and the commanded electrical current.  – A preceding alarm will indicate which amplifier has had the fault. ,증폭기 오류가 너무 큼,증폭기가 실제 전류와 명령된 전류 사이에 너무 큰 차이가 있음을 감지했습니다. – 선행 축 경보는 어떤 증폭기에 오류가 있었는지를 나타냅니다.
CHC-Lathe,164.0000,164,0000,A (Tool Turret) AXIS DRIVE FAULT,A fault was reported by the tool turret servo drive. There will be a secondary alarm which will display more specific information. Investigate any secondary alarms.,A(공구 터렛) 축 드라이브 고장,공구 터렛 서보 드라이브에 의해 고장이 보고되었습니다. 더 구체적인 정보를 표시하는 2차 경보가 있을 것입니다. 모든 2차 경보를 조사하십시오.
NGC,4.103,4,103,S (SPINDLE) AXIS SERVO ERROR TOO LARGE,The spindle cannot move to the commanded position and the error grew too large.  This can be caused by the non contact encoder alignment.  Refer to the Spindle Encoder Troubleshooting Guide for more information.,S(스핀들) 축 서보 오류가 너무 큼,스핀들이 명령된 위치로 움직일 수 없으며 오류가 너무 커집니다. 비접촉 인코더 정렬로 인해 발생할 수 있습니다. 자세한 내용은 스핀들 인코더 문제 해결 가이드를 참조하십시오.
CHC-Lathe,277.0000,277,0000,C ZERO RET MARGIN TOO SMALL,"This alarm will occur if the home/limit switches move or are misadjusted. This alarm indicates that the zero return position may not be consistent from one zero return to the next. The encoder Z channel signal must occur between 1/8 and 7/8 revolution of where the home switch releases. This will not turn the servos off, but will stop the zero return operation.",C 영점 복귀 마진이 너무 작음,이 경보는 원점 리미트 스위치가 이동하거나 잘못 조정되었을 경우 발생합니다. 이 경보는 영점 복귀 위치가 한 번의 영점 복귀에서 다음 영점 복귀까지 일관되지 않을 수 있음을 나타냅니다. 인코더 Z 채널 신호는 원점 스위치가 해제되는 위치의 1/8과 7/8 회전 사이에서 발생해야 합니다. 이렇게 하면 서보가 꺼지지 않지만 영점 복귀 작동은 중지됩니다.
NGC,9808.0000,9808,0000,CHIP OVERHEAT,"The programmable coolant circuit has overheated and shut down.    Give time for it to cool, then press the RESET key to clear alarms.    Check for obstructions to pcool movement. ",칩 과열,프로그래밍형 절삭유 회로가 과열되어 정지되었습니다. 냉각할 시간을 준 후에 RESET 키를 눌러 경보를 삭제하십시오. 장애물이 냉각 이동을 방해하는지 확인하십시오.
NGC,3.316,3,316,Z-Axis Over Travel Range,"An axis was commanded to move outside of its travel limit.

Use this list to help resolve the alarm:

Make sure that the work offsets are correct.
Check the G52 and G92 offsets.
G52 and G92 offsets are used to shift all other work offsets. For most applications, these offsets should be zero.
If user-defined travel limits are active, make sure that the programmed coordinates are within the defined limits.
Make sure that your Tool Offsets are correct.
Check your program for errors.
Mills: Make sure that G90 or G91 is correctly selected.
Make sure that the program calls the correct work offset.
Make sure that the programmed axis coordinates are correct.",Z축의 이동거리 범위,축에 이동 거리 한계 바깥으로 이동하라는 명령이 내려졌습니다. 경보를 해결하는데 도움이 되는 목록을 사용하십시오. 워크 오프셋이 올바른지 확인하십시오. G52 및 G92 오프셋을 확인하십시오. G52 및 G92 오프셋이 모든 기타 워크 오프셋을 변경하는데 사용됩니다. 대부분의 응용장치에서 이 오프셋은 0이 되어야 합니다. 사용자 정의 이동거리 한계가 활성화되었으면 프로그래밍된 좌표가 정의된 한계 내에 있는지 확인하십시오. 툴 오프셋이 정확한지 확인하십시오. 프로그램에 오류가 있는지 확인하십시오. 밀: G90 또는 G91이 정확하게 선택되었는지 확인하십시오. 프로그램이 정확한 워크 오프셋을 호출했는지 확인하십시오. 프로그래밍된 축 좌표가 정확한지 확인하십시오.
CHC-Lathe,496.0000,496,0000,DATA VALUE ERROR DETECTED IN PQ BLOCK,An address code value in the PQ block exceeds the maximum for the data storage type. The value must not exceed 8380.000 nor be less than 8380.000. Examine your program and change the value of the address code as necessary.,PQ 블록에서 감지된 데이터 값 오류,PQ 블록의 주소 코드 값이 데이터 저장 유형의 최대 크기를 초과하였습니다. 값은 8380.000를 초과하거나 8380.000보다 작아서는 안 됩니다. 프로그램을 검사하고 필요하면 주소 코드의 값을 변경하십시오.
NGC,20023.0000,20023,0000,COOLANT LEVEL RESTORED TO ABOVE 50%,Coolant level exceeded 50%. This is an informational message only. No parts need to be replaced.,,
NGC,9892.0000,9892,0000,PALLETPOOL SLIDER DOOR NOT OPEN,Pallet pool slider door is supposed to be open but it isn&#39;t. ,팔레트 풀 슬라이더 도어가 안 열림,팔레트 풀 슬라이더 도어가 열려야 하지만 열리지 않았습니다&#39;.
CHC-Lathe,762.0000,762,0000,V–AXIS CABLE FAULT,The V–axis bar feeder encoder cable does not have valid signals.,V축 케이블 고장,V축 봉재 이송장치 인코더 케이블 신호가 유효하지 않습니다.
NGC,2038.0000,2038,0000,VECTOR DRIVE OR SPINDLE AMPLIFIER–OVER TEMPERATURE,The Vector Drive or Spindle Amplifier temperature is higher than allowed. – This can be caused by high spindle loads for an extended period of time. High shop temperature can cause this alarm to occur more often. Allow time for the Vector Drive or Spindle Amplifier to cool. Adjust your program to reduce spindle loads. Ensure that the control cabinet door is closed. Clear all alarms.,벡터 드라이브 또는 스핀들 증폭기 과열,벡터 드라이브 또는 스핀들 증폭기 온도가 허용된 것보다 높습니다. - 이것은 연장된 시간 동안 고부하가 걸린 것이 원인일 수 있습니다. 높은 온도가 이 경보를 더 자주 발생하게 한 원인일 수 있습니다. 벡터 드라이브 또는 스핀들 증폭기의 냉각을 위한 시간을 허용하십시오. 프로그램을 조정하여 스핀들 부하를 줄이십시오 제어 캐비닛 도어가 닫혀 있는지 확인하십시오. 모든 경보를 삭제하십시오.
CHC-Mill,195.0000,195,0000,B–AXIS CABLE FAULT,The Baxis encoder cable does not have valid signals.,B축 케이블 고장,B축 인코더 케이블 신호가 유효하지 않습니다.
CHC-Lathe,365.0000,365,0000,P DEFINITION ERROR,"P value not defined, or P value out of range. An M59 or M69 must have a P value between the range of 1100 and 1155. If using G154 command, then P value must be between 1 and 99. Check your program for formatting of the code.",P 정의 오류,P값이 정의되지 않았거나 P값이 범위를 벗어 났습니다. M59 또는 M69는 1100과 1155 사이의 범위에서 P값을 가져야 합니다. G154 명령을 적용할 경우 P값은 1과 99 사이에 있어야 합니다. 해당 코드 포맷 작업을 위한 프로그램을 확인하십시오.
NGC,397.0000,397,0000,INVALID D CODE,"A D code entered with a canned cycle G-code must have a positive value.  The D code for G71, G72, G73 and G76 refers to the depth of cut. Modify the program. ",잘못된 D 코드,"고정 사이클 G코드로 입력된 D코드는 양수 값이어야 합니다. G71, G72, G73 및 G76의 D코드는 절단 깊이를 나타냅니다. 프로그램을 변환하십시오."
NGC,151.0000,151,0000,LOW PRESSURE THRU-SPINDLE COOLANT,     Press    to play video related to this content.   The Through Spindle Coolant pump did not come up to pressure.   Troubleshooting:      Visually check coolant level          The minimum suggested tank level is 60% for the pump to operate correctly        Check for clogged filters or strainers   Check for kinked or clogged coolant lines   Check that the AC input power to the machine is the correct phase   ,관통 스핀들 절삭유 압력 낮음,     이 콘텐츠와 관련하여 영상 재생 버튼을 누르십시오. TSC 펌프는 압력을 가하지 않았습니다. 고장 조치:      절삭유 레벨을 눈으로 확인합니다. 최소 권장 탱크 레벨이 60%가 되어야 펌프가 올바르게 작동합니다. 필터 또는 스트레이너가 막혔는지 확인합니다. 절삭유 라인이 꼬이거나 막혔는지 확인합니다. 기계에 대한 AC 입력 전원이 올바른 위상인지 확인합니다.
NGC,9158.0000,9158,0000,ROBOT COMMUNICATIONS LOST,Communication with the robot has been lost. The Robot Control MUST be power cycled. Press RESET on the machine and Power Cycle the Robot Control.,로봇 전원을 껐다 켜야 함,로봇 전원을 껐다 켜야 함:  로봇을 사용하기 위해 껐다 켜야 함.
NGC,4.116,4,116,S (SPINDLE) SPINDLE ORIENTATION FAULT,"Mills: The spindle has misaligned with the tool–changer. 
Mills/Lathes: Check for anything mechanically binding the spindle.
Mills/Lathes: Loose terminal connections on WYE/DELTA contactors.
Mills/Lathe: Check non contact encoder gapping.
",S(스핀들) 스핀들 방향 결함,"밀: 스핀들이 공구 교환장치에 제대로 정렬되지 않았습니다. 밀/선반: 스핀들에 기계적으로 묶여 것이 있는지 확인하십시오. 밀/선반: 느슨한 터미널 커넥션이 Wye/Delta 커넥터에 있습니다. 밀/선반: 비접촉 인코더 갭핑을 확인하십시오.
"
NGC,467.0000,467,0000,UNEQUAL SCALING," G02, G03, G12 or G13 commands cannot be used when G51 X, Y or Z scales are not the same. Possible Solutions:  Use a P value in G51 instead of settings 188-190 Use setting 71 instead of settings 188-190 Make settings 188-190 all the same Delete all G02, G03, G12 and G13 commands   ",동일하지 않은 확대 축소," G51 X, Y, Z가 동일하게 확대 축소가 되지 않으면 G02, G03, G12 또는 G13 명령을 사용할 수 없습니다. 가능한 해결책:  설정 188-190 대신 G51의 P값을 사용합니다. 설정 188-190 대신 설정 71 사용합니다. 설정 188-190 모두 동일하게 만듭니다. G02, G03, G12 및 G13 명령을 모두 삭제합니다."
CHC-Mill,104.0000,104,0000,Y AXIS SERVO ERROR TOO LARGE,"The Y axis cannot move to the commanded position. This can be caused by chips on the tool or toolholder, too much tool pressure, dull tools, or a machine crash. Clean chips from the machine. Check your program for errors and correct speeds and feeds. Check for chips on tools and toolholders. Check for dull tools. Check for a machine crash.",Y축 서보 오류가 너무 큼,"Y축이 명령된 위치로 이동할 수 없습니다. 이는 공구 또는 공구 홀더의 칩, 지나치게 높은 공구 압력, 무뎌진 공구 또는 기계 충돌로 인해 발생할 수 있습니다. 기계에서 칩을 깨끗이 제거하십시오. 프로그램에 오류가 있는지 확인하고 속도와 이송을 수정하십시오. 공구 및 공구 홀더에 칩이 있는지 확인하십시오. 무뎌진 공구가 있는지 확인하십시오. 기계 충돌이 있는지 확인하십시오."
NGC,9801.0000,9801,0000,INTERNAL I O ERROR-TC COMMUNICATION,"An internal I/O circuit board error has been sensed where the main and tool changer microcontrollers could not communicate.  Press reset and continue. If necessary power cycle the machine.   If the alarm persists,  with the alarm on the screen insert a USB device and press [SHIFT] and the [F3] button to generate an error report.  The error report will be saved to the USB device, e-mail the error report file to your local Haas Factory Outlet for further review. ",내부 I/O 오류-TC 통신,내부 I/O 회로기판 오류는 메인과 공구 교환장치 마이크로컨트롤러가 통신할 수 없는 곳에서 감지되었습니다. 리셋을 누르고 계속하십시오. 필요한 경우 기계의 전원을 껐다 켜십시오. 경보가 지속되면 화면의 경보가 있는 상태에서 USB 장치를 삽입하고 [SHIFT] 및 [F3] 버튼을 눌러 오류 보고서를 생성하십시오. 오류 보고서는 USB 장치에 저장됩니다. 추가 검토를 위해 오류 보고서 파일을 현지 Haas 직영 창고 매장으로 이메일로 보내십시오.
NGC,9899.0000,9899,0000,IOPCB CAN FAULT,"IOPCB has detected a CAN fault caused by a communication loss or hardware/firmware malfunction with a CAN node. Check wire connections and attempt to continue by pressing [RESET]. If the alarm persists, with the alarm on the screen insert a USB device and press [SHIFT] and the [F3] button to generate an error report. The error report will be saved to the USB device, e-mail the error report file to your local Haas Factory Outlet for further review.

SUBCODE: .001     NODE ERROR CODE: 0x03     DESCRIPTION: IO Board hardware failure; CAN Bus Error

SUBCODE: .002     NODE ERROR CODE: 0x01     DESCRIPTION: Node reported lost communication to SIO

SUBCODE: .002     NODE ERROR CODE: 0x30     DESCRIPTION: SIO reported lost communication to node

SUBCODE: .003     NODE ERROR CODE: 0x02     DESCRIPTION: Node Hardware/Firmware Error; Node stuck in bootloader; Need to reset node.",IOPCB CAN 고장,"IOPCB은 CAN과의 통신 누락 또는 하드웨어/펌웨어 오작동에 의한 CAN 고장을 감지했습니다. 선 연결을 확인하고 [RESET]을 눌러 계속하십시오. 경보가 지속되면 화면의 경보가 있는 상태에서 USB 장치를 삽입하고 [SHIFT] 및 [F3] 버튼을 눌러 오류 보고서를 생성하십시오. 오류 보고서는 USB 장치에 저장됩니다. 추가 검토를 위해 오류 보고서 파일을 귀하의 현지 Haas 직영 창고 매장으로 이메일로 보내십시오. 서브코드: .001     노드 오류 코드: 0x03     설명: IO 기판 하드웨어 고장, CAN 버스 오류서브코드: .002     노드 오류 코드: 0x01     설명: 노드에서 SIO와의 통신 두절 보고서브코드: .002     노드 오류 코드: 0x30     설명: SIO에서 노드와의 통신 두절 보고서브코드: .003     노드 오류 코드: 0x02     설명: 노드 하드웨어/펌웨어 오류, 노드가 부트로더에 고착됨, 노드를 재설정해야 함."
NGC,952.0000,952,0000,APC MISLOCATED LIFT FRAME,"Pallet changer lift frame is not in expected position. The lift frame was either down when expected to be up or up when expected to be down.  For example, the lift frame must be up while rotating, and down when a pallet change starts, before clamping the pallet, before B axis or Z axis can be jogged, or before starting a program with Cycle Start.  If a pallet began to lower during rotation, check lift mechanism for proper operation. If this alarm occured at the start of a pallet change or when clamping the pallet check for foreign objects or misalignment, preventing the frame from lowering all the way.  Verify there is an adequate supply of hydraulic pressure and fluid volume.  After correcting the cause, recover the pallet changer.",APC 리프트 프레임 위치를 잘못 지정함 ,"팔레트 교환장치 리프트 프레임이 예상 위치에 없습니다. 리프트 프레임이 상승하리라고 예상했는데 하강하고 하강되는 것으로 기대할 때 상승하였습니다. 예를 들어, 팔레트 변경이 시작될 때 팔레트를 고정하기 전, B축 또는 Z축을 조그하기 전, 또는 전원을 껐다 켜서 프로그램을 시작하기 전에 리프트 프레임이 위아래에 있어야 합니다. 만일 팔레트가 회전 중에 낮아지면 리프트 메커니즘이 올바로 작동 중인지 확인하십시오. 이 경보가 팔레트 교환을 시작할 때 또는 팔레트를 클램핑할 때 발생할 경우 외부 물질이나 정렬 불량이 프레임을 낮추는 것을 방해하는지 확인하십시오. 유압 및 유체 체적을 적절히 공급하는지 확인하십시오. 원인을 결정하고, 팔레트 교환장치를 복구하십시오."
CHC-Mill,418.0000,418,0000,BREAK,Break condition while receiving. The sending device set the line to a break condition. This might also be caused by a simple break in the cable.,브레이크,수신 중에 브레이크 조건. 송신 장치에서 브레이크 조건으로 가는 라인을 설정합니다. 또한 이것은 케이블이 단순히 끊어진 것이 원인일 수 있습니다. 
NGC,9150.406,9150,406,"SRVO-406 DCS SSO SVOFF input %x,%x",The fence is open in Run Mode. Make sure the interlock is working and that machine is receiving the interlock input signal.,"SRVO-406 DCS SSO SVOFF 입력 %x,%x",런 모드에서 울타리가 개방되었습니다. 인터록이 작동 중이고 기계가 인터록 입력 신호를 수신하고 있는지 확인하십시오.
CHC-Mill,466.0000,466,0000,UNICODE DATA FOUND IN FILE,The file has Unicode data. The file must be saved in a ASCII file and data format. Please make sure of data in the file is stored in ASCII character format.,파일에 유니코드 데이터가 발견됨(UNICODE DATA FOUND IN FILE),파일에 유니코드 데이터가 있습니다. 파일은 ASCII 파일 및 데이터 형식으로 저장되어야 합니다. 파일의 데이터가 ASCII 문자 형식으로 저장되는지 확인하시길 바랍니다.
CHC-Mill,1091.0000,1091,0000,FORMAT ERROR,"Inputs are mixed, missing, or incorrectly formatted.  Edit the program and start again from a safe position.",형식 오류,"입력 사항이 혼동, 누락되었거나 형식이 잘못되었습니다. 프로그램을 편집하고 안전한 위치에서 다시 시작하십시오."
NGC,9115.0000,9115,0000,APC ILLEGAL SWITCH CONDITION ROTATE FRAME,"The pallet rotating frameswitches indicate that the pallet changer is rotating CW and CCWat the same time.&lt;br&gt; &lt;br&gt;  Check for obstructions, Hydraulic APC types, or hydraulic pressure. ",APC 위법 스위치 상태 프레임을 회전시킴,"프레임 스위치를 회전시키는 팔레트는 팔레트 교환장치가 시계방향 및 반시계방향으로 동시에 회전하는 것을 나타냅니다. &lt;br&gt;
 &lt;br&gt;
  장애물, 유압 APC 유형 또는 유압이 있는지 확인하십시오."
NGC,9150.403,9150,403,SRVO-403 DCS Cart. speed limit,"This alarm is generated when the robot motion exceeds the speed limit set by the Cartesian Speed Check. Check the DCS setup and make sure it is setup or setup correctly. If DCS is is setup correctly, decrease the robot speed.",SRVO-403 DCS 직교 속도 제한,이 경보는 로봇 동작이 직교 속도 확인 기능에 의해 설정된 속도 제한을 초과할 때 생성됩니다. DCS 설치를 점검하고 설치가 되어 있는지 또는 올바로 설치되어 있는지 확인하십시오. DCS가 올바로 설치되어 있으면 로봇 속도를 줄이십시오.
CHC-Mill,265.0000,265,0000,MACRO VARIABLE FILE CRC ERROR,Macro variable file has a CRC error. Indicates a loss of memory. Possible corrupted file or processor board problem.,매크로 변수 파일 CRC 오류,매크로 변수 파일에 CRC 오류가 있습니다. 메모리 손실을 나타냅니다. 예상 가능한 것은 오염된 파일 또는 프로세서 보드 문제입니다.
NGC,17.9920,17,9920,AU-AXIS - POSITION ERROR TOO LARGE,"The axis cannot move to the commanded position and the error grew too large. 
Check for a mechanical binding.
",,
CHC-Lathe,606.0000,606,0000,INVALID A CODE,An invalid angle for linear interpolation was specified. This will occur in a G01 block if the A address was congruent to 0 or 180.,잘못된 A 코드,선형 보간에 대한 잘못된 각도가 지정되었습니다. 주소가 0 또는 180과 일치한 경우 이것은 G01 블록에서 발생할 수 있습니다.
NGC,530.0000,530,0000,"TOO MANY I, J, K'S IN G65","  A G65 block contains too many I,J, and K addresses. The G65 is limited to a maximum of 33 I, J, and K addresses. Edit the program to reduce the number of I, J, and K addresses to 33 or fewer.  Example Code with Error G65 P1 I1 J2 K3 I4 J5 K6 I7 J8 K9 I10 J11 K12 I13 J14 K15 I16 J17 K18 I19 J20 K21 I22 J23 K24 I25 J26 K27 I28 J29 K30 I31 J32 K33 I34 J35 K36   Example Corrected Code G65 P1 I1 J2 K3 I4 J5 K6 I7 J8 K9 I10 J11 K12 I13 J14 K15 I16 J17 K18 I19 J20 K21 I22 J23 K24 I25 J26 K27 I28 J29 K30 I31 J32 K33       ","G65에서 I, J, K'S가 너무 많음","  G65 블록은 너무 많은 I, J 및 K 주소를 포함합니다. G65는 최대의 33 I, J 및 K 주소로 제한됩니다. 프로그램을 편집하여 I, J 및 K 주소를 33 또는 이보다 더 적은 수로 줄이십시오. 오류가 있는 코드의 예: G65 P1 I1 J2 K3 I4 J5 K6 I7 J8 K9 I10 J11 K12 I13 J14 K15 I16 J17 K18 I19 J20 K21 I22 J23 K24 I25 J26 K27 I28 J29 K30 I31 J32 K33 I34 J35 K36  수정된 코드의 예: G65 P1 I1 J2 K3 I4 J5 K6 I7 J8 K9 I10 J11 K12 I13 J14 K15 I16 J17 K18 I19 J20 K21 I22 J23 K24 I25 J26 K27 I28 J29 K30 I31 J32 K33       "
NGC,20005.0000,20005,0000,Offsets Changed,The control is reporting an Offsets Changed. This is an informational message only. No parts need to be replaced.,오프셋 변경,제어가 Offsets Changed(오프셋 변경)를 보고합니다. 이것은 단지 정보 메시지입니다. 교체해야 할 공작물이 없습니다.
NGC,306.0000,306,0000,"INVALID I, J, K OR Q IN CANNED CYCLE","  A canned cycle contained an invalid I, J, K, or Q value or format. There are multiple program errors that can cause this alarm. Look for errors like these in your program:     1) The I,J,K, and Q codes cannot have values of zero. ","고정 사이클의 잘못된 I, J, K 또는 Q","  고정 사이클은 잘못된 I, J, K 또는 Q 값 또는 형식을 포함하였습니다. 이 경보를 발생시킨 여러 개의 프로그램 오류가 있습니다. 프로그램에서 이와 같은 오류를 찾으십시오. 1) I,J,K, 및 Q코드는 0 값을 가질 수 없습니다."
NGC,4.126,4,126,S (SPINDLE) GEARBOX FAULT,The gearbox switches indicate that the gearbox was not correctly in gear. – Check incoming air to the machine and make sure that it is set to Haas specifications. Press the POWER UP RESTART key to start a gearbox recovery sequence.,S(스핀들) 기어박스 고장,"기어박스 스위치는 기어박스가 기어 안에 정확히 있지 않은 것을 표시합니다. - 기계에 유입되는 공기를 확인하고, Haas 규격에 맞게 설정되었는지 확인하십시오. 전원 업 재시동(POWER UP RESTART) 키를 눌러 기어박스 복구 시퀀스를 시작하십시오."
CHC-Lathe,453.0000,453,0000,C AXIS ENGAGED, A spindle command was given with the Caxis drive engaged. The Caxis motor must be disengaged with M155 before a spindle brake or gear change.,C축 개입, 스핀들 명령어가 개입하는 C축 드라이브와 함께 내려졌습니다. C축 모터는 스핀들을 브레이크나 기어 변경 전에 또는 기어 M155에서 분리되어야 합니다.
NGC,643.0000,643,0000,LOW ROTARY BRAKE FLUID,The fluid level in the rotary brake fluid reservoir is low. Service the rotary brake fluid reservoir. ,회전 브레이크액 부족,회전 브레이크액 탱크의 브레이크액 레벨이 낮습니다. 회전 브레이크액 탱크에 정비가 필요합니다.
CHC-Lathe,2004.0000,2004,0000,USER EMERGENCY STOP #1 SWITCH FAILURE,The second emergency stop circuit #1 emergency stop failed. The alarm must be checked by an authorized HAAS factory Service Technician.,사용자 비상 정지 #1 스위치 고장,두 번째 비상 정지 회로 #1 비상 정지 고장이 났습니다. 경보는 공인 HAAS 공장 고장 수리 기술자에 의해 확인되어야 합니다.
NGC,4012.0000,4012,0000,BRAKE PRESSURE DETECTED AFTER BRAKE IS RELEASED,"One of the rotary axis brakes was released, but the brake system sensor indicates brake pressure did not dissipate. Continued use could damage the axis brake system.",브레이크 해제 후 브레이크 압력이 감지됨,회전 축 브레이크 중 하나가 해제되었지만 브레이크 시스템 센서가 브레이크 압력이 소멸되지 않았다고 표시합니다. 계속 사용하면 축 브레이크 시스템이 손상될 수 있습니다.
NGC,3.333,3,333,Z-AXIS DISABLED,The program commanded motion for an axis that is not installed in the machine. Edit the program to remove the commands for the disabled axis.,Z축 비활성화됨,프로그램이 기계에 설치되지 않은 축에 대하여 동작을 명령하였습니다. 프로그램을 편집하여 비활성화된 축에 대한 명령을 제거하십시오.
CHC-Mill,353.0000,353,0000,AUX AXIS NO HOME, A Zero Ret has not been done yet on the aux axes. Check auxiliary axes.,보조 축 원점 없음, 영점 복귀(Zero Ret)가 보조 축에서 아직 이루어지지 않았습니다. 보조 축을 확인하십시오.
CHC-Mill,305.0000,305,0000,INVALID Q IN CANNED CYCLE,Q variable in a canned cycle cannot be zero. Check your program.,고정 사이클의 잘못된 Q,고정 사이클의 Q 변수는 0일 수 없습니다. 프로그램을 확인하십시오.
NGC,904.0000,904,0000,ATC–AXIS IS VISIBLE,An error has been sensed with the ATC axis parameters.  Tool changes are not allowed with the ATC axis visible.   ,ATC 축은 가시성이 있음,ATC 축 파라미터에서 오류가 감지되었습니다. 공구 교환이 ATC 축이 보이는 경우 허용되지 않습니다.
NGC,555.0000,555,0000,RADIUS TOO LARGE,"The part program has a G02 or G03 command with a radius that is too large. Check the part geometry for very large radius circles. Check the part program for a large R code (radius) or large I, J, or K codes (circle center offsets) in blocks with circular motion commands. Consider a linear feed as a substitute for circles of very large radius.",너무 큰 반경,"프로그램은 너무 큰 반경을 가진 G02 또는 G03 명령을 가집니다. 공작물 형상이 매우 큰 반경을 가진 원을 가졌는지 확인하십시오. 공작물 프로그램이 원형 동작 명령을 가진 블록에 큰 R코드(반경) 또는 큰 I, J 또는 K코드(원 중심 오프셋)를 갖고 있는지 확인하십시오. 매우 큰 반경의 원에 대한 대체로서 선형 이송을 고려하십시오."
NGC,7.4004,7,4004,C-AXIS MOTION OCCURRED WHILE THE ROTARY BRAKE WAS ENGAGED,There was pressure in the rotary brake system when the axis was in motion. Damage to the brake components will occur if allowed to rotate under pressure.,,
NGC,977.0000,977,0000,PALLET POOL LIFTER UP TIME OUT,"The pallet pool was commanded to lift but the up position switch was not contacted before the timeout period.  The primary cause of this alarm is insufficient hydraulic pressure or fluid volume. Additional causes could be:    The pallet was not unclamped  There was an obstructing object  There is damage to the pallet pool up switch or wiring  Switch connections do not have positive electrical contact  Lifing mechanism is not operating properly   After determining the cause and correcting the problem, recover the pallet pool changer. ",팔레트 풀 리프터 업 타임아웃,팔레트 풀은 리프트를 하라는 명령을 받았지만 업 포지션 스위치가 타임아웃 기간 전에 접촉이 없었습니다. 이 경보의 일차 원인은 불충분한 유압 또는 유동 체적입니다. 추가 원인은 다음과 같을 수 있습니다. 팔레트의 클램핑이 해제되지 않았습니다. 장애물이 있었습니다. 팔레트 풀 업 스위치 또는 배선 연결부가 손상되었거나 전기 접점이 없습니다. 리프팅 메커니즘이 제대로 작동하지 않습니다. 원인을 파악하여 문제를 해결한 후 팔레트 풀 교환장치를 복구하십시오.
NGC,7.4003,7,4003,C-AXIS ROTARY BRAKE RELEASE FAILURE ,The pressure in the rotary brake system did not release in time. Damage to the brake components will occur if allowed to rotate under pressure.,,
NGC,5.4003,5,4003,A-AXIS ROTARY BRAKE RELEASE FAILURE,The pressure in the rotary brake system did not release in time. Damage to the brake components will occur if allowed to rotate under pressure. ,A축 회전 브레이크 해제 오류,회전 브레이크 시스템에서 압력이 적시에 해제되지 않았습니다. 브레이크 구성품에 대한 손상이 압력 하에 회전이 허용될 경우 발생하게 됩니다.
NGC,5.4004,5,4004,A-AXIS MOTION OCCURRED WHILE THE ROTARY BRAKE WAS ENGAGED,There was pressure in the rotary brake system when the axis was in motion.  Damage to the brake components will occur if allowed to rotate under pressure.,A축 동작이 회전 브레이크가 개입할 때 발생함,축이 동작 중일 때 회전 브레이크 시스템에 압력이 있습니다. 브레이크 구성품에 대한 손상이 압력 하에 회전이 허용될 경우 발생하게 됩니다.
CHC-Mill,937.0000,937,0000,INPUT LINE POWER FAULT,Power was interrupted to this machine for more than 60 milliseconds. Cycle power to continue.,입력 라인 전원 고장,이 기계에 들어오는 전원이 60밀리초를 초과하는 동안 차단되었습니다. 전원을 껐다 켰다하여 계속하십시오.
NGC,9934.0000,9934,0000,INTERNAL VARIABLE NOT INITIALIZED,An internal variable was used without first being initialized by the configuration files. New configuration files are needed. ,내부 변수가 초기화되지 않음,내부 변수가 구성 파일에 의해 최초로 초기화되지 않고 사용되었습니다. 새로운 구성 파일이 필요합니다.
CHC-Mill,407.0000,407,0000,INVALID CODE,The program will be stored but the bad data is turned into a comment. Check program for comment ( ?) or message screen for displayed block with error.,잘못된 코드,프로그램이 저장되지만 잘못된 데이터는 의견으로 바뀝니다. 프로그램에 의견( ?)이 있는지 또는 메시지 스크린에 오류를 가진 블록이 표시되는지 확인하십시오.
CHC-Mill,323.0000,323,0000,ATM CRC ERROR,"The poweron consistency check of ATM memory failed. This can happen after a software update. It can also be a symptom of a software problem. Change an ATM tool entry, then change it back. This will recalculate the CRC.",ATM CRC 오류,ATM 메모리의 전원 켜기 일관성 확인이 실패했습니다. 이것은 소프트웨어 업데이트 후에 발생할 수 있습니다. 또한 소프트웨어의 증상일 수도 있습니다. ATM 공구 진입을 변경한 다음에 다시 돌려 놓습니다. 이렇게 하면 CRC를 다시 계산합니다.
CHC-Lathe,473.0000,473,0000,INVALID GEOMETRY,"The geometry specified by the Gcode parameters is invalid. If using G76 or G92, either reduce Setting 95 (Thread Chamfer Size) or increase the number of threads.",잘못된 형상,G코드 파라미터에 의해 지정된 형상은 유효하지 않습니다. G76 또는 G92를 사용하는 경우 설정 95(나사산 챔퍼 사이즈)를 감소시키거나 또는 나사산 수를 증가시키는 것 둘 중에 하나를 하십시오.
CHC-Mill,1106.0000,1106,0000,OMP40 NEEDS CALIBRATION,The work probe is not calibrated.  Calibrate the probe.,OMP40에 보정이 필요,공작물 검사가 보정되지 않았습니다. 프로브를 보정하십시오.
NGC,609.0000,609,0000,TAILSTOCK RESTRICTED ZONE VIOLATION,"This alarm is caused by an axis moving into the tailstock restricted zone during program execution. Change the program to avoid the restricted zone or change Setting 93 or Setting 94 to adjust the restricted zone. To recover, go to jog mode, press RESET to clear the alarm, and then jog away from the restricted zone.",심압대 제한 구역 위반,이 경보는 프로그램 실행 중에 심압대의 제한 구역으로 이동하는 축이 원인입니다. 프로그램을 변경하여 제한 구역을 피하거나 설정 93 또는 설정 94를 변경하여 제한 구역을 조정하십시오. 복구하려면 조그 모드로 가서 재설정(Reset)을 눌러 경보를 삭제한 후에 제한 구역으로 부터 조그를 치우십시오.
NGC,311.0000,311,0000,UNKNOWN CODE,  The program contains a code that the control does not recognize. A number without a letter address causes this alarm.    Example Code with Error     This number without a letter causes the alarm.     Example Corrected Code    Edit the number to add the correct letter address.    ,알려지지 않은 코드,  프로그램은 제어가 인식하지 않는 코드를 포함합니다. 글자 주소가 없는 숫자는 이 경보의 원인이 됩니다. 오류를 가진 코드의 예: 이 글자가 없는 숫자는 경보의 원인입니다. 수정된 코드의 예: 숫자를 편집하여 정확한 글자 주소를 추가하십시오.
NGC,672.0000,672,0000,MULTIPLE O CODES DETECTED,Multiple program O codes were detected in FNC file. Correct or delete the extra O codes.,다중 O코드 감지됨,다중 프로그램 O 코드가 FNC 파일에서 감지되었습니다. 여분의 O코드를 수정하거나 삭제하십시오.
NGC,9117.0000,9117,0000,CHECK TAILSTOCK PRESSURE,Hydraulic tailstock pressure is low. ,심압대 압력 점검,유압 심압대 압력이 낮습니다.
NGC,812.0000,812,0000,PROBE ARM NOT DOWN,"The probe arm is not in position for the operation. Enter the probe menu by pressing MDI/DNC and then PRGRM CONVRS, and selecting the Probe tab. Press F1 to lower the probe arm.",프로브 암이 내려가지 않음,프로브 암이 동작에 적합한 위치에 있지 않습니다. MDI/DNC를 누른 다음 PRGRM CONVRS를 누르고 프로브 탭을 선택해 프로브 메뉴에 들어가십시오. F1을 눌러 프로브 암을 내리십시오.
CHC-Lathe,823.0000,823,0000,SERVO AUTO DOOR STOPPED,"The Auto Door did not open or close completely due to an obstruction. The most common causes are an object blocking door motion and chip build up on the door guide rails. Check for these problems first. A less likely cause is that the door is out of adjustment. Once the cause of this fault is determined normal operation can continue. Note: this alarm only occurs with M85 and M86, but not with the door button.",서보 자동 도어 멈춤(SERVO AUTO DOOR STOPPED),"자동 도어가 장애물로 인해 완전히 열리거나 닫히지 않았습니다. 가장 일반적인 원인은 문의 동작을 막는 물체 또는 도어 가이드 레일에 쌓인 칩 때문입니다. 먼저 이러한 문제를 확인하십시오. 아주 적은 경우 도어가 조정을 벗어난 것이 원인입니다. 일단 고장의 원인이 확정되면 일반 작동이 지속될 수 있습니다. 참고: 경보는 M85 및 M86와 함께 발생하는 경우이지만, 도어 버튼과 함께 발생하지 않습니다."
NGC,9883.0000,9883,0000,ANALOG FAST3 OVER LIMIT,General Purpose Fast Analog input has exceeded the limit specified by the I/O Configuration file. ,아날로그 FAST3 한계 초과,일반 목적 빠른 아날로그 입력이 I/O 구성 파일이 지정한 한계를 초과했습니다.
CHC-Mill,610.0000,610,0000,V AXIS SERVO ERROR TOO LARGE,"The V axis cannot move to the commanded position. This can be caused by chips on the tool or toolholder, too much tool pressure, dull tools, or a machine crash. Clean chips from the machine. Check your program for errors and correct speeds and feeds. Check for chips on tools and toolholders. Check for dull tools. Check for a machine crash.",V축 서보 오류가 너무 큼,"V축이 명령된 위치로 이동할 수 없습니다. 이는 공구 또는 공구 홀더의 칩, 지나치게 높은 공구 압력, 무뎌진 공구 또는 기계 충돌로 인해 발생할 수 있습니다. 기계에서 칩을 깨끗이 제거하십시오. 프로그램에 오류가 있는지 확인하고 속도와 이송을 수정하십시오. 공구 및 공구 홀더에 칩이 있는지 확인하십시오. 무뎌진 공구가 있는지 확인하십시오. 기계 충돌이 있는지 확인하십시오."
NGC,2079.0000,2079,0000,LOW AIR PRESSURE DURING AXIS LUBRICATION CYCLE,The air pressure was low during several consecutive axis lubrication cycles. Check that sufficient air pressure and volume is supplied to the machine whenever it is operating. Long term operation without air will prevent the machine from being lubricated and could cause it to be damaged. ,공기 압력이 이전 축 윤활 사이클 동안 부족,공기압이 몇 번의 연속적인 축 윤활 사이클 동안에 낮아졌습니다. 작동할 때마다 충분한 공기 압력 및 용량이 기계에 공급되는지 점검합니다. 공기 없이 장기간 작동하면 기계가 윤활유를 받는 것을 방해하고 기계에 손상을 줄 수 있습니다.
NGC,12.149,12,149,SS (2ND SPINDLE) SPINDLE TURNING,"Try to command spindle to stop and then recover tool changer.  If necessary, cycle power on the machine and repeat spindle stop and recover.",SS(2차 스핀들) 스핀들 회전,스핀들에 정지하라는 명령을 보낸 후에 공구 교환장치를 복원하도록 하십시오. 필요한 경우 기계를 껐다 켜서 스핀들 정지와 복구를 반복하십시오.
CHC-Lathe,444.0000,444,0000,REGEN REMAINED ON TOO LONG,The regen resistor has stayed on too long. Make sure the line voltage to the machine's transformer is correct by referencing the installation instructions. Make sure there is no excessive weight in the chuck.,지나치게 길게 머문 회생,회생 저항기가 너무 오래 켜진 채로 있었습니다. 설치 지침을 참조하여 기계의 변압기에 연결된 라인 전압이 정확한지 확인하십시오. 척에 과도한 무게가 없는지 확인하십시오.
NGC,913.0000,913,0000,INVALID P OR  Q CODE FOR M49,"M49 must have a Q code in the block. Q must be a valid pallet status as follows:  1: Unscheduled.   Pallet is not ready to be worked.  2: Scheduled.       Pallet is ready for loading into the work space.  3: Loaded.            Pallet is in the work space.  4: Completed.       Pallet has been completed.   When a P code is used, it must be a value from 1 to the maximum number of pallets in the system.  It must be positive number without decimal point. When there is no P code on an M49 block, the status of the loaded pallet is set.",M49에 대한 잘못된 P 또는 Q코드,M49는 블록에 Q코드를 가져야 합니다. Q는 다음과 같이 유효한 팔레트 상태입니다. 1: 예정되지 않음. 팔레트가 작동 준비가 되지않았습니다. 2: 예정됨. 팔레트가 작업 공간 안으로 로딩될 준비가 되어 있습니다. 3: 적재됨. 팔레트가 작업 공간에 있습니다. 4: 완료됨. 팔레트가 완료되었습니다. P코드가 사용될 경우 이 코드는 시스템의 팔레트 수 1부터 최대값까지의 값이어야 합니다. 그 값은 소수점이 없는 양수여야 합니다. M49 블록에 P코드가 없을 때 적재된 팔레트의 상태가 설정됩니다.
CHC-Lathe,924.0000,924,0000,SS LOW LUBE OR LOW PRESSURE, Way lube is low or empty or there is no lube pressure or too high a pressure. Check tank at rear of machine and below control cabinet. Also check connector on the side of the control cabinet. Check that the lube lines are not blocked. Parameter 616 determines cycle time.,SS 적은 윤활유 또는 낮은 압력(SS LOW LUBE OR LOW PRESSURE), 웨이 윤활유가 낮거나 비어 있습니다 또는 윤활유 압력이 없거나 압력이 지나치게 높습니다. 기계 뒤쪽과 제어 캐비닛 밑의 탱크를 확인하십시오. 또한 제어 캐비닛의 측면에 붙은 커넥터를 확인하십시오. 윤활유 라인이 막혔는지 확인하십시오. 파라미터 616은 사이클 시간을 결정합니다.
NGC,622.0000,622,0000,TOOL-CHANGER ARM FAULT,The tool–changer arm is not at the origin.  This can be caused by the arm motor being out of position at power up. This may also be caused when a tool–change process has been interrupted and then a tool–change is commanded. – Reset all alarms. Perform a tool–changer recovery by pressing the RECOVER button. ,공구 교환장치 암 고장,"공구 이동장치 암이 원점에 없습니다. 이것은 전원이 켜졌을 때 위치에서 벗어난 암 모터가 원인일 수 있습니다. 이것은 공구 교환 과정이 차단된 다음, 공구 교환이라는 명령을 받았을 때 발생할 수도 있습니다. - 모든 경보를 리셋하십시오. RECOVER 버튼을 눌러 공구 교환장치를 복원하십시오."
NGC,9110.0000,9110,0000,WATER DETECTED IN PNEUMATIC SYSTEM,Water has been detected in your pneumatic system. Drain the water out of the main manifold by using the air gun. Make sure the water purge valve is operating correctly. If this condition happens frequently you can help the machine dump water more effectively by modifying settings 242 and 243.,공압 시스템에서 물이 감지됨,물이 공압 시스템에서 감지되었습니다. 에어 건을 사용하여 메인 매니폴드에서 물을 빼냅니다. 급수 밸브가 올바르게 작동하는지 반드시 확인합니다. 이러한 상태가 자주 발생할 경우 설정값 242 및 243을 수정하여 기계가 물을 더 효과적으로 배출할 수 있도록 할 수 있습니다.
NGC,9138.0000,9138,0000,AXIS INVISIBLE,The program commanded motion for an axis that is not visible. Edit the program to remove the commands for the invisible axis. ,축이 보이지 않음,프로그램이 보이지 않는 축에 대한 동작을 명령했습니다. 프로그램을 편집하여 보이지 않는 축에 대한 명령을 제거하십시오.
CHC-Mill,260.0000,260,0000,LANGUAGE CRC,Indicates Flash memory has been corrupted or damaged. Please reload foreign language files.,언어 CRC,플래시 메모리가 오염되었거나 손상되었음을 나타냅니다. 외국어 파일을 다시 로드해주십시오.
CHC-Mill,166.0000,166,0000,Y-AXIS ZERO RETURN MARGIN IS TOO SMALL,The home switch is too close to the motor encoder reference mark.,Y축 영점 복귀 마진이 너무 적음,원점 스위치가 모터 인코더 참조 표시에 너무 가깝습니다.
NGC,2022.0000,2022,0000,TURRET FAILED TO LEAVE CLAMP SWITCH,The tool turret attempted to unclamp but failed to leave the clamp switch. Check for any obstructions or problems with the unclamp mechanism.,터렛이 클램프 스위치를 벗어나는 데 실패,공구 터렛이 클램핑을 해제하려 했으나 클램프 해제 스위치를 벗어나는데 실패하였습니다. 클램핑 해제 메커니즘과 함께 모든 장애물 또는 문제를 확인하십시오.
CHC-Lathe,2081.0000,2081,0000,LOW TOOL AIR BLAST PRESSURE,The TAB (Tool Air Blast) air pressure fell below the psi specified in parameter 1378 for the time permitted by parameter 1379.,낮은 공구 공기 분사장치 압력,"공구 공기 분사 장치(Tool Air Blast, TAB) 공기 압력이 파라미터 1379에서 허용하는 시간 동안 파라미터 1378에 지정된 psi 아래로 떨어졌습니다."
NGC,891.0000,891,0000,SPINDLE SYNCH ERROR HAS EXCEEDED LIMIT,"During G199, spindle synchronization, the control detected a condition where the maximum synchronization error was exceeded.",스핀들 동기화 오류가 한계를 초과함,"G199, 스핀들 동기화 중에 제어가 최대 동기화 오류가 초과한 상태를 감지했습니다."
CHC-Lathe,275.0000,275,0000,C AXIS Z CH MISSING,"Z reference signal from encoder was not received as expected. Can be caused by loose connections, encoder contamination, or parameter error.",C축 Z채널 누락,"인코더로부터 Z 참조 신호가 예상대로 수신되지 않았습니다. 느슨한 연결, 인코더 오염 또는 파라미터 오류가 원인일 수 있습니다."
NGC,9837.0000,9837,0000,I O CALIBRATION ERROR,"IOPCB Calibration error.  Either calibration did not occur during power up or the new calibration values do not match the previous values.  Power cycle the machine.   If the alarm persists,  with the alarm on the screen insert a USB device and press [SHIFT] and the [F3] button to generate an error report.  The error report will be saved to the USB device, e-mail the error report file to your local Haas Factory Outlet for further review. ",I/O 교정 오류,IOPCB 보정 오류. 전원을 켜는 동안 보정이 수행되지 않았거나 새 보정 값이 이전 값과 일치하지 않습니다. 기계의 전원을 껐다 켰다 해주십시오. 경보가 지속되면 화면의 경보가 있는 상태에서 USB 장치를 삽입하고 [SHIFT] 및 [F3] 버튼을 눌러 오류 보고서를 생성하십시오. 오류 보고서는 USB 장치에 저장됩니다. 추가 검토를 위해 오류 보고서 파일을 귀하의 현지 Haas 직영 창고 매장으로 이메일로 보내십시오.
CHC-Mill,335.0000,335,0000,Z–AXIS DISABLED,There was an attempt to move an axis that is not installed in the machine. Check your program for commands to move a nonexistent axis.  Check your program.,Z축 비활성화됨,기계에 설치되지 않은 축을 이동시키려는 시도가 있었습니다. 존재하지 않는 축을 이동시키는 명령이 프로그램에 있는지 확인하십시오. 프로그램을 확인하십시오.
CHC-Mill,420.0000,420,0000,PROGRAM NUMBER MISMATCH,O code in program being loaded to machine memory did not match O code entered at the keyboard to receive. This is a warning message only and does not stop the transfer.,프로그램 번호 불일치,기계 메모리에 로드된 프로그램의 “O” 코드는 수신되기 위해 키보드에 입력되는 “O”와 맞지 않았습니다. 이것은 단지 경고 메시지일 뿐이며 전송을 중단하지는 않습니다.
CHC-Mill,549.0000,549,0000,INTERNAL FEED ERROR DETECTED,"This indicates the control software has a problem with a feed rate being too high or near zero. Check your program. On controls prior to M18.26A, this could be caused by a Cutter Comp entry stroke equal to the tool radius.",내부 이송 오류 감지됨,이는 제어 소프트웨어가 너무 높거나 0에 가까울 정도의 이송량에 문제가 있음을 표시합니다. 프로그램을 확인하십시오. M18.26A 이전의 제어에서 이는 공구 반경과 동일한 컷터 보정 진입 스트로크로 인해 발생할 수 있습니다.
CHC-Mill,251.0000,251,0000,PROGRAM DATA STRUCTURE ERROR,Possible corrupted program. Make sure setting 23 is off. Save all programs to USB or disk. Delete all programs and then reload them.,프로그램 데이터 구조 오류,손상된 프로그램일 가능성이 있음. 설정 23이 꺼져 있는지 확인하십시오. 모든 프로그램을 USB 또는 디스크에 저장하십시오. 모든 프로그램을 삭제한 다음 그 프로그램을 다시 로드하십시오.
CHC-Mill,150.0000,150,0000,Z AND TOOL INTERLOCKED," Tool changer not at home and either the Z or A or B axis (or any combination) is not at machine zero position. If RESET, ESTOP, or POWER OFF occurs during tool change, Zaxis motion and tool changer motion may not be safe. Check the position of the tool changer and remove the tool if possible. Reinitialize with the AUTO ALL AXES button but be sure that the pocket facing the spindle afterwards does not contain a tool. For machines initialized as VR parameters 212 and 213 tool change offset need to be set and parameters 269 and 270 Bit 4 both need to be 1 for a tool change to occur without this alarm. This alarm can occur after a software upgrade with incorrect parameters.",Z 및 공구 연동," 공구 교환장치가 원점에 없으며 Z, A 또는 B축(또는 이들의 여러 조합)이 기계 영점 위치에 없습니다. 공구 교환 중에 RESET, ESTOP 또는 POWER OFF가 발생하면 Z축 움직임과 공구 교환장치 움직임은 안전하지 않습니다. 공구 교환장치의 위치를 확인하고 가능하면 공구를 제거하십시오. AUTO ALL AXES 버튼으로 다시 초기화하십시오, 그러나 나중에 스핀들을 향하는 포켓에 공구가 없는지 확인하십시오. VR 파라미터 212과 213으로 초기화된 기계의 경우 공구 교환 오프셋을 설정해야 하고, 파라미터 269 및 270 비트 4가 모두 1이어야 이 경보없이 공구 교환이 이루어집니다. 이 경보는 소프트 업그레이드가 부정확한 파라미터와 함께 이루어진 후에 발생합니다."
CHC-Mill,508.0000,508,0000,DIVISION BY ZERO,A division in a macro expression attempted to divide by zero. Re-configure the macro expression. Check macro formatting for a calculation or call that is referencing a zero value variable.,0으로 나누기,매크로 표현식 나누기에서 0으로 나누려는 시도가 있었습니다. 매크로 표현식을 재구성하십시오. 매크로 형식이 값이 0인 변수를 참조하는 계산이거나 호출인지를 확인합니다.
NGC,5.4012,5,4012,A-AXIS BRAKE PRESSURE DETECTED AFTER BRAKE IS RELEASED,"One of the rotary axis brakes was released, but the brake system sensor indicates brake pressure did not dissipate. Continued use could damage the axis brake system.",A축 브레이크 해제 후 브레이크 압력이 감지됨,회전 축 브레이크 중 하나가 해제되었지만 브레이크 시스템 센서가 브레이크 압력이 소멸되지 않았다고 표시합니다. 계속 사용하면 축 브레이크 시스템이 손상될 수 있습니다.
CHC-Mill,389.0000,389,0000,"G17, G18, G19 ILLEGAL IN G68",Planes of rotation cannot be changed while rotation is enabled. Cancel rotation then select new plane.,"G68에서 위법인 G17, G18, G19",회전 평면은 회전이 활성화되어 있는 동안 변경될 수 없습니다. 회전을 최소한 후에 새로운 평면을 선택하십시오.
NGC,5.4011,5,4011,A-AXIS ROTARY BRAKE ENGAGEMENT FAILURE,The rotary table brake system did not engage in time. The rotary table might be unable to hold position for machining.,A축 회전 브레이크 개입 오류,회전 테이블 브레이크 시스템이 적시에 개입하지 않았습니다. 회전 테이블은 일치하기 위한 위치를 유지하지 못할 수 있습니다.
NGC,20025.0000,20025,0000,AIR PRESSURE EXCEEDED THRESHOLD VALUE,Air Pressure exceeds Parameter 1292 value. This is an informational message only. No parts need to be replaced.,,
NGC,9151.0000,9151,0000,ROBOT DISCONNECTED,"Haas Control does not have current connection link to robot interface. Verify Ethernet cable is attached on both ends, no physical damage. Verify IP configuration is correct. Network adapter is secure and status is UP.",로봇의 연결이 끊김,Haas Control은 로봇 인터페이스에 현재 연결된 링크를 가지고 있지 않습니다. 이더넷 케이블이 양 끝단에 부착되고 물리적인 손상이 없음을 확인하십시오. IP 구성이 정확한지 확인하십시오. 네트워크 어댑터가 안전하고 상태가 업인 상태입니다.
NGC,963.0000,963,0000,UNABLE TO FNC FROM THIS DEVICE,This device may not function from FNC. Change setting 134 the connectiontype to an appropriate FNC device and try again. Check the operators manual for devices that are capable of FNC.,장치에서 FNC할 수 없음.,장치가 FNC로부터 기능할 수 없는지 모릅니다. 설정 134을 적절한 FNC 장치에 대한 연결 유형으로 바꾸고 다시 시도해보십시오. 운영자 매뉴얼에서 FNC 가능한 장치를 찾아보십시오.
NGC,966.0000,966,0000,EXCESSIVE TOOL IMBALANCE,"There is a vibration sensor built into the main processor that detects excessive vibration.  All machine movement has stopped, due to a potentially dangerous vibration. 
Check for bent or damaged tools. Never use damaged or imbalanced tools.  After you correct the cause of the excessive vibration, you can continue normal operation. If your application requires machine vibration greater than allowed, you can use Setting 245 to adjust the vibration sensitivity. 

Note: This alarm can also be generated if the main processor mounting hardware or if the electrical control mounting hardware is not secured properly.",과도한 공구 불균형,진동 센서가 메인 프로세서에 내장되어 과도한 진동을 감지합니다. 모든 기계 운동이 잠재적으로 위험한 진동으로 인하여 정지하였습니다. 공구가 구부러졌는지 또는 손상되었는지 확인하십시오. 손상되었거나 균형이 안맞는 공구를 결코 사용하지 마십시오. 과도한 진동의 원인을 해결한 후에 일반 작업을 계속 진행할 수 있습니다. 응용 장치가 허용된 것보다 더 큰 기계 진동이 필요한 경우 Setting 245를 사용하여 진동 감도를 조정할 수 있습니다. 참고: 또한 이러한 경보는 메인 프로세서 장착 하드웨어 또는 전기 제어 장착 하드웨어가 적절하게 보호되지 않아서 발생할 수 있습니다.
NGC,2072.0000,2072,0000,SPINDLE FAILED TO STOP DURING TSC,"Through spindle coolant (TSC) was commanded to turn on by M88, and during TSC on process, spindle failed to stop. ",스핀들 TSC 중에 정지 실패,TSC는 M88에 의해 켜지도록 명령을 받았으며 TSC 켜짐 프로세스 중에 스핀들이 정지에 실패했습니다.
CHC-Mill,1093.0000,1093,0000,PROBE FAIL,This alarm was generated by a macro command in a program.,프로브 고장,이 경보는 프로그램의 매크로 명령에 의해 생성되었습니다.
NGC,9160.0000,9160,0000,ROBOT EMERGENCY STOP,The Robot Emergency Stop button was pressed either from the robot control box or the remote pendant. Or robot estop chain is broken. Please release the Robot Emergency Stop button(s) and press reset to proceed. Verify all robot estops are released. Verify estop wiring (including external estop inputs) to robot are intact and correctly wired.,ROBOT EMERGENCY STOP(로봇 비상 정지),로봇 제어 박스 또는 원격 펜던트에서 Robot Emergency Stop(로봇 비상 정지) 버튼이 눌러졌습니다. 또는 로봇 EStop 체인이 끊어졌습니다. Robot Emergency Stop(로봇 비상 정지) 버튼을 해제한 후 reset(리셋)을 눌러 계속 진행하십시오. 모든 로봇 EStop을 해제했는지 확인하십시오. 로봇에 대한 EStop 배선(외부 EStop 입력 포함)이 온전한 상태이며 올바르게 배선되어 있는지 확인하십시오.
NGC,9156.406,9156,406,"SRVO-406 DCS SSO SVOFF input %x,%x",The fence is open in Run Mode. Make sure the interlock is working and that machine is receiving the interlock input signal.,"SRVO-406 DCS SSO SVOFF 입력 %x,%x",런 모드에서 울타리가 개방되었습니다. 인터록이 작동 중이고 기계가 인터록 입력 신호를 수신하고 있는지 확인하십시오.
CHC-Lathe,464.0000,464,0000,W–AXIS OVER TRAVEL RANGE,The W–axis was commanded to move farther than travel limits allow. – Reset the machine. Check your program for errors. Check for improper Work Offsets.,W축의 이동거리 범위,W축에 대해 이동거리 제한이 허용하는 것보다 더 멀리 이동하라는 명령이 내려졌습니다. - 기계를 리셋합니다. 프로그램에 오류가 있는지 확인하십시오. 부적절한 워크 오프셋을 확인하십시오.
CHC-Lathe,103.0000,103,0000,X AXIS SERVO ERROR TOO LARGE,"The X axis cannot move to the commanded position. This can be caused by chips on the tool or toolholder, too much tool pressure, dull tools, or a machine crash. Clean chips from the machine. Check your program for errors and correct speeds and feeds. Check for chips on tools and toolholders. Check for dull tools. Check for a machine crash.
",X축 서보 오류가 너무 큼,"X축이 명령된 위치로 이동할 수 없습니다. 이는 공구 또는 공구 홀더의 칩, 지나치게 높은 공구 압력, 무뎌진 공구 또는 기계 충돌로 인해 발생할 수 있습니다. 기계에서 칩을 깨끗이 제거하십시오. 프로그램에 오류가 있는지 확인하고 속도와 이송을 수정하십시오. 공구 및 공구 홀더에 칩이 있는지 확인하십시오. 무뎌진 공구가 있는지 확인하십시오. 기계 충돌이 있는지 확인하십시오.
"
CHC-Lathe,764.0000,764,0000,SP–AXIS SPINDLE CABLE FAULT,The SP–axis spindle encoder cable does not have valid signals.,SP축 스핀들 케이블 고장,SP축 인코더 케이블 신호가 유효하지 않습니다.
CHC-Mill,163.0000,163,0000,Z–AXIS DRIVE FAULT,"General Alarm: A fault was reported by the Z–axis servo drive. The servos have been turned off. There will be a secondary alarm which will display more specific information, with repair details. – Investigate any secondary alarms.",Z축 드라이브 고장,일반 경보: Z축 서보 드라이브에 의해 오류가 보고되었습니다. 서보가 꺼져 있었습니다. 수리 세부 사항과 더불어 더 구체적인 정보를 표시하는 2차 경보가 있을 것입니다. - 모든 2차 경보를 조사하십시오.
NGC,602.0000,602,0000,X DIRECTION CHANGE IN PQ BLOCKS,-An X axis direction change was found in a G71 or G72 canned cycle.  X direction change is only allowed in a G71 type II canned cycle and is never allowed in a G72 cycle. Check all of the lines between the P and Q line numbers. Select type II by putting a,PQ 블록의 X 방향 변경,-X축 방향 변경이 G71 또는 G72 고정 사이클에서 발견되었습니다. X 방향 변경은 G71 유형 II 고정 사이클에서만 허용되며 G72 주기에서는 허용되지 않습니다. P 및 Q 라인 숫자 사이의 모든 라인을 검사하십시오. 다음을 넣어 유형 II을 선택하십시오.
NGC,534.0000,534,0000,DO OR END ALREADY IN USE,Multiple use of a DO that has not been closed by an END in the same subroutine. Close condition with END and use another DO number.  ,DO 또는 END가 이미 사용 중,동일한 서브루틴에서 END에 의해 닫혀지지 않은 DO의 다양한 사용. END로 조건을 닫고 또 다른 DO 숫자를 사용하십시오.
NGC,950.0000,950,0000,APC ILLEGAL SWITCH CONDITION LIFT FRAME,"The pallet changer lift frame switches indicate that the pallet changer lift frame is up and down at the same time. This occurs only at the beginning of or during an M50 pallet change.  This can be caused by debris on the switches or faulty electrical switch connections and wiring. Verify an adequate supply of hydraulic pressure and/or fluid. Check the lift frame position switches for debris on the switches. After correcting the cause, recover the pallet changer.  ",APC 위법 스위치 상태 리프트 프레임,"팔레트 교환장치 리프트 프레임 스위치가 팔레트 교환장치 리프트 프레임이 동시에 위아래로 되었음을 표시합니다. 이는 M50 팔레트 교환을 시작하는 초기나 중간에만 발생합니다. 이는 스위치의 찌꺼기 또는 전기 스위치 연결 및 배선 불량이 원인일 수 있습니다. 유압 및 유체 체적을 적절히 공급하는지 확인하십시오. 리프트 프레임 위치 스위치에 찌꺼기가 있는지 확인하십시오. 원인을 결정하고, 팔레트 교환장치를 복구하십시오."
NGC,9887.0000,9887,0000,PALLET POOL LIFTER IS UP,"The Pallet Pool lifter is in an invalid state. The lifter is up when attempting to retrieve a pallet. Press RECOVER to attempt auto-recovery, or enter the recovery page and verify that the lifter is operational by commanding it up and down. Check INPUT 38 that it is working correctly. ",팔레트 풀 리프터 위 상태,팔레트 풀 리프터가 잘못된 상태에 있습니다. 팔레트를 찾으려고 할 때 리프터가 위에 있는 상태입니다. 위치 복구(RECOVER TO)를 눌러 자동 복구하거나 복구 페이지에 가서 리프터가 상승 하강하는 명령에 의해 작동하는지 확인하십시오. 입력 38이 올바르게 작동하는지 확인하십시오.
NGC,9909.0000,9909,0000,SPINDLES SPEED SYNCHRONIZATION ERROR,Spindles speed could not be synchronized within allowed time. Try to lower synchronization speed. ,스핀들 속도 동기화 오류,스핀들 속도가 허용된 시간 안에 동기화가 안 됩니다. 동기화 속도를 낮추어 보십시오.
CHC-Mill,116.0000,116,0000,SPINDLE ORIENTATION FAULT,"Spindle orientation was commanded manually, by M19, or by tool change but did not complete. Check for anything mechanically binding the spindle.",스핀들 오리엔테이션 고장,스핀들 오리엔테이션이 M19 또는 공구 교환에 의하여 수동으로 명령을 받았으나 완료되지 않았습니다. 스핀들에 기계적으로 묶여 것이 있는지 확인하십시오.
CHC-Lathe,150.0000,150,0000,I–MODE OUT OF RANGE,An I–MODE OUT OF RANGE error has been sensed.,범위를 벗어난 I-MODE,범위를 벗어난 I-MODE 오류가 감지되었습니다.
CHC-Mill,646.0000,646,0000,ELECTRICAL SUPPLY ERROR,"The electrical supply to the machine does not meet the requirements to run it. One phase of the three–phase power supplied to the machine has been disconnected. The voltage or frequency of the incoming power is not normal. – Make sure the power supplied to the machine is adequate, as described in the User Manual.",전기 공급장치 오류,기계의 전기 공급장치가 기계를 실행시키기 위한 요건을 충족시키지 않습니다. 기계에 공급되는 3상 전원 중 하나의 위상의 연결이 끊어져 있습니다. 인입 전원의 전압이나 주파수가 정상이 아닙니다. - 기계에 공급되는 전원이 사용자 매뉴얼의 설명대로 적절한지 확인하십시오.
NGC,848.0000,848,0000,160V DC BUS LINE OVERVOLTAGE,"The voltage of both the 160V and 320V DC buses have exceeded the maximum limit. This is probably caused by high incoming line voltage or an improperly tapped main transformer. If this condition persists, an automatic shutdown will begin after the interval as specified by parameter 296.",160V DC 버스 라인 과전압,160V 및 320V DC 버스 모두의 전압이 최대 한계를 초과했습니다. 이는 아마도 높은 인입선 전압 또는 부적절하게 태핑된 주 변압기에 의한 것일 수 있습니다. 이 상태가 지속되면 파라미터 296에 지정된 간격 후에 자동 종료가 시작됩니다.
CHC-Mill,558.0000,558,0000,B–AXIS SECONDARY ENCODER POSITION MISMATCH,The Position reported by the secondary encoder does not match the position reported by the primary encoder. This alarm cannot be reset.  Turn the machine off and back on. Continue normal operation if possible. Contact your local Haas Factory Outlet.,B축 2차 인코더 위치 불일치,2차 인코더에 의해 보고된 위치는 1차 인코더에 의해 보고된 위치와 맞지 않습니다. 이 경보는 리셋할 수 없습니다. 기계를 끄고 다시 켜십시오. 가능하면 일반 운전을 계속하십시오. 현지 Haas 직영 창고 매장에 문의하십시오.
NGC,9955.0000,9955,0000,VECTOR DRIVE OR DC POWER UNDER VOLTAGE,The Vector Drive or 320V PS has reported an under voltage condition but the monitored voltage (per the DC bus gauge) is still normal.  The most likely cause is a cable or hardware failure in the Vector Drive / 320V power supply.,벡터 드라이브 또는 DC 전원 전압 부족,"벡터 드라이브 또는 320V PS에서 전압 부족 상태가 보고되었지만, 모니터링되는 전압(DC 버스 게이지당)은 여전히 정상입니다. 이런 경우 대부분 벡터 드라이브/ 320V 전원 공급장치에 케이블 또는 하드웨어에 장애가 있기 때문입니다."
CHC-Lathe,604.0000,604,0000,DIRECTION CHANGE IN ARC IN PQ BLOCK,An X or Z axis direction change was found in an arc in a G71 or G72 canned cycle. Check all of the lines between the P and Q line numbers.,PQ 블록의 활 모양 방향 변경,X축 또는 Z축 방향 변경이 G71 또는 G72 고정 사이클의 활 모양으로 발견되었습니다. P 및 Q 라인 숫자 사이의 모든 라인을 검사하십시오.
CHC-Mill,179.0000,179,0000,LOW GEARBOX OIL PRESSURE,This alarm occurs when the gearbox oil is low or the oil pressure does not meet factory specifications.  Add oil to the gearbox.,낮은 기어박스 오일 압력,기어박스 오일이 낮거나 오일 압력이 공장 규격에 맞지 않을 경우 경보가 발생합니다. 기어박스에 오일을 추가하십시오.
NGC,365.0000,365,0000,P DEFINITION ERROR,"  An M29, M59, M69, or G154 has a missing or invalid P-code. M29, M59, and M69 require a P-code between 0 and 255.  The P-code specifies the I/O relay to turn on or off.  G154 requires a P-code between 1 and 99.  The P-code specifies the additional work offset to use.    ",P 정의 오류,"  M29, M59, M69 또는 G154는 누락되었거나 잘못된 P코드를 가집니다. M29, M59 및 M69는 0과 255사이의 P코드를 요구합니다. P코드는 I/O릴레이 켜기와 끄기를 지정합니다. G154는 1과 99사이에 P코드를 요구합니다. P코드는 사용할 추가 워크 오프셋을 지정합니다."
NGC,9824.0000,9824,0000,SHOWER COOLANT VFD FAULT,The variable frequency drive for the shower coolant pump has reported a fault condition. Press [RESET] to attemp to clear the fault. ,샤워 절삭유 VFD 고장,샤워 절삭유 펌프의 가변 주파수 드라이브에서 고장 상태가 보고되었습니다. [RESET]을 눌러 고장 삭제를 시도하십시오.
NGC,296.0000,296,0000,INVALID PLANE SELECTION IN G01 CHAMFER OR CORNER ROUNDING,"  The program changed the plane furing a ,C (comma C) chamfer move or ,R (comma R) corner rounding move. The G01 moves before and after a ,C or ,R command must be in the same plane.  Example Code with Error The corner rounding move starts in the G18 plane and ends in the G19 plane.   Example Corrected Code The G19 plane change now takes place after the Y2. move. This keeps the G18 plane active during the ,C chamfer move.      ",G01 모따기 또는 코너 라운딩에서의 잘못된 평면 선택,"  프로그램은 ,C(콤마 C) 모따기 이동 또는 ,R(콤마 R) 코너 라운딩 이동을 수행하는 평면을 변경합니다. G01은 ,C 와 ,R 명령이 동일한 평면에 있는 것이 확실한 전과 후에 이동합니다. 오류가 있는 코드의 예: 코너 라운딩 이동은 G18에서 시작하고 G19에서 끝납니다. 수정된 코드의 예: G19 평면 변경은 이제 Y2. 이동 이후에 발생합니다. 이것은 G18이 ,C 모따기 이동 중에 활성화를 유지합니다."
NGC,302.0000,302,0000,INVALID R IN G02 OR G03,The Radius (R) specified for this arc is too small.  It must be larger than half the distance from the start to the end point of the arc. ,G02 또는 G03의 잘못된 R,이 호에 지정된 반경(R)이 너무 작습니다. 호의 시작과 끝점 거리의 절반 보다 커야 합니다.
NGC,6.103,6,103,B-AXIS SERVO ERROR TOO LARGE,The axis cannot move to the commanded position and the error grew too large.,B축 서보 오류 과도함,축이 명령된 위치로 움직일 수 없으며 오류가 너무 커집니다.
CHC-Lathe,735.0000,735,0000,TT (Live Tooling) AXIS MOTOR Z FAULT,An Encoder fault has been sensed. The ZReference signal from the encoder was not received as expected. Cycle power on the machine.,TT(라이브 툴링) 축 모터 Z 고장,인코더 고장이 감지되었습니다. 인코더로부터 온 Z 참조 신호는 예상대로 수신되지 않았습니다. 기계의 전원을 껐다 켰다 해주십시오.
CHC-Mill,303.0000,303,0000,INVALID X OR Z IN G02 OR G03,"No axis motion is specified when the radius of a G2 or G3 arc is specified with R. When defining a radius using R, full 360 degree circles are not allowed. Break the circle into two arcs or program using I, J, K.",G02 또는 G03의 잘못된 X 또는 Z,"G2 또는 G3 호의 반경이 R로 지정된 경우 축 동작은 지정되지 않습니다. R을 사용하여 반경을 정의할 때 완전히 360도인 원은 허용되지 않습니다. 원을 잘라 두 개의 호로 만들거나 I, J, K를 이용하여 프로그램하십시오."
NGC,9101.0000,9101,0000,RESETTABLE SOFTWARE ERROR,"Press reset and continue. If necessary power cycle the machine.   If the alarm persists,  with the alarm on the screen insert a USB device and press [SHIFT] and the [F3] button to generate an error report.  The error report will be saved to the USB device, e-mail the error report file to your local Haas Factory Outlet for further review. ",리셋 가능한 소프트웨어 오류,리셋을 누르고 계속하십시오. 필요한 경우 기계의 전원을 껐다 켜십시오. 경보가 지속되면 화면의 경보가 있는 상태에서 USB 장치를 삽입하고 [SHIFT] 및 [F3] 버튼을 눌러 오류 보고서를 생성하십시오. 오류 보고서는 USB 장치에 저장됩니다. 추가 검토를 위해 오류 보고서 파일을 현지 Haas 직영 창고 매장으로 이메일로 보내십시오.
NGC,6.108,6,108,B-AXIS SERVO OVERLOAD,This can occur if the load on the motor is over 100% for a period of several seconds or even minutes. Reduce load on the axis by adjusting the feeds and speeds. Check for dull or broken tools.,B축 서보 과부하,이것은 모터의 부하가 몇 초 또는 심지어 몇 분 동안 100%를 초과하는 경우 발생할 수 있습니다. 이송 및 속도를 조정하여 축에 걸리는 부하를 줄이십시오. 무뎌졌거나 부서진 공구를 확인하십시오.
NGC,4.992,4,992,S (SPINDLE) AMPLIFIER OVER CURRENT,"An Amplifier has sensed excessive current going to the motor. This can be caused by a stalled motor, a high motor load for a short duration, a spindle speed that is too low during a cut, or entering a heavy cut with a dull or broken tool. Check your tools. Check your speeds and feeds.",S(스핀들) 앰프 과전류,"증폭기가 모터에 지나친 전류가 흐르는지를 감지했습니다. 이것은 정지된 모터, 짧은 기간 중의 높은 모터 부하, 절삭 동안에 너무 낮은 스핀들 회전수 또는 무뎌지고 깨진 공구에 과도한 절삭 입력이 원인일 수 있습니다. 공구를 확인하십시오. 속도와 이송을 확인하십시오."
NGC,4.993,4,993,S (SPINDLE) SHORT CIRCUIT,The Vector Drive reported a short circuit.  Use the Vector Drive troubleshooting guide to examine the Vector Drive board for any evidence of the short.,S(스핀들) 단락,벡터 드라이브가 단락된 회로를 보고합니다. 벡터 드라이브 문제 해결 가이드를 사용하여 벡터 드라이브 보드에 단락의 증거가 있는지 확인하십시오.
NGC,9408.0000,9408,0000,ELECTRIC VISE SPINDLE RUNNING,This alarms occurs because thevise denoted by the work holdingonewas ordered to retract while the main spindle was running  To troubleshoot this issue:    Stop the main spindle    ,전기 바이스 스핀들 작동,이 경보는 바이스 하나를 잡고 있는 작업에 의해 표시된 바이스가 메인 스핀들이 실행 중에 후퇴하도록 명령을 받은 경우에 발생합니다. 이 문제를 고장 수리하려면:    메인 스핀들을 정지시킵니다.
NGC,9713,9713,,NODE APPLICATION CORRUPTED,IO Board has detected a CAN device with corrupted application.,노드 응용 장치 손상됨,IO 기판이 응용 장치가 손상된 CAN 장치를 감지했습니다.
NGC,4.994,4,994,S (SPINDLE) AMPLIFIER OVERLOAD,The Amplifier has sensed a high load for an extended period of time. This can be caused by running the amplifier at high loads for an excessive amount of time. – A preceding alarm will indicate which axis has overloaded. Check that your program has the correct speeds and feeds for the material and the cutting tool. Make sure the correct tool for the application is being used. Check for dull or broken tools.,,
NGC,9714,9714,,NODE BOOTLOADER CORRUPTED,IO Board has detected a CAN device with corrupted bootloader firmware.,노드 부트로더 손상됨,IO 기판이 부트로더 펌웨어가 손상된 CAN 장치를 감지했습니다.
NGC,2092.0000,2092,0000,G174 NO X Y Z DEPTHS COMMANDED,G174/184 command must have at least one of X/Y/Z depths specified. Check your program. ,G174 X/Y/Z 깊이 명령이 없음,G174/184 명령은 지정된 X/Y/Z 깊이 중 적어도 하나를 가져야 합니다. 프로그램을 확인하십시오.
CHC-Mill,551.0000,551,0000,WRONG SPINDLE COMMANDED," A secondary spindle command was used in the wrong mode. Do not use M143, M144, M145, M119, M114, or M115 to command the secondary spindle, when G14 is active.",잘못된 스핀들 명령," 2차 스핀들 명령이 잘못된 모드에서 사용되었습니다. M143, M144, M145, M119, M114 또는 M115를 사용하여 G14가 활성화되었을 때 2차 스핀들에 명령을 내리지 마십시오."
NGC,5.333,5,333,A_Axis Disabled,The program commanded motion for an axis that is not installed in the machine. Edit the program to remove the commands for the disabled axis.,A축 비활성화됨,프로그램이 기계에 설치되지 않은 축에 대하여 동작을 명령하였습니다. 프로그램을 편집하여 비활성화된 축에 대한 명령을 제거하십시오.
NGC,9401.0000,9401,0000,ELECTRIC VISE OPEN CLOSE AT SAME TIME,This alarmoccurs because the vise was supposed to get open and close at the same time  To troubleshoot this issue:    get a new version of the firmware  ,전기 바이스 도시에 열리고 닫힘,경보가 발생한 것이 동시에 열리고 닫히기로 되어 있기 때문입니다. 이 문제를 해결하려면 새 버전의 펌웨어를 구하십시오.
NGC,331.0000,331,0000,RANGE ERROR,  S0 is not a valid spindle RPM value. Edit your program to replace S0 with the correct RPM for your application.    Example Code with Error     S0 is not a valid spindle RPM value.     Example Corrected Code    Edit the S value to the correct RPM for your application.    ,범위 오류,  S0은 유효한 스핀들 RPM 값이 아닙니다. 프로그램을 편집하여 S0을 응용장치를 위한 정확한 RPM으로 교체하십시오. 오류가 있는 코드의 예:  S0은 스핀들 유효한 RPM 값이 아닙니다. 수정된 코드의 예:  S값을 응용 장치를 위한 정확한 RPM으로 편집하십시오.
CHC-Mill,626.0000,626,0000,TOOL POCKET SLIDE ERROR,"The carousel pocket was not in the correct position, or did not move to a commanded position, as expected. Make sure the supplied air system is adequate. Check for a pocket motion obstruction.",공구 포켓 슬라이드 오류,"캐로슬 포켓이 정확한 위치에 없거나, 명령된 위치로 예상대로 이동하지 않았습니다. 공급된 공기 시스템이 적절한지 확인하십시오. 포켓 동작 장애물이 있는지 확인하십시오."
NGC,9706.0000,9706,0000,CAN NODE COMMANDED CURRENT OUT OF RANGE,"A CAN node detected that it was commanded to produce a current outside of its&nbsp;valid range. This warning can be reported from EVise or Autodoor. Check Alarm History to identify the affected device.

If you are using macro programming, check your program. If the warning persists, contact your local Haas Factory Outlet for further review.",CAN 노드 전류의 명령이 범위를 벗어남,CAN 노드가&nbsp;유효 범위 바깥으로 전류를 생산하라고 명령을 받은 것을 감지하였습니다. 이러한 경고는 E 바이스 또는 자동 도어에 의해 보고될 수 있습니다. 경보 이력을 확인하여 영향을 받는 장치를 식별하십시오. 매크로 프로그래밍을 사용한다면 프로그램을 확인하십시오. 경고가 지속되면 지역의 Haas 직영 창고 매장에 추가 점검을 위해 연락하십시오.
NGC,9984.0000,9984,0000,BAR FEEDER AND LATHE ARE NOT ALIGNED,"Pull the bar feeder, so it slides on its rollers, toward the front of the lathe until the Setup Mode Release Pedal clicks into the locked position. Then press RESET to clear alarms and resume normal operation.",봉재 이송장치와 선반이 정렬되지 않음,"봉재 이송장치를 당겨, 설정 모드 해제 페달이 잠금 위치에 클릭할 때까지 롤러에서 선반 앞쪽 방향으로 미끄러지도록 합니다. 그런 다음 RESET(리셋) 버튼을 눌러 경보를 삭제하고 정상 작동을 다시 시작합니다."
CHC-Mill,258.0000,258,0000,INVALID DPRNT FORMAT,"Macro DPRNT statement not structured properly, check the formatting of the DPRNT commands.",잘못된 DPRNT 형식,매크로 DPRNT 구성문이 적절하게 구성되지 않았으면 DPRNT 명령어의 형식을 확인하십시오.
CHC-Mill,281.0000,281,0000,Z–AXIS SECONDARY ENCODER Z FAULT,An encoder signal integrity error was sensed. The encoder position data may be unreliable.  Reset the alarms and zero return the axis.,Z축 보조 인코더 Z 고장,인코더 신호 무결성 오류가 감지되었습니다. 인코더 위치 데이터가 신뢰성이 없는 것일 수도 있습니다. 경보를 리셋하고 축을 영점 복귀시키십시오.
NGC,9880.0000,9880,0000,ANALOG GP32 OVER LIMIT, General Purpose Analog input has exceeded the limit specified by the I/O Configuration file. ,아날로그 GP32 한계 초과, 일반 목적 아날로그 입력이 I/O 구성 파일이 지정한 한계를 초과했습니다.
CHC-Lathe,137.0000,137,0000,Z-AXIS MOTOR OVERHEAT,Servo motor overheat. The temperature sensor in the motor indicates over 150F (65C). This can be caused by an extended overload of the motor; such as leaving the slide at the stops for several minutes.,Z축 모터 과열,"서보 모터 과열. 모터의 온도 센서가 65℃(150℉)를 초과하였음을 표시합니다. 이것은 예를 들어, 슬라이드를 몇 분 동안 정지 위치에 그대로 두는 것과 같은 모터의 늘어난 과부하가 원인일 수 있습니다."
NGC,9833.0000,9833,0000,SIO - OVER TEMPERATURE,"The serial I/O PCB on board processor detected an overtemperature condition,  for machines with TSC/HPC 1K options, check for correct operation of the onboard Fan. ",SIO - 온도 초과,온보드 프로세서의 시리얼 I/O PCB에서 온도 초과 상태가 감지되었습니다. TSC/HPC 1K 옵션이 있는 기계의 경우 온보드 팬이 올바르게 작동하는지 점검하십시오.
NGC,9902.0000,9902,0000,GROUND FAULT,Cycle power on the machine.,접지 고장,기계의 전원을 껐다 켜 주십시오.
CHC-Lathe,701.0000,701,0000,U–AXIS POSITION ERROR,The U–axis cannot move to the commanded position.  Check that the axis is free from obstructions. Push the RESET button to clear the alarm and to turn on the servomotors.,U축 위치 오류,U축이 명령된 위치로 이동할 수 없습니다. 축이 장애물로부터 자유로운지 확인하십시오. RESET(리셋) 버튼을 눌러 경보를 삭제하고 서보 모터를 켜십시오.
NGC,9975.0000,9975,0000,MOTOR TEMPERATURE CRITICAL OVERHEAT,"Internal temperature switch has indicated high temperature of the motor winding.  It may be caused by failed spindle fan or obstructed air flow.  It  can be caused by running the spindle at higher than 100% load for extended periods or by starting and stopping the spindle motor multiple times, for short durations, while using high speeds.   Check your program and adjust if necessary. Check for dull or damaged tools. Check the spindle cooling fan. Verify that air path is not obstructed. ",모터 온도 급격한 과열,내부 온도 스위치가 모터 권선이 고온임을 표시했습니다. 고장난 스핀들 팬 또는 공기 흐름이 방해된 것이 원인일 수 있습니다. 장시간 100% 이상의 부하에서 스핀들을 구동하거나 고속으로 사용하는 중에 스핀들 모터를 짧게 여러 번 시동하고 정지하는 경우 발생할 수 있습니다. 프로그램을 확인하고 필요하면 조종하십시오. 무뎌졌거나 손상된 공구를 확인하십시오. 스핀들 냉각팬을 확인하십시오. 공기 경로가 방해되지 않았는지 검증하십시오.
NGC,9150.378,9150,378,SRVO-378 - SFDI Status Abnormal,"The K9 and K10 Relays on I/O PCB are not installed. Make sure you have the K9 and K10 relays installed on the I/O PCB.  Refer to the Robot Installation Procedure, Electrical section.",SRVO-378 - SFDI 상태 비정상,K9 및 K10 릴레이가 I/O PCB에 설치되지 않았습니다. K9 및 K10 릴레이가 I/O PCB에 설치되었는지 확인하십시오. 전기 섹션의 로봇 설치 절차를 참조하십시오.
CHC-Lathe,254.0000,254,0000,SPINDLE MOTOR OVERHEAT,"The Spindle motor has overheated. This can be caused by running the spindle at higher than 100% load for extended periods or by starting and stopping the spindle motor multiple times, for short durations, while using high speeds. Adjust your program to lower the average load or duty cycle where possible. Check for dull or damaged tools.
",스핀들 모터 과열,"스핀들 모터가 과열되었습니다. 이는 스핀들을 100% 초과한 부하에서 시간 연장해서 실행하거나 스핀들 모터를 짧은 시간 동안 고속을 사용하는 동안 여러 번 시작 및 중지하면 발생할 수 있습니다. 프로그램을 조정하여 평균 부하 또는 가능한 경우 부하 주기를 낮추십시오. 무뎌졌거나 손상된 공구를 확인하십시오.
"
NGC,2099.0000,2099,0000,TABLETOP DRIVER DC POWER SUPPLY VOLTAGE FAULT ,TheTableTop voltage from motor drivers power supply (24Vdc) is out of normal operating rangeof 21.6 -26.4 volt. ,테이블톱 드라이버 DC 전원 공급장치 전압 고장 ,모터 드라이버 전원 공급장치(24Vdc)의 테이블톱 전압이 정상 범위인 21.6~26.4 볼트에서 벗어나 있습니다.
CHC-Mill,617.0000,617,0000,V–AXIS MOTOR OVERHEAT,The V–axis motor has overheated. – Allow the motor to cool. Reduce the load on the motor.,V축 모터 과열,V축 모터가 과열되었습니다. -모터가 냉각되도록 하십시오. 모터의 부하를 줄이십시오.
CHC-Mill,542.0000,542,0000,OPERATION NOT AVAILABLE,This operation is not compatible with FNC mode.,연산을 이용 불가능,이 연산은 FNC 모드와 적합하지 않습니다.
NGC,9921.0000,9921,0000,VELOCITY ERROR TOO LARGE,The axis cannot move with the commanded velocity and the error grew too large.  Check for a machine crash. Check your program for errors and correct speeds and feeds.  Clean chips from the machine.  Check for chips on tools and tool-holders.  Check for dull tools.  ,속도 오류가 너무 큼,축이 명령된 속도로 이동하지 않으며 오류가 너무 커졌습니다. 기계 충돌이 있는지 확인하십시오. 프로그램에 오류가 있는지 확인하고 속도와 이송을 수정하십시오. 기계에서 칩을 깨끗이 제거하십시오. 공구 및 공구 홀더에 칩이 있는지 확인하십시오. 무뎌진 공구가 있는지 확인하십시오.
NGC,9108.0000,9108,0000,POTENTIAL COLLISION DETECTED,"The machine was commanded to move outside it&#39;s work envelop. Motion has been stopped to avoid a collision. To recover from this state, press [RESET] and jog away.  Check your program, offsets andtool selection. ",잠재적 충돌이 감지됨,"기계가 작업용 봉투 밖으로 이동하라는 명령을 받았습니다. 동작을 멈추어 충돌을 피했습니다. 이런 상태에서 복구하려면 [RESET]을 누르고 조그를 멀리 하십시오. 프로그램, 오프셋 및 공구 선택을 점검하십시오."
CHC-Lathe,755.0000,755,0000,TT (Live Tooling) AXIS DRIVE FAULT,"General Alarm: A fault was reported by the Live Tooling servo drive. The servos have been turned off. There will be a secondary alarm which will display more specific information, with repair details. Investigate any secondary alarms.",TT(라이브 툴링) 드라이브 고장,일반 경보: 라이브 툴링 서보 드라이브에 의해 오류가 보고되었습니다. 서보가 꺼져 있었습니다. 수리 세부 사항과 더불어 더 구체적인 정보를 표시하는 2차 경보가 있을 것입니다. 모든 2차 경보를 조사하십시오.
NGC,819.0000,819,0000,BROKEN TOOL,This alarm is generated when the tool length error exceeds the defined tolerance. Check and replace the tool or define the correct tolerance.,파손된 공구,이 경보는 공구 길이 오차가 정의된 공차를 초과할 때 생성됩니다. 공구를 점검하고 교체하거나 정확한 공차를 정의하십시오.
NGC,243.0000,243,0000,BAD NUMBER,  An alphabetic address code contained two or more decimal points (.). Edit the program to remove the extra decimal points. Example Code with Error,잘못된 번호,  알파벳 주소 코드에 두개 이상의 소수점(.)이 있습니다. 프로그램을 수정하여 여분의 소수점을 제거하십시오. 오류가 있는 코드 사례
CHC-Lathe,166.0000,166,0000,Y ZERO RET MARGIN TOO SMALL,"This alarm will occur if the home/limit switches move or are misadjusted. It indicates that the zero return position may not be consistent from one zero return to the next. The encoder Z channel signal must occur between 1/8 and 7/8 revolution of where the home switch releases. This will not turn the servos off, but will stop the zero return operation. Check grid offset.",Y 영점 복귀 마진이 너무 작음,이 경보는 원점 리미트 스위치가 이동하거나 잘못 조정되었을 경우 발생합니다. 영점 복귀 위치 한 영점 복귀에서 다음 영점 복귀로 일관되지 않을 수 있다는 점을 알려줍니다. 인코더 Z 채널 신호는 원점 스위치가 해제되는 위치의 1/8과 7/8 회전 사이에서 발생해야 합니다. 이렇게 하면 서보가 꺼지지 않지만 영점 복귀 작동은 중지됩니다. 그리드 오프셋을 확인하십시오.
NGC,825.0000,825,0000,MAIN CONTROL INTERFACE FAULT,"A communication error with the main control has been sensed. This can occur when main control cannot communicate correctly with the SKBIF (serial keyboard interface), or when main control cannot communicate correctly with the RJH–C (color remote jog handle). This can also occur if the RJH is plugged in or unplugged while the power is ON.   – Check for loose connectors at the Remote Jog Handle controller holster. Press the RESET button to clear the alarm. ",제어판 인터페이스 고장,제어판과의 통신 오류가 감지되었습니다. 제어판이 SKBIF(직렬 키보드 인터페이스)와 올바르게 통신할 수 없는 경우 또는 제어판이 RJH–C(컬러 원격 조그 핸들)와 올바르게 통신할 수 없는 경우에 발생할 수 있습니다. 또한 RJH가 전원이 켜져 있는 동안 플러그에 끼우거나 빼는 경우에 발생할 수 있습니다. - 원격 조그 핸들 컨트롤러 고정장치에 느슨한 커넥터가 있는지 확인하십시오. 경보를 삭제하려면 RESET을 누르십시오.
NGC,9918.0000,9918,0000,SERIAL ENCODER INTERNAL DATA ERROR,"The encoder has reported an internal error or that it&#39;s internal position data is incorrect.  Reset or cycle power on the machine. 
	
Alarm is obsolete 

New alarm for encoder faults updated in software. Update to latest version 100.21.000.1130 or Higher",직렬 인코더 내부 데이터 오류,인코더가 내부 오류를 보고했거나 인코더의 내부 위치 데이터가 올바르지 않다고 보고했습니다. 기계를 리셋하거나 전원을 껐다 켜주십시오.
NGC,986.0000,986,0000,AMPLIFIER SELF-CALIBRATION FAILED,"The Amplifier self–calibration failed.  A preceding alarm will indicate which amplifier failed to calibrate.  Power cycle the machine.   If the alarm persists,  with the alarm on the screen insert a USB device and press [SHIFT] and the [F3] button to generate an error report.  The error report will be saved to the USB device, e-mail the error report file to your local Haas Factory Outlet for further review. ",증폭기 자체 보정 실패,증폭기가 자체 보정에 실패했습니다. 이전의 경보가 어떤 증포기가 보정에 실패했는지 나타냅니다. 기계의 전원을 껐다 켰다 해주십시오. 경보가 지속되면 화면의 경보가 있는 상태에서 USB 장치를 삽입하고 [SHIFT] 및 [F3] 버튼을 눌러 오류 보고서를 생성하십시오. 오류 보고서는 USB 장치에 저장됩니다. 추가 검토를 위해 오류 보고서 파일을 귀하의 현지 Haas 직영 창고 매장으로 이메일로 보내십시오.
NGC,9104.0000,9104,0000,STEADY REST UNCLAMPED OVER ALLOWED RPM,The steady rest was commanded to unclamp while main spindle speed was higher than the  spindle unclamp rpm setting (283). Correct program or setting value.,허용 RPM에 걸쳐 고정 받침대 클램핑이 해제됨,고정 받침대에 대한 명령으로 클램핑이 해제된 반면에 메인 스핀들 회전량은 스핀들 클램핑 해제 rpm 설정(283)보다 높았습니다. 프로그램 또는 설정 값을 수정하십시오.
CHC-Lathe,173.0000,173,0000,SPINDLE ENCODER Z CH MISSING,The Z channel pulse from the spindle encoder is missing for rigid tapping synchronization.,스핀들 인코더 Z 채널 누락,스핀들 인코더에서 Z 채널 펄스가 동기 태핑 동기화를 위해 누락되었습니다.
CHC-Mill,2003.0000,2003,0000,LOAD STATION EMERGENCY STOP SWITCH ERROR, The emergency stop circuit at the pallet load station has failed. Check pallet load station emergency stop switch contacts and wiring. Fix the problem and then cycle power to clear this alarm.,로드 스테이션 비상 정지 스위치 오류, 팔레트 로드 스테이션의 비상 정지 회로가 고장났습니다. 팔레트 로드 스테이션 비상 정지 스위치의 접촉 및 배선을 확인하십시오. 문제를 고친 다음에 경보를 삭제하기 위해 전원을 껐다 켰다 하십시오.
NGC,126.0000,126,0000,GEARBOX FAULT,The gearbox switches indicate that the gearbox was not correctly in gear.   – Check incoming air to the machine and make sure that it is set to Haas specifications. Press the POWER UP RESTART key to start a gearbox recovery sequence. ,기어박스 고장,"기어박스 스위치는 기어박스가 기어 안에 정확히 있지 않은 것을 표시합니다. - 기계에 유입되는 공기를 확인하고, Haas 규격에 맞게 설정되었는지 확인하십시오. 전원 업 재시동(POWER UP RESTART) 키를 눌러 기어박스 복구 시퀀스를 시작하십시오."
NGC,9817.0000,9817,0000,MULTIPLE MOTOR COMMANDS,More than one motor command was received by the tool changer. ,다양한 모터 명령,하나 이상의 모터 명령을 공구 교환장치가 받았습니다.
NGC,20002.0000,20002,0000,Item Changed,The control is reporting an Item Changed. This is an informational message only. No parts need to be replaced.,Item Changed(아이템 변경),제어가 Item Changed(아이템 변경)를 보고합니다. 이것은 단지 정보 메시지입니다. 교체해야 할 공작물이 없습니다.
NGC,20016.0000,20016,0000,TOUCHSCREEN NOT DETECTED,Touchscreen not detected. This is an informational message only. No parts need to be replaced.,탐지된 터치스크린 없음,탐지된 터치스크린 없음. 이것은 단지 정보 메시지입니다. 교체해야 할 공작물이 없습니다.
CHC-Mill,254.0000,254,0000,SPINDLE MOTOR OVERHEAT,"The Spindle motor has overheated. This can be caused by running the spindle at higher than 100% load for extended periods or by starting and stopping the spindle motor multiple times, for short durations, while using high speeds. Adjust your program to lower the average load or duty cycle where possible. Check for dull or damaged tools.
",스핀들 모터 과열,"스핀들 모터가 과열되었습니다. 이는 스핀들을 100% 초과한 부하에서 시간 연장해서 실행하거나 스핀들 모터를 짧은 시간 동안 고속을 사용하는 동안 여러 번 시작 및 중지하면 발생할 수 있습니다. 프로그램을 조정하여 평균 부하 또는 가능한 경우 부하 주기를 낮추십시오. 무뎌졌거나 손상된 공구를 확인하십시오.
"
CHC-Mill,136.0000,136,0000,Y–AXIS MOTOR OVERHEAT,The Y–axis motor has overheated. – Allow the motor to cool. Reduce the load on the motor.,Y축 모터 과열,Y축 모터가 과열되었습니다. -모터가 냉각되도록 하십시오. 모터의 부하를 줄이십시오.
CHC-Mill,208.0000,208,0000,QUEUE ALLOCATION ERROR,Cycle power on the machine.,큐 할당 오류,기계의 전원을 껐다 켰다 해주십시오.
CHC-Lathe,460.0000,460,0000,APL ILLEGAL CODE,Internal software error.,APL 위법 코드,내부 소트웨어 오류
NGC,10.116,10,116,LT (LIVE TOOL) SPINDLE ORIENTATION FAULT,Spindle orient fault are mostly due to stall or time out during orient or safe orient. Please double check corresponding parameters for proper timer setting.,LT(라이브 툴) 스핀들 오리엔테이션 고장,스핀들 오리엔테이션 고장은 대부분 방향잡기 또는 안전한 방향잡기 중간에 정지 또는 시간이 종료되는 것이 원인입니다. 관련된 파리미터가 적절한 타이머 설정을 가졌는지 두 번 확인하시길 바랍니다.
CHC-Mill,297.0000,297,0000,ATC SHUTTLE OVERSHOOT,"The ATC shuttle failed to stop within the allowable standby position window during a tool change. Check for a loose drive belt, damaged or overheated motor, sticking or damaged shuttle standby switch or shuttle mark switch, or burned gear motor control board relay contacts. Use Tool Changer Restore to recover the ATC, then resume normal operation.",ATC 셔틀 오버슛,"ATC 셔틀이 공구 교환 중에 허용 가능한 대기 위치 창 내에서 정지하는데 실패했습니다. 느슨한 구동 벨트, 손상되거나 과열된 모터, 들러 붙어있거나 손상된 셔틀 대기 스위치 또는 셔틀 마크 스위치, 또는 타버린 기어 모터 제어 보드 릴레이 접점을 확인하십시오. 공구 교환장치 복구를 사용하여 ATC를 복구하고, 일반 작동을 다시 시작하십시오."
NGC,9147.0000,9147,0000,ROBOT PROTOCOL VERSION MISMATCH,The current supported robot version is not the same as the robot version.  The current supported robot version is not the same as the robot version.,로봇 프로토콜 버전 불일치,전류 지원 로봇 버전이 로봇 버전과 동일하지 않습니다. 전류 지원 로봇 버전이 로봇 버전과 동일하지 않습니다.
NGC,9156.050,9156,050,ROBOT COMMAND FAILURE - SRVO-050 COLLISION DETECT,"Jogging the robot in setup mode and the center of rotation of J6 is in line with the center of rotation of J4. Then rotating W or P, will cause J4 axis to attempt to rotate at a very fast speed. This singularity point is called the wrist singularity.  Press RESET to clear the alarm. Do not jog the robot through this singularity point.",로봇 명령 실패 - SRVO-050 충돌 감지,설치 모드에서 로봇을 조깅하고 J6의 회전 중심이 J4회전 중심과 일치되어 있습니다. 그 다음에 W 또는 P를 회전시키면 J4 축이 매우 빠른 속도로 회전하게 만드는 원인이 될 수 있습니다. 이 특이점을 손목 특이점이라고 합니다. 이 경보를 삭제하려면 RESET을 누르십시오. 로봇을 특이점을 통해 조그하지 마십시오.
NGC,2095.0000,2095,0000,TRANSFORMER OVERHEAT,"The transformer temperature is above the safe limit. This has resulted in the shutdown of the servos, the spindle drive, the coolant pump, and the tool-changer. Check your program for too many start/stop duty cycles of the spindle. Continue normal operation. ",변압기 과열,"변압기 온도가 안전 한계 위입니다. 이러한 결과는 서보, 스핀들 드라이브, 절삭유 펌프 및 공구 교환장치를 종료시켰습니다. 프로그램에 스핀들의 지나치게 많은 시작/정지 부하 사이클이 있는지 확인하십시오. 일반 작동을 계속하십시오."
CHC-Lathe,392.0000,392,0000,B AXIS DISABLED,An attempt was made to program the Baxis while it was disabled (Disabled bit in Parameter 151 set to 1).,B축 비활성화됨,B축이 이 비활성화된 상태에서 프로그래밍을 시도했습니다(파라미터 151의 비활성화 비트가 1로 설정됨).
CHC-Mill,404.0000,404,0000,NO PROG NAME,"Program number required in file when sending to CNC. Program must have a name beginning with the letter ""O"". Check program for proper name format. The program number may have a block number in front of it, if it does, remove the block number and reload the program.",프로그램 이름 없음,"CNC에 보낼 때 파일에 필요한 프로그램 번호. 프로그램은 “O” 글자로 시작하는 이름을 가져야 합니다. 프로그램이 적절한 이름 형식을 가졌는지 확인하십시오. 프로그램 번호는 그 앞에 블록 번호가 있을 수 있고, 만일 있다면 블록 번호를 제거하고 프로그램을 다시 로딩하십시오."
NGC,12.9126,12,9126,SS (2ND SPINDLE) SPINDLE CHUCK CLAMPED,The chuck was clamped when operation expected the state to be unclamped. Please unclamp the chuck and retry.,SS(2차 스핀들) 스핀들 척이 클램핑 됨,작동이 클램핑 해제가 된 상태여야 하는 때임에도 척은 클램핑이 된 상태였습니다. 척의 클램핑을 해제한 후 다시 시도하십시오.
NGC,900.0000,900,0000,A PARAMETER HAS BEEN CHANGED,"The operator has altered the value of a parameter. When the alarm history is displayed, the operator will be able to see the parameter number and the old value along with the date and time the change was made. This is not a resettable alarm.",파라미터가 변경되었음,운영자가 파라미터의 값을 변경했습니다. 알람 이력이 표시되면 변경이 이뤄진 날짜 및 시간과 함께 파라미터 번호와 이전 값을 볼 수 있습니다. 이것은 리셋 가능한 경보가 아닙니다.
CHC-Lathe,130.0000,130,0000,CHUCK UNCLAMPED,"The CYCLE START Button was pushed while the chuck was unclamped.  Check Setting 92 for proper chuck clamping, clamp the Chuck, and push the CYCLE START button.",척 클램핑 해제,척이 클램프 해제된 상태에서 공정주기 시작 버튼을 눌렀습니다. 적절한 척 클램핑을 위해 설정 92를 확인하고 척을 클램핑한 후에 공정주기 시작 버튼을 누르십시오.
CHC-Mill,427.0000,427,0000,INTERRUPT OVERRUN,The control detected an interrupt overrun condition. An interrupt occurred before the previous interrupt was completed.,차단 초과,제어가 차단 초과 조건을 감지하였습니다. 이전의 차단 전에 발생한 차단이 완료되었습니다. 
CHC-Lathe,123.0000,123,0000,SPINDLE DRIVE FAULT,"Failure of spindle drive, motor or regen load. This can be caused by a shorted motor, overvoltage, overcurrent, undervoltage, failure of drive or shorted or open regen load. Undervoltage and overvoltage of DC bus are also reported as alarms 160 and 119, respectively",스핀들 드라이브 고장,"스핀들 드라이브, 모터 또는 회생 로딩의 고장 이것은 단락된 모터, 과전압, 과전류, 부족 전압, 드라이브 고장 또는 단락 또는 개방된 회생 로딩으로 인해 발생할 수 있습니다. 또한 DC 버스의 부족전압 및 과전압도 각각 경보 160 및 119로 보고됩니다."
CHC-Mill,673.0000,673,0000,TA-Axis Position Error,Check for crashes. Check the electrical system for wiring damage and wiring disconnect. Check for correct movement of the mechanical parts. Check for a damaged motor or amplifier. Check the tool changer alignment and TRP quick exhaust.,TA축 위치 오류,충돌이 있는지 확인하십시오. 전기 시스템에 배선 손상 및 연결 끊김이 있는지 확인하십시오. 기계 공작물이 정확히 움직이는지 확인하십시오. 손상된 모터나 증폭기가 있는지 확인하십시오. 공구 교환장치 정렬 및 TRP 신속 배출을 확인하십시오.
NGC,1010.0000,1010,0000,OTS NOT CALIBRATED,The tool probe is not calibrated.,보정되지 않은 OTS,공구 프로브가 보정되지 않았습니다.
CHC-Mill,1011.0000,1011,0000,OMP40 NOT CALIBRATED,The work probe is not calibrated.  Calibrate the probe.,보정되지 않은 OMP40,공작물 검사가 보정되지 않았습니다. 프로브를 보정하십시오.
NGC,9853.0000,9853,0000,ANALOG GP5 OVER LIMIT,General Purpose Analog input has exceeded the limit specified by the I/O Configuration file. ,아날로그 GP5 한계 초과,일반 목적 아날로그 입력이 I/O 구성 파일이 지정한 한계를 초과했습니다.
CHC-Mill,319.0000,319,0000,A AXIS OVER TRAVEL RANGE,The A axis was commanded to move farther than travel limits allow. Reset the machine. Check your program for errors. Check for improper Work Offsets.,이동 거리 범위의 A축,A축에 대해 이동거리 제한이 허용하는 것보다 더 멀리 이동하라는 명령이 내려졌습니다. 기계를 리셋합니다. 프로그램에 오류가 있는지 확인하십시오. 부적절한 워크 오프셋을 확인하십시오.
NGC,20009.0000,20009,0000,CNC Power Down,The control is reporting a CNC Power Down. This is an informational message only. No parts need to be replaced.,CNC 전원 정지,제어가 CNC 전원 정지를 보고합니다. 이것은 단지 정보 메시지입니다. 교체해야 할 공작물이 없습니다.
CHC-Mill,924.0000,924,0000,B–AXIS INDEXER NOT IN CORRECT POSITION,The indexer has moved to a position where the gear teeth cannot mesh correctly.,B축 인덱서 올바른 위치 아님,인덱서가 기어 톱니가 제대로 맞물리지 않는 위치로 이동하였습니다.
NGC,446.0000,446,0000,NEW BAR IS TOO LONG,The just loaded bar is longer than the specified Length of Longest Bar. Measure the length of the bar in the bar feeder transfer tray.  Enter this value in the field for Length of Longest Bar on the Bar Feeder Setup display. Return the bar to the charging tray and reload the bar. ,새 환봉이 너무 큼,방금 로드된 막대가 지정된 가장 긴 환봉의 길이보다 깁니다. 봉재 이송장치 이송 트레이의 환봉의 길이를 측정하십시오. 봉재 이송장치 설정 디스플레이에 가장 긴 환봉의 길이를 필드에 입력하십시오. 환봉을 전달 트레이롤 되돌리고 환봉을 다시 적재하십시오.
NGC,9702.0000,9702,0000,IO LOST COMMUNICATION WITH CAN NODE,"IO board reported that communication with this CAN device was lost.

Power cycle the machine.  If the alarm persists, contact your local Haas Factory Outlet for further review.",IO와 CAN 노드 간의 통신 두절,IO 보드가 CAN 장치와의 통신이 두절되었다고 보고했습니다. 기계의 전원을 껐다 켰다 해주십시오. 경보가 지속되면 지역의 Haas 직영 창고 매장에 추가 점검을 위해 연락하십시오.
NGC,9156.037,9156,037,SRVO-037 IMSTP INPUT (GROUP 1),"Failed to successfully execute a robot command. Verify the robot connection is active and stable. Verify robot is in Ready state with no alarms. Press RESET and continue.
See the Haas Robot Troubleshooting Guide for more information. ",서보-037 IMSTP 입력(그룹 1),로봇 명령을 성공적으로 실행하지 못했습니다. 로봇 연결이 활성화되어 있고 안정적인지 점검하십시오. 로봇이 경보 없이 준비 상태인지 확인하십시오. 리셋을 누르고 계속하십시오. 더 자세한 내용을 보려면 Haas 로봇 고장 조치 가이드를 참조하십시오.
CHC-Lathe,904.0000,904,0000,ATC AXIS VISIBLE," The tool changer axis must be invisible for tool change operations with the HS tool changers. Set Parameter 462, bit 18, Invis Axis to 1. This will make the tool changer axis invisible and tool changes will be allowed.",ATC 축 가시성이 있음(ATC AXIS VISIBLE)," 공구 교환장치 축이 HS 공구 교환장치와 공구 교환 작동때문에 대해 보이지 않습니다. 파라미터 462, 비트 18, Invis 축을 1로 설정하십시오. 이렇게 하면 공구 교환장치 축을 보이지 않게 합니다."
NGC,9154.0000,9154,0000,ROBOT MOTION UNDEFINED,Attempted to command an invalid motion or motion parsing failed.  Please verify Motions are defined and are valid.&nbsp; Verify motion definitions contain valid paths.,로봇 동작이 정의되지 않음,잘못된 동작을 명령하였거나 동작 구문 분석에 실패했습니다. 동작이 정의되었고 유효한지에 대해 확인하시기 바랍니다.&nbsp; 동작 정의에 유효한 경로가 있는지 확인하십시오.
CHC-Lathe,552.0000,552,0000,TRIPPED CIRCUIT BREAKER,One or more of the circuit breakers tripped on the Power Distribution circuit board. The circuit breakers supply power to the following equipment: Coolant Pump Chip Conveyor TSC Coolant Pump Work Light The alarm can only be reset by an authorized HAAS factory Service Technician.,트립된 회로 차단기,"배전 회로기판에서 하나 이상의 회로 차단기가 트립되었습니다. 회로 차단기는 전원을 다음 장비에 공급합니다. 절삭유 펌프, 칩 컨베이어, TSC 절삭유펌프, 작업등. 경보는 승인된 HAAS 공장 서비스 기술자에 의해서만 리셋될 수 있습니다."
CHC-Lathe,816.0000,816,0000,ILLEGAL TOOL NOSE VECTOR,"Only vector numbers 1 through 8 are allowed. See the ""Tool Tip Direction"" section of the operator's manual for more information.",위법 공구 노우즈 벡터(ILLEGAL TOOL NOSE VECTOR),"벡터 번호 1~8까지만 허용됩니다. 자세한 내용은 운영자 매뉴얼의 ""공구 팁 방향"" 섹션을 참조하십시오."
NGC,169.0000,169,0000,SPINDLE DIRECTION FAULT,There is a spindle direction error. The spindle started turning in the wrong direction during Rigid Tapping. ,스핀들 방향 고장,스핀들 방향 오류가 있습니다. 스핀들이 동기 태핑 동안에 잘못된 방향으로 회전을 시작했습니다.
CHC-Mill,201.0000,201,0000,PARAMETER CRC ERROR,"The poweron consistency check of parameter memory failed. Alarm can be cleared. If this alarm continues, there may be a low battery.",파라미터 CRC 오류,파라미터 메모리의 전원 켜짐 유지하는지에 대한 확인에 실패했습니다. 경보는 삭제될 수 있습니다. 경보가 계속될 경우 배터리 잔량이 낮을 수 있습니다.
CHC-Lathe,281.0000,281,0000,Z AXIS LINEAR SCALE Z FAULT,Encoder marker pulse count failure. This alarm usually indicates that the Z Fault encoder has been damaged and encoder position data is unreliable. This can also be caused by loose scale connectors.,Z축 리니어 스케일 Z 고장,인코더 마커 펄스 카운트 오류. 이 경보는 일반적으로 Z 고장 인코더가 손상되었고 인코더 위치 데이터가 신뢰할 수 없음을 나타냅니다. 또한 느슨한 인코더 스케일 커넥터가 원인일 수 있습니다.
CHC-Mill,515.0000,515,0000,TOO MANY CONDITIONALS IN A BLOCK,Only one conditional expression is allowed in any WHILE or IFTHEN block. Check macro formatting.,블록에 너무 많은 조건문이 있음,모든 WHILE 또는 IFTHEN 블록에서 하나의 조건 표현식만 허용됩니다. 매크로 형식을 확인하십시오.
CHC-Lathe,617.0000,617,0000,MISSING ADDRESS CODE,A canned cycle using P and Q is already executing. A canned cycle cannot be executed by another PQ canned cycle.,누락된 주소 코드,P와 Q를 사용하는 고정 사이클이 이미 실행 중입니다. 고정 사이클은 또 다른 PQ 공정 사이클에 의해 실행될 수 없습니다.
NGC,9144.0000,9144,0000,TABLETOP SECONDARY CABLE DISCONNECT,The control has detected that the secondarydata cable to the machine hardware is disconnected. Please reconnect the cable before resetting the alarm. ,테이블톱 2차 케이블 연결 끊김,기계 하드웨어에 연결된 2차 데이터 케이블이 분리되었음을 제어가 감지했습니다. 경보를 리셋하기 전에 케이블을 다시 연결하십시오.
NGC,9156.004,9156,004,SRVO-004 Fence Open,"The safety fence connected to EAS1-EAS11 or EAS2-EAS21 of TBOP20 is open.
The TB1-B and TB3B Connectors are plugged into the wrong location or unplugged.",,
NGC,381.0000,381,0000,"G43,G44 NOT ALLOWED IN G36 OR G136",Auto work offset probing must be done without tool offset active. Check your program.  ,"G43,G44는 G36 또는 G136에서 허용되지 않음",자동 워크 오프셋 검사는 활성화된 툴 오프셋없이 이루어져야 합니다. 프로그램을 확인하십시오.
NGC,9709.0000,9709,0000,CAN NODE MOTOR 2 SHORT DETECTED,"Potential motor short circuit detected. This warning can be generated by Autodoor or EVise. Check Alarm History to identify the affected device. If reported by EVise, check cable leads for damage/shorts.  Observe operation of the affected device for validity. 

If the device operates as expected, proceed normally.",CAN 노드 모터 2 단락 감지됨,잠재적 모터 단락이 감지되었습니다. 이 경고는 자동 도어나 E 바이스에 의해 생성됩니다. 경보 이력을 확인하여 영향을 받는 장치를 식별하십시오. E 바이스로부터 온 보고라면 케이블 선의 손상/단락을 점검하십시오. 유효성을 위해 영향 받는 장치의 작동을 관찰하십시오. 장치가 기대한 대로 작동한다면 보통처럼 진행하십시오. 
CHC-Mill,231.0000,231,0000,JOG HANDLE TRANSITION FAULT,Illegal transition of count pulses in jog handle encoder.  This alarm usually indicates that the encoder has been damaged and encoder position data is unreliable.  This can also be caused by loose connectors.,조그 핸들 전환 고장,조그 핸들 인코더에서 카운트 펄스의 잘못된 전환. 이 경보는 일반적으로 인코더가 손상되었고 인코더 위치 데이터가 신뢰할 수 없음을 나타냅니다. 또한 느슨한 인코더 커넥터가 원인일 수 있습니다.
NGC,9991.0000,9991,0000,C AXIS NOT IN FEED PER MINUTE,C-Axis feed commands (G01 Cnn) in a program must occur in Feed per minute (G98).  Check the active program and verify that G98 is active when a C feed motion is commanded.,C축 분당 이송량이 아님,프로그램에서 C축 이송 명령(G01 Cnn)이 분당 이송량(G98)에 발생해야 합니다. 활성 프로그램을 점검하고 G98이 C 이송 동작이 명령되었을 때 활성화되었는지 확인하십시오.
CHC-Mill,477.0000,477,0000,FPU BSUN ERROR,A BSUN exception has occurred on the floating point unit. The execution address where this occurred can be found in the FPE ERR field of the LL DEBUG screen.,FPU BSUN 오류,BSUN 예외가 부동점 유닛에서 발생했습니다. 이것이 발생한 실행 어드레스가 LL DEBUG 화면의 FPE ERR에서 발견될 수 있습니다.
CHC-Lathe,751.0000,751,0000,U–AXIS DRIVE FAULT,"General Alarm: A fault was reported by the U–axis servo drive. The servos have been turned off. There will be a secondary alarm which will display more specific information, with repair details. – Investigate any secondary alarms.",U축 드라이브 고장,일반 경보: U축 서보 드라이브에 의해 오류가 보고되었습니다. 서보가 꺼져 있었습니다. 수리 세부 사항과 더불어 더 구체적인 정보를 표시하는 2차 경보가 있을 것입니다. - 모든 2차 경보를 조사하십시오.
NGC,149.0000,149,0000,SPINDLE TURNING,"Try to command spindle to stop and then recover tool changer.  If necessary, cycle power on the machine and repeat spindle stop and recover. ",스핀들 회전,스핀들에 정지하라는 명령을 보낸 후에 공구 교환장치를 복원하도록 하십시오. 필요한 경우 기계를 껐다 켜서 스핀들 정지와 복구를 반복하십시오.
NGC,9925.0000,9925,0000,CONTROL AND IO BOARD COMMUNICATION DID NOT INITIALIZE,Communication could not be established between IO board and control. Check cable connections and IO board circuit breaker. Power cycle the machine.,제어 및 IO 기판 통신이 초기화되지 않음,IO 기판과 제어 사이의 통신이 이루어지지 않습니다. 케이블 커넥션과 IO 기판 회로 차단기를 점검합니다. 기계의 전원을 껐다 켰다 해주십시오.
NGC,4134.0000,4134,0000,LOW HYDRAULIC PRESSURE ON START,Hydraulic pump pressure did not rise sufficiently within the time allowed. Check hydraulic tank oil level. Check for hydraulic oil leaks. Verify proper pump and machine phasing. Also check 3-phase power phasing. Phase detector on power card should have green light under PASS when machine is powered up.,,
CHC-Mill,392.0000,392,0000,B–AXIS DISABLED,There was an attempt to move an axis that is not installed in the machine. Check your program for commands to move a nonexistent axis.  Check your program.,B축 비활성화됨,기계에 설치되지 않은 축을 이동시키려는 시도가 있었습니다. 존재하지 않는 축을 이동시키는 명령이 프로그램에 있는지 확인하십시오. 프로그램을 확인하십시오.
CHC-Lathe,620.0000,620,0000,C AXIS DISABLED,Parameters have disabled this axis.,C축 비활성화됨,파라미터가 이 축을 비활성화 시켰습니다.
NGC,4003.0000,4003,0000,ROTARY BRAKE RELEASE FAILURE,The pressure in the rotary brake system did not release in time. Damage to the brake components will occur if allowed to rotate under pressure. ,회전 브레이크 해제 고장,회전 브레이크 시스템에서 압력이 적시에 해제되지 않았습니다. 브레이크 구성품에 대한 손상이 압력 하에 회전이 허용될 경우 발생하게 됩니다.
NGC,9156.490,9156,490,PRIO-490 Modbus TCP Server Error,Failed to successfully execute a robot command. Verify the robot connection is active and stable. Verify robot is in Ready state with no alarms. Check connection for interference or faulty communication line. Press RESET and continue.,PRIO-490 Modbus TCP 서버 오류,로봇 명령을 성공적으로 실행하지 못했습니다. 로봇 연결이 활성화되어 있고 안정적인지 점검하십시오. 로봇이 경보 없이 준비 상태인지 확인하십시오. 연결과 관련하여 간섭 또는 통신선 고장이 있는지 확인하십시오. 리셋을 누르고 계속하십시오.
NGC,9190.0000,9190,0000,G99 INCOMPATIBLE WITH G12 AND G13,"G99 (feed per revolution) cannot be used in conjunction with G12, G13 and can result in stalling. Please use G98 (feed per minute) instead and try again.",G99는 G12 및 G13과 호환 불가능,"G99(회전수당 이송속도)는 G12, G13과 함께 사용할 수 없으며 작동 정지 상황을 초래할 수 있습니다. 그 대신 G98(분당 이송속도)을 사용하여 다시 시도하십시오."
NGC,9810.0000,9810,0000,INTERNAL I O ERROR-TC TRANSISTOR FAILURE,The IOPCB tool changer (or bar feeder) transistor appears to be damaged.    Replace the IOPCB. ,내부 I/O 오류-TC 트랜지스터 고장,IOPCB 공구 교환장치(또는 봉재 이송장치) 트랜지스터가 손상된 것으로 보입니다. IOPCB를 교체하십시오.
NGC,9971.0000,9971,0000,EXCESSIVE AXIS SPEED OR ACCELERATION,"The control has detected excessive speed or accleration in the commanded motion, and has stopped to prevent damage to the workpiece or the machine. To continue with this motion:  If G234 (TCPC) is active, and the motion includes a rotary axis, consider moving the tool tip closer to the center of rotation. Select a less aggressive smoothness level:  Command G187 P2 or G187 P3 before the motion, or Change Setting 191 to Medium or Finish to redefine the default smoothness level. Reduce the feedrate of this motion.  ",과도한 축 속도 및 가속,"제어가 명령된 동작에서 과도한 속도나 가속을 감지했으며, 공작물이나 기계에 대한 손상을 방지하기 위해 정지했습니다. 이 동작의 계속 진행:  G234(TCPC)가 활성화되어 있고 동작이 회전축을 포함하는 경우 공구 팁을 회전 중심에 가깝게 이동시켜 보십시오. 덜 공격적인 평활 수준 선택:  동작 전에 G187 P2 또는 G187 P3을 명령하거나 설정 191을 중간 또는 마감으로 변경하여 기본 평활 수준을 재정의합니다. 동작의 이송량을 줄이십시오."
NGC,521.0000,521,0000,ILLEGAL FUNCTIONAL PARAMETER,"An illegal value was passed to a function, such as SQRT[ or ASIN[. Check macro formatting.  ",위법 함수 파라미터,위법 값이 SQRT[ 또는 ASIN[ 같은 함수에 전달되어 있습니다. 매크로 형식을 확인하십시오.
NGC,119.0000,119,0000,INPUT AC LINE OVERVOLTAGE,The incoming line voltage is more than 20% over what is expected. Check transformer taps and your electrical service. ,입력 AC 라인 과전압,인입선 전압이 예상보다 20%이상 높습니다. 변압기 탭과 전기 공급을 확인하십시오.
CHC-Lathe,705.0000,705,0000,TT (Live Tooling) AXIS SERVO ERROR TOO LARGE,"The TT (Live Tooling) axis cannot move to the commanded position. This can be caused by chips on the tool or tool holder, too much tool pressure, dull tools, or from a machine crash. Check your program for errors. Check for chips on tools and tool holders. Check for dull tools. Check your programmed feeds and speeds. Check for a machine crash.",TT(라이브 툴링) 축 서보 오류가 지나치게 큼,"TT(라이브 툴링) 축이 명령된 위치로 이동할 수 없습니다. 이것은 공구나 공구 홀더에 있는 칩, 지나친 공급 압력, 무뎌진 공구 또는 기계 충돌이 원인일 수 있습니다. 프로그램에 오류가 있는지 확인하십시오. 공구 및 공구 홀더에 칩이 있는지 확인하십시오. 무뎌진 공구가 있는지 확인하십시오. 프로그래밍된 이송 및 속도를 확인하십시오. 기계 충돌이 있는지 확인하십시오."
NGC,9840.0000,9840,0000,PCOOL OVERLOAD,The programmable coolant circuit has detected an overload condition.    Check for binding in the pcool unit. ,PCOOL 과부하,프로그래밍형 절삭유 회로가 과부하 상태를 감지했습니다. 냉각장치에 결속되는지 확인하십시오.
NGC,293.0000,293,0000,INVALID CHAMFER OR CORNER ROUNDING DISTANCE IN G01,"  The ,C (comma C) or ,R (comma R) value is too large to fit between the two G01 blocks.  This value cannot exceed the length of the G01 blocks before and after the ,C or ,R. Edit the program to reduce the size of the ,C or ,R value.  Example Code with Error The Y move after the ,C is smaller than the ,C value in the program.   Example Corrected Code Reduce the value of ,C to a value smaller than the G01 move before and after the ,C.      ",G01에서 잘못된 모따기 및 코너 라운딩 거리,"  ,C (콤마 C) 또는 ,R (콤마 R) 값이 너무 커서 두 개의 G01 블록 사이에 맞지 않습니다. 이 값은 ,C 또는 ,R 전후의 G01 블록 길이를 초과할 수 없습니다. 프로그램을 편집하여 ,C 또는 ,R 값의 크기를 줄이십시오. 오류가 있는 예: 코드 프로그램에서 ,C가 ,C 값보다 작은 후에 Y 이동. 오류가 수정된 예: ,C의 값을 ,C 전후의 G01 이동보다 작은 값으로 줄입니다."
NGC,9968.0000,9968,0000,CHUCK UNCLAMP WITH SPINDLE ON AND DOOR OPEN, The main spindle chuck was commanded to unclamp while the spindle was on and the door was open.  Close the door or stop the spindle before you unclamp the chuck. Setting 282 Main Spindle Chuck Clamping specifies inner diameter (ID) or outer diameter (OD) clamping. Make sure that this is set correctly for your application.  ,척이 켜져 있거나 도어가 열린 상태로 클램핑이 해제됨, 메인 스핀들 척이 스핀들이 켜져 있고 도어가 열린 상태로 클램프를 해제하는 명령을 받았습니다. 척의 클램프를 해제하기 전에 도어를 닫거나 스핀들을 정지시키십시오. 282 메인 스핀들 척 클램핑을 설정하면 내경(ID) 또는 외경(OD) 클램핑이 지정됩니다. 이것이 응용장치를 위해 정확하게 설정되었는지 확인하십시오.
CHC-Mill,457.0000,457,0000,AUX AXIS IS ENABLED,One or more auxiliary axes are enabled. For the macro variables 750 and 751 to work the auxiliary axes must be disabled. Make sure Setting 38 is set to 0.,보조 축이 활성화됨,한 개 이상의 보조 축이 활성화되어 있습니다. 매크로 변수 750 및 751가 작동하기 위해 보조 축이 비활성화되어야 합니다. 설정 38이 0으로 설정되어 있는지 확인하십시오.
CHC-Mill,274.0000,274,0000,C–AXIS LIMIT SWITCH,The Baxis has touched the limit switch.,C축 리미트 스위치,B축이 리미트 스위치에 닿았습니다.
NGC,1.9920,1,9920,X-AXIS POSITION ERROR TOO LARGE,The axis cannot move to the commanded position and the error grew too large.  Check for a machine crash. Check your program for errors and correct speeds and feeds.  Clean chips from the machine.  Check for chips on tools and tool-holders.  Check for dull tools.  ,,
NGC,12.108,12,108,SS (2ND SPINDLE) AXIS SERVO OVERLOAD ,This can occur if the load on the motor is over 100% for a period of several seconds or even minutes. Reduce load on the axis by adjusting the feeds and speeds. Check for dull or broken tools.,SS(2차 스핀들) 축 서보 과부하 ,이것은 모터의 부하가 몇 초 또는 심지어 몇 분 동안 100%를 초과하는 경우 발생할 수 있습니다. 이송 및 속도를 조정하여 축에 걸리는 부하를 줄이십시오. 무뎌졌거나 부서진 공구를 확인하십시오.
CHC-Mill,879.0000,879,0000,MULTIPLE DC MOTORS,"Multiple DC motors were commanded on at the same time. Check your program for the use of outputs 1108, 1109, 1110 and 1111. Reset the alarm and run a tool change from MDI.",다수의 DC 모터,"다수의 모터에 대해 동시에 명령이 내려졌습니다. 프로그램이 출력 1108, 1109, 1110 및 1111을 사용하고 있는지 확인하십시오. 경보를 리셋하고 MDI에서 공구 교환을 실행하십시오."
NGC,230.0000,230,0000,DOOR OPEN,Machine Door/Doors are open. Please check for obstructions with the door mechanism and close it if safe to proceed. ,도어 열림(DOOR OPEN),기계 도어(들)가 열려있습니다. 도어 메커니즘에 고장믈이 있는지 앞으로 나가는 데 안전할 정도로 장애물에 가까운지 확인하십시오.
NGC,12.116,12,116,SS (SECONDARY SPINDLE) SPINDLE ORIENTATION FAULT,Mills: The spindle has misaligned with the tool–changer. Mills/Lathes: Check for anything mechanically binding the spindle. Mills/Lathes: Loose terminal connections on WYE/DELTA contactors. Mills/Lathe: Check non contact encoder gapping.,SS(보조 스핀들) 스핀들 오리엔테이션 장애,밀: 스핀들이 공구 교환장치에 제대로 정렬되지 않았습니다. 밀/선반: 스핀들에 기계적으로 묶여 것이 있는지 확인하십시오. 밀/선반: 느슨한 터미널 커넥션이 Wye/Delta 커넥터에 있습니다. 밀/선반: 비접촉 인코더 갭핑을 확인하십시오.
CHC-Mill,113.0000,113,0000,SHUTTLE IN FAULT,Toolchanger shuttle did not complete movement to the right. Check for chips on the tool and on the toolchanger and remove them. Use the RECOVERY function. If there is a tool held in the carousel pocket facing the spindle it must be removed.,셔틀 인 고장,공구 교환장치 셔틀이 오른쪽으로 완전히 이동하지 않았습니다. 공구 및 공구 교환장치 위의 칩을 확인하고 칩을 제거하십시오. 복귀(RECOVERY) 기능을 사용하십시오. 스핀들에 향해 있는 캐로슬 포켓 안에 고정된 공구가 있으면 그 공구를 제거해야 합니다.
NGC,9300.0000,9300,0000,BROKEN TOOL,"A tool is marked as Broken
Inspect the images taken of the tool before and after the usage.

If you can determine whether or not tool is broken by inspecting images - inspect the tool manually by performing the tool change.
Make sure the tool is free of any coolant and chips.
Replace the tool if necessary.

If the tool is not broken it is possible that we need to add this to teach the control software. In this case take a [SHIFT]-[F3] and send the results to your local Haas Factory Outlet for further review. Mark the tool as Not Broken and proceed.",,
CHC-Lathe,153.0000,153,0000,X AXIS Z CH MISSING,"Z Reference signal from encoder was not received as expected. All servos are turned off. Can be caused by loose connections, encoder contamination, or parameter error.",X축 Z 채널 누락,"인코더로부터 Z 참조 신호가 예상대로 수신되지 않았습니다. 모든 서보가 꺼져 있습니다. 느슨한 연결, 인코더 오염 또는 파라미터 오류가 원인일 수 있습니다."
NGC,9830.0000,9830,0000,IOPCB MEMORY DATA LOCKED,Attempts were made to download an I/O configuration file while configuration memory was locked. ,IOPCB 메모리 데이터 잠겨짐,I/O 구성 파일을 구성 메모리가 잠긴 동안에 다운로드하려는 시도가 있었습니다.
NGC,9978.0000,9978,0000,THREAD HEIGHT EXCEEDS START POSITION,Thread height defined by the G76 K value exceeds the start position of this canned cycle. Ensure that the height used is specified as a radius value. Ensure the start position clears the thread peaks. ,나사산 높이가 시작 위치를 초과,G76 K 값으로 정의된 나사산 높이가 이 고정 사이클의 시작 위치를 초과합니다. 사용된 해당 높이가 반경 값으로서 정의되었는지 확인하십시오. 시작점이 나사 최대 높이를 삭제하는지 확인하십시오.
NGC,9905.0000,9905,0000,IOPCB TOOL CHANGER FAULT,IOPCB has detected a tool changer fault caused by tool changer hardware malfunction.  Cycle power on the machine.  Perform tool change recovery. ,IOPCB 공구 교환장치 고장,IOPCB 교환장치 하드웨어 오작동에 의한 공구 교환장치 고장을 감지했습니다. 기계의 전원을 껐다 켰다 해주십시오. 공구 교환 복구를 수행합니다.
CHC-Lathe,399.0000,399,0000,INVALID U CODE, In the context that the U code was used it had an invalid value. Was it positive?,잘못된 U 코드, U 코드가 사용된 컨텍스트에서 잘못된 값을 가졌습니다. 양의 값입니까?
NGC,315.0000,315,0000,INVALID P CODE," A P-code in the program did not have a valid value. Listed below are the possible problems:            1) The P-code does not match the N-code in an M96 or M97.                       The number attached to the P-code must be the same as the number attached to the N-code you refer to in the M96 or M97 command.                  2) In a G47 command, The P-code is not P0 or P1.                       P can have a value of 0 or 1 only. No other value is valid.     P0: Text engraving     P1: Sequential serial numbers and ASCII values between 32 and 126                  3) In a G76 command, The P-code is not P1, P2, P3 or P4.                       P1: Single edge cutting, cutting amount constant     P2: Double edge cutting, cutting amount constant     P3: Single edge cutting, cutting depth constant     P4: Double edge cutting, cutting depth constant                  4) In an M109 command, the P-code value is not between 500-599 or 10500-10599.                       In an M109 command, you must use a P-code to specify a macro variable in the range of 500-599 or 10500 and 10599.     Macro variables 540-599 and 10540-10599 are reserved for the probe (WIPS) option. If your machine has WIPS, use only 500-539 or 10500-10539 with M109.                  5) In an M133 or M134 command, the P value is invalid.                       These M codes require a P value be specified on the same line.     Zero or negative values are not allowed.                  6) In a G266 command, the P value is invalid.                       The P value must correspond to an existing axis configuration number.     Zero or negative values are not allowed.               ",잘못된 P코드," 프로그램의 P코드에 유효한 값이 없습니다. 가능한 문제들이 아래에 나열되었습니다. 1) M96 또는 M97에서 P코드가 N코드와 일치하지 않습니다. P코드에 첨부된 번호는 M96 또는 M97 명령에서 참조하는 N코드에 첨부된 번호와 동일해야 합니다. 2) G47 명령에서 P코드는 P0 또는 P1이 아닙니다. P는 0 또는 1의 값만 갖고 있습니다. 기타 다른 값은 유효하지 않습니다. P0: 텍스트 새겨넣기   P1: 32에서 126 사이의 일련 번호 및 ASCII 값 3) G76 명령에서 P코드는 P1, P2, P3 또는 P4가 아닙니다. P1: 단일 모서리 절삭, 절삭량 고정   P2: 이중 모서리 절삭, 절삭량 고정   P3: 단일 모서리 절삭, 절삭 깊이 고정   P4: 이중 모서리 절삭, 절삭 깊이 고정        4) M109 명령에서 P코드 값이 500-599 또는 10500-10599 사이가 아닙니다. M109 명령에서 P코드를 사용하여 500-599 또는 10500 및 10599 범위의 매크로 변수를 지정해야 합니다. 매크로 변수 540-599 및 10540-10599는 프로브(WIPS) 옵션을 위해 예약됩니다. 기계에 WIPS가 장착되어 있다면 M109와 함께 P500-539 또는 P10500-10539만 사용하십시오. 5) M133 또는 M134 명령에서 P값은 잘못되었습니다. 이 M 코드는 P값은 동일한 라인에 지정될 것을 요구합니다. 0 또는 음수값은 허용되지 않습니다. 6) G266 명령에서 P값은 잘못되었습니다. P값은 기존 축 구성 번호에 일치하여야 합니다. 0 또는 음수값은 허용되지 않습니다."
NGC,7.316,7,316,C-AXIS OVER TRAVEL RANGE,"c-axis was commanded to move outside of its travel limit. Use this list to help resolve the alarm: Make sure that the work offsets are correct. Check the G52 and G92 offsets. G52 and G92 offsets are used to shift all other work offsets. For most applications, these offsets should be zero. If user-defined travel limits are active, make sure that the programmed coordinates are within the defined limits. Make sure that your Tool Offsets are correct. Check your program for errors. Mills: Make sure that G90 or G91 is correctly selected. Make sure that the program calls the correct work offset. Make sure that the programmed axis coordinates are correct.",,
CHC-Mill,967.0000,967,0000,SKBIF COMMUNICATION FAULT,Serial communication between the main processor and the serial keyboard interface (SKBIF) was interrupted. Any machine motion in progress at the occurrence of the interruption has been stopped. This fault can be caused by a break in the power or serial data cables. It can also occur when the SKBIF is reset for an unknown reason. Verify that the power and serial data cables are seated properly in their mating connectors. Replace as necessary. Restart the control by cycling power on the machine. If this alarm persists replace the SKBIF. The main processor is located in the control cabinet. The SKBIF is located in the front panel.,SKBIF 통신 고장,메인 프로세서와 시리얼 키보드 인터페이스(SKBIF) 사이의 시리얼 통신이 차단되었습니다. 차단이 발생할 때 진행 중인 모든 기계 움직임이 정지되었습니다. 이러한 고장은 전원 또는 시리얼 데이터 케이블에서의 차단이 원인일 수 있습니다. 또한 SKBIF가 알지 못하는 이유로 리셋될 때 발생할 수도 있습니다. 전원 및 시리얼 데이터 케이블이 그것과 맞는 커넥터에 적절히 위치했는지 확인하십시오. 필요하면 교체하십시오. 기계의 전원을 껐다 켰다함으로써 제어를 다시 시작하십시오. 이 경보가 지속하면 SKBIF를 교체하십시오. 메인 프로세서가 제어 캐비닛 안에 위치하고 있습니다. SKBIF가 프론트 패널에 위치하고 있습니다.
NGC,139.0000,139,0000,AXIS MOTOR Z FAULT,"Encoder marker pulse count failure. This alarm usually means that the encoder has been damaged and encoder position data is unreliable. Replace motor.  It can also be caused by damaged motor cable or a loose encoder cable connection on motor or encoder input on the Mocon PCB.  Press reset and continue.  If necessary power cycle the machine.  If the alarm persists,  with the alarm on the screen insert a USB device and press [SHIFT] and the [F3] button to generate an error report.  The error report will be saved to the USB device, e-mail the error report file to your local Haas Factory Outlet for further review.",축 모터 Z 고장,인코더 마커 펄스 카운트 오류. 이 경보는 일반적으로 인코더가 손상되었고 인코더 위치 데이터가 신뢰할 수 없음을 의미합니다. 모터를 교체하십시오. 또한 모터 케이블이 손상되었거나 모터의 인코더 케이블 연결이 느슨하거나 Mocon PCB의 엔코더 입력이 원인일 수도 있습니다. 리셋을 누르고 계속하십시오. 필요한 경우 기계의 전원을 껐다 켜십시오. 경보가 지속되면 화면의 경보가 있는 상태에서 USB 장치를 삽입하고 [SHIFT] 및 [F3] 버튼을 눌러 오류 보고서를 생성하십시오. 오류 보고서는 USB 장치에 저장됩니다. 추가 검토를 위해 오류 보고서 파일을 귀하의 현지 Haas 직영 창고 매장으로 이메일로 보내십시오.
CHC-Mill,186.0000,186,0000,SPINDLE NOT TURNING,"The program commanded an interpolated motion while the spindle speed was zero and G95(Mill)/G99(Lathe) Feed per Revolution was active. To calculate the desired feedrate in G95(Mill)/G99(Lathe), the spindle must be turning.",회전을 안하는 스핀들,"프로그램이 보간된 움직임에 명령을 내린 한편, 스핀들 회전수는 0이 되었고, 회전당 G95(밀)/G99(선반) 이송은 활성화되었습니다. G95(밀)/G99(선반)의 원하는 이송량을 계산하려면 스핀들이 돌아야 합니다."
CHC-Lathe,610.0000,610,0000,G71 G72 DOMAIN NESTING EXCEEDED,"The number of troughs nested has exceeded the control limit. Currently, no more than 10 levels of trough can be nested. Refer to the explanation of G71 for a description of trough nesting.",G71/G72 도메인 중첩 초과,중첩된 트로프 수가 관리 한계를 초과했습니다. 현재 10개 이하 수준의 트로프가 중첩되었습니다. 트로프 중첩 설명에 대한 G71에 대한 설명을 참조하십시오.
CHC-Lathe,771.0000,771,0000,U–AXIS PHASING ERROR,An error occurred during the phasing initialization of the brushless motor. This error cannot be reset. – Cycle power to clear alarm.,U축 페이징 오류,브러시리스 모터의 페이징 초기화 동안에 오류가 발생하였습니다. 이 오류는 리셋될 수 없습니다. - 전원을 껐다 켜서 경보를 삭제하십시오.
CHC-Lathe,2061.0000,2061,0000,LOW COOLANT PRESSURE,A low coolant pressure condition has been detected while running the coolant pump.,낮은 절삭유 압력,낮은 절삭유 압력 조건이 절삭유 펌프 가동 중에 감지되었습니다.
NGC,835.0000,835,0000,V AXIS SERIAL DATA COMMUNICATION FAULT,"Check that the cable from the mocon to the indicated axis encoder is undamaged and securely connected. A serial communications fault has occurred between the indicated encoder and the mocon. This is most commonly due to a loose connector or a bad cable between the mocon and the encoder. Check the cable and connections. If the problem persists, check the motor.",V축 시리얼 데이터 통신 고장,Mocon에서 축 인코더로 연결된 케이블이 손상되지 않았는지와 확실하게 연결되었는지 확인하십시오. 시리얼 통신 고장이 표시된 인코더 및 모콘 사이에서 발생했습니다. 가장 흔한 원인은 모콘과 인코더 사이에 있는 느슨한 커넥터나 손상된 케이블 때문입니다. 케이블과 연결을 확인하십시오. 문제가 지속되면 모터를 확인하십시오.
NGC,2042.0000,2042,0000,VECTOR DRIVE OR SPINDLE AMPLIFIER–ERROR TOO LARGE,The Amplifier has sensed too large a difference between the actual electrical current and the commanded electrical current.,벡터 드라이브 또느 스핀들 증폭기 오류가 너무 큼,증폭기가 실제 전류와 명령된 전류 사이에 너무 큰 차이가 있음을 감지했습니다.
NGC,9124.0000,9124,0000,APL RAW GRIPPER UNCLAMPED,APL Raw gripper was unclamped and a command expected an clamped state. ,APL 공작물 그리퍼 클램핑 해제됨,APL 공작물 그리퍼가 클램핑 되고 명령은 클램핑 상태를 예상했습니다.
CHC-Lathe,425.0000,425,0000,SERVO BAR LENGTH UNKNOWN," Both the bar length and reference position are unknown. Unload the bar, Run G105 Q4 followed by G105 Q2 or Q3.",서보 환봉 길이 알려지지 않음," 환봉 길이와 참조 위치 모두 알려져 있지 않습니다. 환봉을 빼내고, G105 Q4와 그 다음에 G105 Q2 또는 Q3를 실행하십시오."
NGC,2003.0000,2003,0000,LOAD STATION EMERGENCY STOP SWITCH ERROR,The emergency stop circuit at the pallet load station has failed. Check pallet load station emergency stop switch contacts and wiring. Fix the problem and then cycle power to clear this alarm. ,로드 스테이션 비상 정지 스위치 오류,팔레트 로드 스테이션의 비상 정지 회로가 고장났습니다. 팔레트 로드 스테이션 비상 정지 스위치의 접촉 및 배선을 확인하십시오. 문제를 고친 다음에 경보를 삭제하기 위해 전원을 껐다 켰다 하십시오.
CHC-Lathe,741.0000,741,0000,U AXIS Z CH MISSING MOCON2," Z reference signal from encoder was not received as expected. Can be caused by loose connections, encoder contamination, or parameter error.",U축 Z채널 누락 MOCON2," 인코더로부터 Z 참조 신호가 예상대로 수신되지 않았습니다. 느슨한 연결, 인코더 오염 또는 파라미터 오류가 원인일 수 있습니다."
CHC-Lathe,273.0000,273,0000,C MOTOR Z FAULT,Encoder marker pulse count failure. It usually indicates that the encoder has been damaged and encoder position data is unreliable. This can also be caused by loose encoder connectors.,C 모터 Z 고장,인코더 마커 펄스 카운트 오류. 이 경보는 일반적으로 인코더가 손상되었고 인코더 위치 데이터가 신뢰할 수 없음을 의미합니다. 또한 느슨한 인코더 커넥터가 원인일 수 있습니다.
NGC,3.9920,3,9920,Z-AXIS POSITION ERROR TOO LARGE,The axis cannot move to the commanded position and the error grew too large.  Check for a machine crash. Check your program for errors and correct speeds and feeds.  Clean chips from the machine.  Check for chips on tools and tool-holders.  Check for dull tools.  ,,
NGC,939.0000,939,0000,LANGUAGES FAILED TO LOAD,"Foreign languages failed to be loaded into the control. Languages either exceeded total flash memory, or not enough flash memory available. Try deleting a language from disk.",언어 로드 실패,외국어가 제어에 로드되지 못했습니다. 언어가 전체 플래시 메모리 용량을 초과했거나 사용 가능한 메모리가 부족합니다. 디스크에서 언어를 삭제한 후 시도해보십시오.
NGC,9920.0000,9920,0000,POSITION ERROR TOO LARGE,The axis cannot move to the commanded position and the error grew too large.  Check for a machine crash. Check your program for errors and correct speeds and feeds.  Clean chips from the machine.  Check for chips on tools and tool-holders.  Check for dull tools.  ,위치 오류가 너무 큼,축이 명령된 위치로 움직일 수 없으며 오류가 너무 커졌습니다. 기계 충돌이 있는지 확인하십시오. 프로그램에 오류가 있는지 확인하고 속도와 이송을 수정하십시오. 기계에서 칩을 깨끗이 제거하십시오. 공구 및 공구 홀더에 칩이 있는지 확인하십시오. 무뎌진 공구가 있는지 확인하십시오.
NGC,809.0000,809,0000,PROBE ARM SWITCH FAULT,"A switch fault was detected in the automatic probe arm system. For example, the switch signals indicated both switches simultaneously, or one of the switches indicates an unexpected position. Check the switches and trip flags for damage and the switch wiring for damage. After resolving the problem, command the probe arm to the home position. ",프로브 암 스위치 고장,"스위치 고장이 자동 프로브 암 시스템에서 감지되었습니다. 예시로, 스위치 신호는 두 스위치 모두를 동시적으로 나타내거나 스위치 중 하나는 예상하지 못한 위치를 표시합니다. 스위치와 동작 플래그가 손상되었는지 그리고 스위치 배선이 손상되었는지 확인하십시오. 문제 해결 후에 프로브 암에 원점 위치로 가라는 명령을 내리십시오."
CHC-Lathe,442.0000,442,0000,SERVO BAR MAX LENGTH REACHED, Job Complete. Reset Current Length Run on Servobar current commands page.,서보 환봉 최대 길이에 도달함, 작업이 완료되었습니다. 서보 환봉에서 실행 중인 현재의 #공작물(Current # Parts Run on Servobar) 현재 명령어 페이지를 리셋하십시오.
CHC-Lathe,611.0000,611,0000,G71 G72 TYPE I ALARM,"When G71 or G72 is executing and the control detects a problem in the defined PQ path. It is used to indicate which method of roughing has been selected by the control. It is generated to help the programmer when debugging G71 or G72 commands. The control often selects Type I roughing when the programmer has intended to use Type II roughing. To select Type II, add R1 to the G71/G72 command block (in YASNAC mode), or add a Zaxis reference to the P block (in FANUC mode).",G71/G72 유형 I 경보,G71 또는 G72가 실행 중이고 제어장치가 정의된 PQ 경로에서 문제를 감지할 때. 그것은 어떤 황삭 방법이 제어에 의해 선택되었는지를 표시하는데 사용됩니다. 그것은 G71 또는 G72 명령어를 디버깅할 때 프로그램을 돕기 위해 생성됩니다. 프로그램이 유형 II 황삭을 적용하려고 할 때 제어는 종종 유형 I 황삭을 선택합니다. 유형 II를 선택하려면 G71/G72 명령 블록(YASNAC 모드)에 R1을 추가하거나 P 블록(FANUC 모드)에 Z축 참조를 추가합니다.
NGC,511.0000,511,0000,UNBALANCED RIGHT BRACKETS,  A macro statement is missing one or more right brackets ([). The statement must have an equal number of left ([) and right (]) brackets.    Example Code with Error     The macro statement is missing a right bracket (]).     Example Corrected Code    A right bracket (]) was added to the end of the macro statement to balance the brackets.    ,불균형 오른쪽 괄호,  매크로 문이 하나 이상의 오른쪽 괄호 ([)을 누락하고 있습니다. 구문은 왼쪽 ([) 및 오른쪽 (]) 괄호와 동일한 수를 가지고 있어야 합니다. 오류가 있는 코드의 예: 매크로 문에 오른쪽 대괄호 (])가 없습니다. 수정된 코드의 예: 대괄호의 균형을 맞추기 위해 매크로 문의 끝에 오른쪽 대괄호 (])가 추가되었습니다.
NGC,9903.0000,9903,0000,120 VAC SHORT CIRCUIT,A 120VAC short circuit was detected.  Power off machine.  Check all outputs for possible shorts between the hot lead and neutral.  After problem has been found reset any tripped internal circuit breakers.  Close cabinet and reset main circuit breaker.  Cycle power on the machine. ,120 VAC 단락,120 VAC 단락이 감지되었습니다. 기계 전원을 차단합니다. 모든 출력에서 핫 리드 및 중립에서 가능한 단락이 있었는지 확인하십시오. 문제가 발견되면 모든 동작되는 내부 회로 차단기를 리셋합니다. 캐비닛을 닫고 메인 회로 차단기를 리셋합니다. 기계의 전원을 껐다 켜 주십시오.
NGC,956.0000,956,0000,APC LIFT FRAME UP TIMEOUT,"The pallet changer was commanded to lift but the up position switch was not contacted before the timeout period. The primary cause of this alarm is insufficient hydraulic pressure or fluid volume. Additional causes could be:  The pallet was not unclamped There was an obstructing object There is damage to the pallet up switch or wiring Switch connections do not have positive electrical contact Lifing mechanism is not operating properly  After determining the cause and correcting the problem, recover the pallet changer. ",APC 프레임 승강 타임아웃,"팔레트 교환장치를 올리라는 명령이 있어야 하지만, 상승 위치 스위치가 타임아웃 기간 전에 접촉되어 있지 않았습니다. 이 경보의 일차 원인은 불충분한 유압 또는 유동 체적입니다. 추가 원인은 다음과 같을 수 있습니다. 팔레트가 클램핑 해제되지 않았습니다. 장애물이 있습니다. 팔레트 업 스위치 또는 배선 연결부가 손상되었거나 전기 접점이 맞지 않습니다. 리프팅 메커니즘이 제대로 작동하지 않습니다. 원인을 파악하여 문제를 해결한 후 팔레트 교환장치를 복구하십시오."
NGC,488.0000,488,0000,INTERMITTENT USB ERROR,Please check the USB device and connections for proper operation.,간헐적 USB 오류,USB 장치 및 연결이 제대로 작동하는지 확인하십시오.
CHC-Mill,325.0000,325,0000,QUEUE FULL,Cycle power on the machine.,큐 풀,기계의 전원을 껐다 켜 주십시오.
NGC,826.0000,826,0000,INTERNAL MOCON 1 FAULT,"Check the mocon power supply; if it is adequate, the mocon board must be replaced.",내부 모콘 1 고장,"모콘 전원공급장치를 점검하고, 적절하다고 판단될 경우 모콘 보드를 교체하십시오."
NGC,20020.0000,20020,0000,SPECIFIED APL JOB NOT RUN,The NC program specified by the job was missing or there was a problem with the job itself.  If this was the only APL job you would get an alarm as well but if this was encountered as part of the APL scheduler the job will be skipped and the error will be noted in the APL scheduler tab. This is an informational message only. No parts need to be replaced.,,
NGC,9936.0000,9936,0000,WORK OFFSETS NOT ALLOWED WHEN CUSTOM PLANE IS ACTIVE,Setting work offsets is not allowed when custom plane is active. Fix G-code program and restart. ,워크 오프셋 사용자 정의 평면이 활성화되었을 때 허용되지 않음,설정 워크 오프셋은 사용자 정의 평면이 활성화되었을 때 허용되지 않습니다. G코드 프로그램을 고쳐서 다시 시작하십시오.
CHC-Mill,139.0000,139,0000,X–AXIS MOTOR Z FAULT,An Encoder fault has been sensed. The ZReference signal from the encoder was not received as expected.  Cycle power on the machine.,X축 모터 Z 고장,인코더 고장이 감지되었습니다. 인코더로부터 온 Z 참조 신호는 예상대로 수신되지 않았습니다. 기계의 전원을 껐다 켰다 해주십시오.
NGC,860.0000,860,0000,160V DC BUS SHORT CIRCUIT,"The I/O board has sensed a short in the 160V DC bus. This can be caused by a failed I/O board relay (K9  K12) or the I/O board itself. Check relays K9K12 and replace as needed. If the problem persists, replace the I/O board.",160V DC 버스 단락,I/O 보드가 160V DC 버스에서 단락을 감지했습니다. 이것은 고장난 I/O 보드 릴레이(K9 K12) 또는 I/O 보드 자체가 원인일 수 있습니다. K9 K12 릴레이를 점검하고 필요시 교체하십시오. 문제가 지속되면 I/O 보드를 교체하십시오.
CHC-Lathe,724.0000,724,0000,Sp MOTOR OVERHEAT, Servo motor overheat. Sensor in motor indicates over 150F (65C). Can be caused by motor overload; such as leaving slide at stops for several minutes.,Sp 모터 과열," 서보 모터 과열. 모터의 센서가 65℃(150℉)를 초과했다고 표시합니다. 이것은 예를 들어, 슬라이드를 몇 분 동안 정지 위치에 그대로 두는 것과 같은 모터의 과부하가 원인일 수 있습니다."
NGC,9402.0000,9402,0000,ELECTRIC VISE TIMEOUT,This alarms occurs because the time allocated for the vise to reach a commanded position (retract/advance) has timed out.  To troubleshoot this issue:    Check the vise can freely access its retracted position and advanced position  Additionally you can check parameters 2214(Vise 1) or 2221(Vise 2) to make sure the delay &ldquo;is long enough to reach the commanded position&rdquo;  ,전기 바이스 타임아웃,"이 경보는 바이스가 명령된 위치(후퇴/전진)에 도달하도록 할당된 시간이 초과한 경우 발생합니다. 이 문제를 고장 수리하려면:    바이스가 후퇴 및 전진 위치에 자유롭게 접근할 수 있는지 점검하십시오. 추가적으로, 파라미터 2214(Vise 1) 또는 2221(Vise 2)을 점검하여 &ldquo;충분히 길게 지연되어 명령된 위치에 도달&rdquo;했는지 확인하십시오."
NGC,455.0000,455,0000,G112 ENDS WITHOUT CANCELING TOOL NOSE COMPENSATION,"Tool nose compensation (G41, G42) must be canceled (G40) before exiting G112. ",G112는 공구 노즈 보정을 취소하지 않고 종료됨,"공구 노즈 보정(G41, G42)은 G112를 종료하기 이전에 취소되어야 합니다(G40)."
CHC-Mill,552.0000,552,0000,TRIPPED CIRCUIT BREAKER,"A circuit breaker (CB) tripped. The circuit breaker is on the Power Distribution circuit board inside the control cabinet. CB3 is for the coolant pump, CB4 is for the chip conveyor, CB5 is for the TSC coolant pump, and CB6 is for the worklight. Check for a damaged cable, jammed pump/chip conveyor or shorted motor. After correcting the problem, reset the circuit breaker and clear the alarms before continuing. Alarm will not clear until the circuit breaker is reset.",트립된 회로 차단기,"트립된 회로 차단기(CB). 회로 차단기는 제어 캐비닛 내부의 배전 회로기판에 있습니다. CB3는 절삭유 펌프용이고, CB4는 칩 컨베이어, CB5는 TSC 절삭유 펌프, 그리고 CB6는 작업등 용입니다. 손상된 케이블, 정지된 펌프/칩 컨베이어 또는 단락된 모터가 있는지 확인하십시오. 문제를 고친 후에 회로 차단기를 리셋하여 작업을 계속하기 전에 경보를 삭제하십시오. 경보는 회로 차단기를 리셋하기 전에는 없어지지 않습니다."
CHC-Mill,106.0000,106,0000,A AXIS SERVO ERROR TOO LARGE,The A axis cannot move to the commanded position.  This could be a problem with the air brake system or also the motor encoder could be contaminated by coolant.,A축 서보 오류가 너무 큼,A축이 명령된 위치로 이동할 수 없습니다. 이것은 공기 브레이크 시스템에 문제가 있거나 또한 모터 인코더가 절삭유에 의해 오염된 것일 수 있습니다.
NGC,2053.0000,2053,0000,D–AXIS BEYOND TRAVEL RANGE,The D–axis was commanded to move more than travel limits allow. – Reset the machine. Check your program for errors. Check for improper Work Offsets.,이동거리 범위를 넘은 D축(D-AXIS BEYOND TRAVEL RANGE),D축에 대해 이동거리 제한이 허용하는 것보다 더 멀리 이동하라는 명령이 내려졌습니다. - 기계를 리셋합니다. 프로그램에 오류가 있는지 확인하십시오. 부적절한 워크 오프셋을 확인하십시오.
CHC-Mill,212.0000,212,0000,PROG INTEGRITY ERROR,"Possible corrupted program. Make sure setting 23 is off and save all programs to USB or disk, delete all, then reload.",프로그램 무결성 오류,"손상된 프로그램일 가능성이 있음. 설정 23이 꺼져 있는지 확인하고 모든 프로그램을 USB나 디스크에 저장하고, 모든 것을 지운 다음에 다시 로드하십시오."
NGC,997.0000,997,0000,TOO MANY FILES HAVE BEEN OPENED ON THE CURRENT DEVICE,Device from which a program is running has reached maximum number of files which can be opened on it. Reduce the number of subroutines used.,현재 장치에서 너무 많은 파일이 열렸음,프로그램이 실행되는 장치가 열 수 있는 치대 한도의 수에 도달했습니다. 사용된 서브루틴의 수를 줄이십시오.
NGC,115.0000,115,0000,CAROUSEL POSITION FAULT,The tool-changer carousel did not move to the commanded position in the time allowed. This may also be caused if the tool–changer door is not in the correct position at the beginning of a tool–change. – Make sure the tool–changer door is closed before the tool–change sequence begins. Check for chips in and around the tool–changer. Check for anything that has jammed the rotation of the carousel. Push the tool–change RECOVER button and follow on–screen instructions to restore the tool–changer. ,캐로슬 위치 고장,공구 교환장치 캐로슬이 허용된 시간에 명령된 위치로 이동하지 않았습니다. 또한 공구 교환 초기에 공구 교환장치가 정확한 위치에 없는 경우 발생할 수도 있습니다. - 공구 교환장치 도어가 공구 교환 시퀀스가 시작하기전에 닫혀 있는지 확인하십시오. 칩이 공구 교환장치 안 및 주위에 있는지 확인하십시오. 캐로슬의 회전을 방해하는 모든 것을 확인하십시오. 공구 교환 RECOVER 버튼을 눌러 화면상의 지침에 따라 공구 교환장치를 복원하십시오.
NGC,859.0000,859,0000,ATC SHUTTLE MOTOR ELECTRICAL FAULT,"No motor current was measured after the ATC carousel was commanded ON.  Check the motor power cables for any breaks, severe crimping, or loose connections that can cause an open circuit. Make sure the cable connectors do not have damaged pins. On the I/O board, make sure the 4–pin jumper is plugged into P87. Measure the resistance of the motor. If the electrical resistance measures less than 1 Ohm, or more than 50 Ohms, replace the motor.  Use Shift F3 while the alarm is active to generate an error report for your local Haas Factory Outlet and power cycle the machine. ",ATC 셔틀 모터 전기 고장,"ATC 캐로슬의 명령이 켬으로 된 후에 모터 전류가 측정되지 않았습니다. 모터 전원 케이블에 개방 회로를 발생하게 하는 절단, 심한 크림핑 또는 느슨한 연결이 있는지 확인하십시오. 케이블 연결에 손상된 핀이 없는지 반드시 확인하십시오. I/O 보드에 4핀 점퍼가 P87에 플러그 연결되었는지 반드시 확인하십시오. 모터의 저항을 측정하십시오. 모터 저항이 1오옴 미만이거나 50오옴을 초과하면 모터를 교체하십시오. 경보가 활성 상태인 동안 Shift F3을 사용하여 현지 Haas 직영 창고 매장에 대한 오류 보고서를 생성하고 기계의 전원을 껐다 켰다 해주십시오."
NGC,906.0000,906,0000,INVALID P CODE IN M14 M15 M36 OR M50,The P code must be 0 or a valid pallet number 1..N (without a decimal point). Where N is not to exceed the maximum pallet number.  Correct the program using a proper P code and restart.,M14 M15 M36 또는 M50에 잘못된 P코드,P코드는 0이거나 올바른 팔레트 번호 1.N(소수점 없이)이어야 합니다. 여기서 N은 최대 팔레트 숫자를 초과해서는 안 됩니다. 적절한 P코드를 사용하는 프로그램을 수정하고 재시작하십시오.
NGC,4001.0000,4001,0000,LOW AIR DURING TOOL CHANGE,"Pressto play video related to this content. There was not enough air to keep the tool unclamped during a tool change.  Once the air pressure has been restored, use RECOVERY to correct the tool changer. Ensure sufficient air volume is available:  Actuate the air gun while doing a tool change      If the pressure drops more then 10 psi you do not have sufficient air flow    Take a look at your incoming line      Lines should be 3/8 of an inch minimum        1/2 inch is the recommended size       Does the line have unnecessary bends or fittings    Check your shop compressor      Is it large enough for all the machines connected to it    ",공구 교환 도중 공기압 낮음,이 콘텐츠와 관련된 동영상을 재생합니다. 공구 교환 시 공구를 클램핑 해제된 상태로 유지할 수 있는 공기가 충분하지 않았습니다. 일단 공기압이 복원되면 복구(RECOVERY)를 사용하여 공구 교환장치를 교정하십시오. 충분한 공기양을 이용 가능한지 확인하십시오. 공구를 교체하는 동안 에어건을 작동하십시오. 압력이 10psi 이상 떨어지면 공기 흐름이 충분하지 않습니다. 유입 라인은 0.95MM 최소 1.27MM여야 합니다. 라인이 불필요하게 구부러지거나 피팅이 되어 있는지 점검합니다. 작업장 컴프레서가 연결된 모든 시스템에 맞게 충분히 큰지 확인합니다.
NGC,9986.0000,9986,0000,BAR LOADER MECHANISM OUT OF POSITION,Press the RECOVER button and follow the instructions to restore the bar feeder to a safe condition. Then press RESET and resume normal operation.,봉재 이송장치 메커니즘이 위치에서 벗어남,RECOVER 버튼을 누르고 지침에 따라 봉재 이송장치가 안전한 상태로 복구되도록 합니다. 그런 다음 RESET(리셋) 버튼을 눌러 정상 작동을 다시 시작합니다.
CHC-Mill,156.0000,156,0000,A-AXIS ZERO CHANNEL MISSING,An encoder signal integrity error was sensed. The encoder position data may be unreliable. All servos are turned off. – Cycle power on the machine. Check the A axis connections at the side of the control cabinet.,A축 영점 채널 누락,인코더 신호 무결성 오류가 감지되었습니다. 인코더 위치 데이터가 신뢰성이 없는 것일 수도 있습니다. 모든 서보가 꺼져 있습니다. -기계의 전원을 껐다 켰다 해주십시오. A축이 제어 캐비닛 측면에 연결되었는지 확인하십시오.
NGC,20003.0000,20003,0000,SD Not Enough Space,The control is reporting a hardware failure notification event. SD card failed: Actual memory is less than purchased. Anytime a non-critical piece of hardware fails or does not behave as expected that warning is thrown.,SD 공간이 충분하지 않음,제어가 하드웨어 고장 이벤트를 보고합니다. SD 카드 실패: 실제 메모리가 구매한 것보다 적습니다. 중요하지 않은 하드웨어가 실패하거나 예상대로 작동하지 않을 때마다 경고가 발생합니다.
CHC-Mill,228.0000,228,0000,B–AXIS TRANSITION FAULT,"An Encoder problem has been sensed. The encoder position data may be unreliable. Cycle power on the machine. Check that the Baxis cable connection, located on the side of electrical cabinet is clean, dry and tight.",B축 전환 고장,"인코더 문제가 감지되었습니다. 인코더 위치 데이터가 신뢰성이 없는 것일 수도 있습니다. 기계의 전원을 껐다 켰다 해주십시오. B축 케이블 연결을 확인하고, 청결하고 건조하면 단단한 전기 캐비닛의 측면에 위치했는지 확인하십시오. "
CHC-Mill,342.0000,342,0000,CUTTER COMP PATH TOO SMALL,Geometry not possible to apply specified compensation amount. Check your geometry use a smaller tool.,컷터 보정 경로가 너무 작음,적용 가능하지 않은 형상이 보정량을 지정했습니다. 형상이 더 작은 공구를 사용하는지 확인하십시오.
CHC-Mill,502.0000,502,0000,[ OR = NOT FIRST TERM IN EXPRESSN,"An expression element was found where it was not preceded by [or =, that start expressions. Check your macro program.",수식에서 [ OR= 이 첫 용어가 아님,표현식을 시작하는 [또는 =]가 앞에 오지 않은 표현식 요소가 발견되었습니다. 매크로 프로그램을 확인하십시오.
CHC-Mill,600.0000,600,0000,U-AXIS BEYOND TRAVEL RANGE,The Uaxis was commanded to move more than travel limits allow.  Reset the machine. Check your program for errors. Check for improper Work Offsets.,이동거리 범위를 넘은 U축,U축에 대해 이동거리 제한이 허용하는 것보다 더 멀리 이동하라는 명령이 내려졌습니다. 기계를 리셋합니다. 프로그램에 오류가 있는지 확인하십시오. 부적절한 워크 오프셋을 확인하십시오.
CHC-Lathe,193.0000,193,0000,B AXIS DRIVE FAULT,Current in B servo motor beyond limit. Possibly caused by a stalled or overloaded motor. The servos are turned off. Running the axis into a mechanical stop can cause this. A short in the motor or a short of one motor lead to ground can also cause it.,B축 드라이브 고장,B 서보 모터의 전류가 한계를 넘음 모터 정지 또는 과부하가 원인일 수 있습니다. 서보가 꺼져 있습니다. 축을 기계적 정지 상태로 돌리면 이것이 발생할 수 있습니다. 모터의 단락 또는 접지에 대한 모터 리드의 단락도 원인이 될 수 있습니다.
NGC,9970.0000,9970,0000,UNEXPECTED TOOL RELEASE,The tool release piston released the tool prematurely. Check the adjustment of the TRP switch and the TRP pressure regulator. ,예상치 않은 공구 해제,공구 배출 피스톤이 조기에 공구를 배출했습니다. TRP 스위치 조정과 TRP 압력 조절기를 확인하십시오.
CHC-Lathe,2091.0000,2091,0000,HPU OIL TEMPERATURE TOO HIGH,The hydraulic power unit fluid temperature is excessively high. You cannot reset this alarm until the tempurature of the hydraulic fluid falls below the value in parameter 1396. Allow the fluid to cool and try RESET again later.,지나치게 높은 HPU 오일 온도,유압 동력 장치 작동유 온도가 과도하게 높습니다. 작동유의 온도가 매개변수 1396의 값 아래로 떨어질 때까지 이 경보를 리셋할 수 없습니다. 작동유가 냉각되도록 하고 나중에 RESET하십시오.
NGC,9888.0000,9888,0000,PALLET POOL LIFTER IS DOWN,"The Pallet Pool is in an invalid state, with the lifter being down while either retrieving a pallet or placing a pallet. If a pallet is on the lifter while it is down and sliding to the target location, it will crash into the shelf.  Enter RECOVERY to attempt auto-recovery. If auto-recovery fails, enter the recovery pageand to verify that the lifter is operational by commanding it up and down. Check INPUT 38 and verify it is operating correctly.   ",팔레트 풀 리프터 아래 상태,팔레트 풀이 잘못된 상태로서 리프터가 아래에 있는 상태에 있으면서 팔레트를 복구하거나 팔레트를 위치시키려고 합니다. 팔레트가 아래에 있는 상태에서 리프터에 있으면 목표 위치에 미끄러져 가게 되며 선반과 충돌할 수 있습니다. 복구를 입력하여 자동 복구를 시도하십시오. 자동 복구를 실패하면 복구 페이지에 가서 리프터가 상승 하강하는 명령에 의해 작동하는지 확인하십시오. 입력 38을 확인하고 올바르게 작동하는지 확인하십시오.
NGC,9919.0000,9919,0000,COLLISION DETECTED,"When Safe Mode is active, the alarm occurs when the an axis position error exceeds safe mode position tolerance during rapids. It is likely to happen due to unintended contact of tool or spindle with the workpiece or workholding.  Check the program path and try again   ",충돌 감지됨,안전 모드가 활성화되어 있을 때 급속 중에 안전 모드 위치 공차를 초과하는 축 위치 오류가 생길 경우에 발생합니다. 공구 또는 스핀들이 공작물 또는 공작물 고정 장치와 의도치 않은 접촉때문에 발생한 것일 수도 있습니다. 프로그램 경로를 확인하고 다시 시도 합니다.
CHC-Lathe,782.0000,782,0000,V–AXIS TRANSITION FAULT,An Encoder problem has been sensed. The encoder position data may be unreliable. Cycle power on the machine.,V축 전환 고장,인코더 문제가 감지되었습니다. 인코더 위치 데이터가 신뢰성이 없는 것일 수도 있습니다. 기계의 전원을 껐다 켜 주십시오.
CHC-Lathe,993.0000,993,0000,AMPLIFIER SHORT CIRCUIT,This can be caused by any of the motor leads shorted to each other or shorted to the 320V return. This can also be caused by a faulty amplifier. Check all of the motor leads and make sure they are properly connected. This can also be caused by a faulty amplifier,증폭기 단락(AMPLIFIER SHORT CIRCUIT),이것은 모터 리드가 서로 단락되거나 320V 리턴으로 단락되어 발생할 수 있습니다. 이것은 고장난 증폭기 또는 고장난 Mocon이 원인일 수도 있습니다. 모든 모터 리드를 확인하고 적절하게 연결되었는지 확인하십시오. 이것은 고장난 증폭기가 원인일 수도 있습니다.
CHC-Mill,414.0000,414,0000,BUFFER OVERFLOW,"Computer sending data may not be responding to XOFF. Data sent too fast to CNC, try slower baud rate and check PC for settings for XOFF.",버퍼 오버플로우,"데이터를 보내는 컴퓨터가 XOFF에 반응하지 않을지 모릅니다. 너무 빠르게 CNC로 보내지는 데이터가 있으니, 보드(Baud) 속도를 더 느리게 하고 PC에 XOFF설정이 있는지 확인하십시오."
NGC,1092.0000,1092,0000,UNEXPECTED SURFACE FOUND,"This alarm occurs if the probe is already triggered before a move
or if the probe is triggered while roughly positioning the probe or tool.  Clear fault and start from a safe position. Chips may be trapped around the probe eyelid. Adjust work lights so they are not shinning directly into probe or receiver windows. The settings in
the work probe may not be correct.",예기치 않은 표면이 발견됨,이 경보는 이동 전에 프로브가 이미 트리거되었거나 프로브 또는 공구의 위치를 대략적으로 배치하는 동안 프로브가 트리거된 경우에 발생합니다. 문제가 되는 사항을 치우고 안전한 위치에서 시작하십시오. 프로브 아이리드 주위에 칩이 끼일 수 있습니다. 작업등이 프로브나 수신기 창에 직접 비치지 않도록 조정하십시오. 공작물 검사의 설정이 올바르지 않을 수 있습니다.
NGC,9890.0000,9890,0000,PALLETPOOL SLIDER DOOR CLOSE TIMEOUT,The pallet pool slider door didn&#39;t close within the required timeframe. ,팔레트 풀 슬라이더 도어 폐쇄 타임아웃,팔레트 풀 슬라이더 도어가 규정된 시간 한계 내에 폐쇄되지 않았습니다.
NGC,9127.0000,9127,0000,SPINDLE CHUCK UNCLAMPED,The chuck was unclamped when operation expected the state to be clamped.  Please clamp the chuck and retry. ,스핀들 척 클램핑 해제됨,작동 중 클램핑 된 상태일 것으로 예상되었을 때 척이 클램핑 해제되었습니다. 척을 클램핑한 후 다시 시도하십시오.
CHC-Mill,277.0000,277,0000,C-AXIS ZERO RETURN MARGIN IS TOO SMALL,The home switch is too close to the motor encoder reference mark.  Make Sure your offsets are correct before using the machine.,C축 영점 복귀 마진이 너무 적음,원점 스위치가 모터 인코더 참조 표시에 너무 가깝습니다. 기계 사용 전에 오프셋이 올바른 지 확인하십시오.
NGC,165.0000,165,0000,AXIS ZERO RETURN MARGIN IS TOO SMALL,"This alarm will occur if the home/limit switches move, are incorrectly adjusted, or are contaminated with chips. It indicates that the zero return position may not be consistent from one zero return to the next. The encoder Z channel signal must occur between 1/8 and 7/8 revolution of where the home switch releases.  Make sure the sensor and flag are free of chips.  Check grid offset.  Press reset and continue.  If the alarm persists,  with the alarm on the screen insert a USB device and press [SHIFT] and the [F3] button to generate an error report.  The error report will be saved to the USB device, e-mail the error report file to your local Haas Factory Outlet for further review.",축 영점 복귀 마진이 너무 적음,"이 경보는 원점 한계 스위치가 이동하거나, 부정확하게 조정되거나 또는 칩이 오염되었을 경우 발생합니다. 영점 복귀 위치 한 영점 복귀에서 다음 영점 복귀로 일관되지 않을 수 있다는 점을 알려줍니다. 인코더 Z 채널 신호는 원점 스위치가 해제되는 위치의 1/8과 7/8 회전 사이에서 발생해야 합니다. 센서와 플래그에 칩이 없는지 확인하십시오. 그리드 오프셋을 확인하십시오. 리셋을 누르고 계속하십시오. 경보가 지속되면 화면의 경보가 있는 상태에서 USB 장치를 삽입하고 [SHIFT] 및 [F3] 버튼을 눌러 오류 보고서를 생성하십시오. 오류 보고서는 USB 장치에 저장됩니다. 추가 검토를 위해 오류 보고서 파일을 귀하의 현지 Haas 직영 창고 매장으로 이메일로 보내십시오."
CHC-Lathe,603.0000,603,0000,Z DIRECTION CHANGE IN PQ BLOCKS,A Z axis direction change was found in a G71 or G72 canned cycle. Z direction change is only allowed in a type II canned cycle and is never allowed in a G71 cycle. Check all of the lines between the P and Q line numbers. Select type II by putting an X and Z move in the P line.,PQ 블록의 Z 방향 변경,Z축 방향 변경이 G71 또는 G72 고정 사이클에서 발견되었습니다. Z 방향 변경은 유형 II 고정 사이클에서만 허용되며 G71 주기에서는 허용되지 않습니다. P 및 Q 라인 숫자 사이의 모든 라인을 검사하십시오. P라인에 X 및 Z 이동을 넣어 유형 II를 선택합니다.
CHC-Mill,262.0000,262,0000,PARAMETER CRC MISSING,Disk read of parameter had no CRC when loading.,파라미터 CRC 누락,파라미터의 디스크 읽기에는 로딩시에 CRC가 없었습니다.
NGC,503.0000,503,0000,ILLEGAL MACRO VARIABLE REFERENCE," The program attempted to read or write a macro variable that is not supported. Edit the program to use a supported macro variable. Available macro variables: Local variables: #1-33 Global variables: #10000-10999 System variables: Refer to the Operator's Manual for a full list of available system variables. Note: Variables #10140-#10199 and #10540-10599 are reserved for the WIPS (Wireless Intuitive Probe System) option. If this option is installed, do not write to these variables in your macro programs.   ",위법 매크로 변수 참조, 프로그램이 지원되지 않은 매크로 변수를 일거나 쓰려고 시도했습니다. 프로그램을 지원되는 매크로 변수를 사용하십시오. 사용 가능한 매크로 변수: 국부적 변수: #1-33 전역 변수: #10000~10999 시스템 변수: 운영자 매뉴얼에서 사용 가능한 시스템 변수의 전체 목록을 참조하십시오. 참고: 변수 #10140-#10199 및 #10540-10599는 WIPS(무선 직관 프로브 시스템) 옵션용으로 예약되어 있습니다. 이 옵션이 설치되면 매크로 프로그램에서 이 변수를 씁니다.
NGC,9872.0000,9872,0000,ANALOG GP24 OVER LIMIT,General Purpose Analog input has exceeded the limit specified by the I/O Configuration file. ,아날로그 GP24 한계 초과,일반 목적 아날로그 입력이 I/O 구성 파일이 지정한 한계를 초과했습니다.
NGC,818.0000,818,0000,TOOL PROBE FAILURE,"This alarm occurs when the tool fails to contact the probe within the defined travel. Check that the probe has been calibrated. In manual probe mode, jog the tool tip to within 0.25 inches (6 mm) of the probe.",공구 프로브 오류,공구가 정의된 이동거리 내에서 프로브와 닿지 않을 경우 이 경보가 발생합니다. 프로브를 보정했는지 확인하십시오. 수동 프로브 모드에서 공구 팁을 프로브의 6MM(0.25”) 이내로 조그하십시오.
NGC,9145.0000,9145,0000,TABLETOP COMMAND ERROR,Press &lt;RESET&gt; to clear this error and reset the Stepper Adapter Board   ,테이블 명령 오류,&lt;RESET&gt;를 눌러서 이 오류를 삭제하고 스테퍼 어댑터 보드를 리셋하십시오.
CHC-Mill,278.0000,278,0000,C–AXIS CABLE FAULT,The C–axis encoder cable does not have valid signals.,C축 케이블 고장,C축 인코더 케이블 신호가 유효하지 않습니다.
NGC,20012.0000,20012,0000,ELECTRONICS OVERHEAT,The control detected the transformer reaching the temperature limit.  This is an informational message only. No parts need to be replaced.,변압기 과열,제어 장치에서 변압기가 온도 한계에 도달하는 것을 감지했습니다. 이것은 단지 정보 메시지입니다. 교체해야 할 공작물이 없습니다.
NGC,9928.0000,9928,0000,CANNED CYCLE DEFINITION WITH BOLT HOLE PATTERN NOT ALLOWED ON SAME BLOCK,"A canned cycle may not be defined on the same line with a bolt hole pattern (G70, G71, or G72) . Define the canned cycle on a line prior to the bolt hole pattern. ",고정 사이클 정의 볼트 구멍 패턴 동일 블록에서 허용 안됨,"고정 사이클이 볼트 구멍 패턴(G70, G71, G72)과 동일한 라인에 정의되지 않았을 수도 있습니다. 고정 사이클이 볼트 구멍 패턴에 앞서서 라인위에 정의하십시오."
CHC-Lathe,765.0000,765,0000,TT (Live Tooling) AXIS CABLE FAULT,The live tooling TT–axis encoder cable does not have valid signals.,TT(라이블 툴링) 축 케이블 고장,라이브 툴링 TT–축 인코더 케이블 신호가 유효하지 않습니다.
NGC,9128.0000,9128,0000,DOOR NOT FULLY OPEN,The control has detected that the door has moved and is no longer fully open.Door needs to be fully open to prevent collisions with mechanisms (such as robots and part loaders)relying upon access to the internal machining area.  Verify that the door fully open switch is functional and clear of debris. Reset and recover the part loading device. ,도어가 완전히 개방되지 않음,제어가 도어가 이동했으며 더 이상 완전히 열리지 않음을 감지했습니다. 내부 가공 영역에 접근에 의존하는(로봇 및 공작물 적재장치와 같은) 메커니즘과의 충돌을 방지하기 위해 도어를 완전히 열어야 합니다. 도어 완전 개방 스위치가 제대로 작동하고 찌꺼기가 없는지 확인하십시오. 공작물 적재장치를 리셋한 후 복구시키십시오.
NGC,9112.0000,9112,0000,NO G53 WITH SELECTED MOTION,"G53 can only be used during G00 or G01.G00 or G01 are not active when group 1 has any other code active (G02, G03, G32, G90, G92, G94).  G53 cannot be used with Scaling (G51), Rotation (G68), Cutter Comp / Tool Nose Comp (G41/G42), and Cartesian-to-Polar Interpolation (G112). ",선택된 동작을 가진 G53이 없음,"G53은 G00 또는 G01 기간에만 사용할 수 있습니다. G00 또는 G01은 그룹 1에 다른 코드가 활성화된 때(G02, G03, G32, G90, G92, G94) 활성화되지 않습니다. G53은 확대 축소(G51), 회전(G68), 컷터 보정/공구 노즈 보정(G41/G42) 및 직교 좌표의 극좌표 보간(G112)과 함께 사용할 수 없습니다."
NGC,351.0000,351,0000,INVALID P-CODE WITH G103,  The program has a G103 command with a P-code that is too large. G103 limits the block look-ahead to the number of blocks specified in the P-code. The allowed range for the P-code with a G103 is P0-P15. Edit the program to use a P-code between P0 and P15.   ,잘못된 G103을 가진 P코드,  프로그램은 너무 큰 P코드를 가진 G103 명령을 가집니다. G103은 블록 선독을 P코드에서 지정된 블록 수만큼 제한합니다. G103을 가진 P코드의 허용 범위는 P0-P15입니다. 프로그램을 편집하여 P0와 P15 사이의 P코드를 사용합니다.
NGC,9838.0000,9838,0000,TSC FAN FAILURE,The fan for the TSC heat sink stopped; could cause TSC over heating later on. ,TSC 팬 고장,"TSC 히트 싱크를 위한 팬이 정지되었으며, 이것은 이후에 TSC 과열의 원인이 될 수 있습니다."
CHC-Mill,665.0000,665,0000,V–AXIS DISABLED,There was an attempt to move an axis that is not installed in the machine. Check your program for commands to move a nonexistent axis.  Check your program.,V축 비활성화됨,기계에 설치되지 않은 축을 이동시키려는 시도가 있었습니다. 존재하지 않는 축을 이동시키는 명령이 프로그램에 있는지 확인하십시오. 프로그램을 확인하십시오.
CHC-Mill,204.0000,204,0000,OFFSET CRC ERROR," The poweron consistency check of offset memory failed. This can happen after a software update. It can also be a symptom of a software problem. Change an offset value, then change it back. This will recalculate the CRC.",오프셋 CRC 오류, 오프셋 메모리의 전원 켜짐 유지하는지에 대한 확인에 실패했습니다. 이것은 소프트웨어 업데이트 후에 발생할 수 있습니다. 또한 소프트웨어의 증상일 수도 있습니다. 오프셋 값을 변경하고 다시 변경해서 돌려 놓으십시오. 이렇게 하면 CRC를 다시 계산합니다.
NGC,9701.0000,9701,0000,CAN NODE LOST COMMUNICATION WITH IO,"This CAN device&nbsp;reported that communication with the IO board has been lost.

Power cycle the machine.&nbsp;If the alarm persists, contact your local Haas Factory Outlet for further review.",CAN 노드와 IO와의 통신 두절,"이 CAN 장치가&nbsp;IO 보드와의 통신이 두절되었다고 보고했습니다. 경보가 지속되면&nbsp;기계의 전원을 껐다 켜보고, 지역의 Haas 직영 창고 매장에 추가 점검을 위해 연락하십시오."
NGC,2036.0000,2036,0000,D–AXIS MOTOR OVERHEAT,The D–axis motor has overheated. – Allow the motor to cool. Reduce the load on the motor.,D축 모터 과열,D축 모터가 과열되었습니다. - 모터가 냉각되도록 하십시오. 모터의 부하를 줄이십시오.
NGC,989.0000,989,0000,IMPROPER USE OF STRCHR,This routine was called with a UNICODE string as the source.,부적절한 스트링 문자 사용,이러한 일반 작업을 소스로서의 유니코드 스트링으로 호출합니다.
CHC-Mill,479.0000,479,0000,FPU UNFL ERROR,A BSUN exception has occurred on the floating point unit. The execution address where this occurred can be found in the FPE ERR field of the LL DEBUG screen.,FPU UNFL 오류,BSUN 예외가 부동점 유닛에서 발생했습니다. 이것이 발생한 실행 어드레스가 LL DEBUG 화면의 FPE ERR에서 발견될 수 있습니다.
NGC,375.0000,375,0000,MISSING Z OR H IN G37,"G37 Automatic tool length measurement function requires H code, Z value, and tool offset enabled. X, Y, and A values not allowed. ",G37에서 Z 또는 H 누락,"G37 자동 공구 길이 측정 기능에는 H 코드, Z 값 및 툴 오프세 활성화가 필요합니다. X, Y 및 A값은 허용되지 않습니다."
CHC-Mill,851.0000,851,0000,ATC ARM MOTOR HIGH LOAD,"The ATC arm motor has had a high load for a longer time than allowed.  This alarm can be caused by a newly installed fixture that gets in the way of the arm,  preventing free movement.  Check for objects or fixtures preventing the arm from completing its motion.  Remove any chips preventing the arm from moving freely.",ATC 암 모터 고부하,ATC 암 모터가 허용된 시간보다 길게 높은 부하를 받고 있었습니다. 이 경보는 암을 방해하는 새롭게 설치된 고정장치가 자유로운 이동을 막은 것이 원인이 될 수 있습니다. 암 동작 완료를 방해하는 물체나 고정장치가 있는지 확인하십시오. 암의 자유로운 이동을 방해하는 모든 칩을 제거하십시오.
NGC,253.0000,253,0000,ELECTRONICS OVERHEAT,The temperature of the control electronics has exceeded the maximum operating range. This machine is not rated to operate in excessively hot environments.  Make sure the ambient temperature inside the control cabinet is within tolerances as described by the Operator's Manual. Make sure control cabinet door is closed Allow the machine to cool before continuing Consider purchasing the CNC Control Cabinet Cooler option ,전자 장치 과열,"제어 전자장치의 온도가 최대 작동 범위를 넘어섰습니다. 기계는 과도하게 고온인 환경에 작동할 수 없습니다. 제어 캐비닛의 전체 온도가 운영자 매뉴얼에서 설명된 공차 범위 내에 있는지 확인하십시오. 제어 캐비닛 도어가 닫혔는지 확인하고, 기계를 계속 작동시키기 전에 냉각하며, CNC 제어 캐비닛 냉각장치 옵션의 구매를 고려하십시오."
NGC,561.0000,561,0000,Y AXIS RESTRICTED AREA TRAVEL LIMIT,"The Y axis was commanded into the wedge angle restricted area.  Due to the wedge angle, the machining envelope is not rectangular.  There is a restricted area that you cannot physically reach.  See the marked area in the picture below.  Use this list to help resolve the alarm:  Make sure that the work offsets are correct. Check the G52 and G92 offsets.G52 and G92 offsets are used to shift all other work offsets. For most applications, these offsets should be zero. Make sure that your Tool Offsets are correct. Check your program for errors. Make sure that the program calls the correct work offset. Make sure that the programmed axis coordinates are correct.    Otherwise, refer the section 'Y-Axis Travel Envelopes' in the Operator's Manual. ",Y 축 제한 구역 이동거리 제한,Y 축에 쐐기 앵글의 제한 구역에 들어가라는 명령이 내려졌습니다. 쐐기 앵글로 인하여 기계 봉투가 직사각형이 아닙니다. 물리적으로 닫기 힘든 제한 구역이 있습니다. 아래 그림에 표시된 구역을 참조하십시오. 경보를 해결하는데 도움이 되는 목록을 사용하십시오. 워크 오프셋이 올바른지 확인하십시오. G52 및 G92 오프셋을 확인하십시오. G52 및 G92 오프셋은 모든 기타 워크 오프셋을 변경하는데 사용됩니다. 대부분의 응용장치에서 이 오프셋은 0이 되어야 합니다. 툴 오프셋이 정확한지 확인하십시오. 프로그램에 오류가 있는지 확인하십시오. 프로그램이 정확한 워크 오프셋을 호출했는지 확인하십시오. 프로그래밍된 축 좌표가 정확한지 확인하십시오. 그렇지 않으면 운영자 매뉴얼의 ‘Y축 이동거리 봉투’ 섹션을 참조하십시오.
NGC,8134.0000,8134,0000,LOW HYDRAULIC PRESSURE ON START,Hydraulic pump pressure did not rise sufficiently within the time allowed.  Check hydraulic tank oil level. Check for hydraulic oil leaks. Verify proper pump and machine phasing. Also check 3-phase power phasing. Phase detector on power card should have green light under PASS when machine is powered up.,시작 시 낮은 유압,유압 펌프 압력이 허용된 시간 안에 충분히 오르지 않았습니다. 유압 탱크 오일 레벨을 확인하십시오. 유압 오일 유출을 확인하십시오. 적절한 펌프와 기계 위상을 확인하십시오. 또한 3상 전력 페이징을 확인하십시오. 전원 카드의 위상 검출기는 기계의 전원을 켤 때 PASS 아래에 녹색 표시등이 있어야 합니다.
CHC-Lathe,361.0000,361,0000,GEAR CHANGER DISABLED, Check Parameter 57 in Mills. Not a normal condition for Lathes.,기어 교환장치 비활성화됨, 밀(mill)에서 파라미터 57을 확인하십시오. 선반의 일반적인 상태가 아닙니다.
CHC-Lathe,160.0000,160,0000,LOW INCOMING AC LINE VOLTAGE,The incoming voltage to the machine is less than 80% of the expected value.  Check your voltage and transformer taps.,낮은 인입 AC 라인 전압,기계로 들어오는 전압이 예상 값의 80% 미만입니다. 전압 및 변압기 탭을 확인하십시오.
CHC-Lathe,371.0000,371,0000,ILLEGAL SPIRAL MOTION,"Liner axis path is too long. For helical motions, the linear path must not be more than the length of the circular component.",비합당한 나선형 동작,선형 축 경로가 지나치게 깁니다. 나선형 동작의 경우 선형 경로는 원형 구성요소의 길이보다 커서는 안 됩니다.
CHC-Mill,164.0000,164,0000,A–AXIS DRIVE FAULT,"General Alarm: A fault was reported by the A–axis servo drive. The servos have been turned off. There will be a secondary alarm which will display more specific information, with repair details. – Investigate any secondary alarms.",A축 드라이브 고장,일반 경보: A축 서보 드라이브에 의해 오류가 보고되었습니다. 서보가 꺼져 있었습니다. 수리 세부 사항과 더불어 더 구체적인 정보를 표시하는 2차 경보가 있을 것입니다. - 모든 2차 경보를 조사하십시오.
CHC-Mill,2005.0000,2005,0000,AUXILIARY EMERGENCY STOP ERROR,The auxiliary stop circuit has failed. Check the emergency stop switch contacts and wiring. Fix the problem and then cycle power to clear this alarm.,보조 비상정지 오류,보조 정지 회로가 고장났습니다. 비상 정지 스위치의 접촉 및 배선을 확인하십시오. 문제를 고친 다음에 경보를 삭제하기 위해 전원을 껐다 켰다 하십시오.
NGC,311.4,311,4,UNKNOWN CODE,The program contains a code that the control does not recognize. A number without a letter address causes this alarm.,알려지지 않은 코드,프로그램은 제어가 인식하지 않는 코드를 포함합니다. 글자 주소가 없는 숫자는 이 경보의 원인이 됩니다.
CHC-Mill,406.0000,406,0000,MISSING CODE,Bad data was received. The program is stored but the bad data is turned into a comment. Check your program. Check program for ( ?) or message screen for displayed block with error.,누락 코드,잘못된 데이터를 수신했습니다. 프로그램이 저장되지만 잘못된 데이터는 의견으로 바뀝니다. 프로그램을 확인하십시오. 프로그램에 ( ?)이 있는지 또는 메시지 스크린에 오류를 가진 블록이 표시되는지 확인하십시오.
CHC-Lathe,619.0000,619,0000,STROKE EXCEEDS START POSITION,Stock removal stroke in canned cycle projects past start position. Change start position.,스트로크가 시작 위치를 초과,고정 사이클 프로젝트의 스톡 제거 스트로크가 시작 위치를 지나갑니다. 시작 위치를 변경하십시오.
CHC-Mill,189.0000,189,0000,B–AXIS MOTOR OVERHEAT,The B–axis motor has overheated. – Allow the motor to cool. Reduce the load on the motor.,B축 모터 과열,B축 모터가 과열되었습니다. -모터가 냉각되도록 하십시오. 모터의 부하를 줄이십시오.
CHC-Lathe,774.0000,774,0000,SP–AXIS PHASING ERROR,An error occurred during the phasing initialization of the brushless motor. This error cannot be reset. – Cycle power to clear alarm.,SP축 페이징 오류,브러시리스 모터의 페이징 초기화 동안에 오류가 발생하였습니다. 이 오류는 리셋될 수 없습니다. - 전원을 껐다 켜서 경보를 삭제하십시오.
NGC,9135.0000,9135,0000,APL ILLEGAL STATE,"APL mechanisms are in an inconsisted state. Please verify the machine is in a safe state, then reset the APL sequence. ",APL 위법 상태,APL 메커니즘이 일관되지 않은 상태에 있습니다. 기계가 안전한 상태에 있는 것을 확인한 후에 APL 시퀀스를 재설정하십시오.
CHC-Lathe,142.0000,142,0000,A (Tool Turret) AXIS MOTOR Z FAULT,An Encoder fault has been sensed. The ZReference signal from the encoder was not received as expected.,A(공구 터렛) 축 모터 Z 고장,인코더 고장이 감지되었습니다. 인코더로부터 온 Z 참조 신호는 예상대로 수신되지 않았습니다.
NGC,9882.0000,9882,0000,ANALOG FAST2 OVER LIMIT, General Purpose Fast Analog input has exceeded the limit specified by the I/O Configuration file. ,아날로그 FAST2 한계 초과, 일반 목적 빠른 아날로그 입력이 I/O 구성 파일이 지정한 한계를 초과했습니다.
NGC,1106.0000,1106,0000,OMP40 NEEDS CALIBRATION,The work probe is not calibrated.,OMP40에 보정이 필요,공작물 검사가 보정되지 않았습니다.
CHC-Mill,423.0000,423,0000,X–AXIS SECONDARY ENCODER POSITION MISMATCH,The Position reported by the secondary encoder does not match the position reported by the primary encoder. This alarm cannot be reset. Turn the machine off and back on.,X축 2차 인코더 위치 불일치,2차 인코더에 의해 보고된 위치는 1차 인코더에 의해 보고된 위치와 맞지 않습니다. 이 경보는 리셋할 수 없습니다. 기계를 끄고 다시 켜십시오.
CHC-Mill,268.0000,268,0000,DOOR OPEN @ M95 START,Generated whenever an M95 (Sleep Mode) is encountered and the door is open. The door must be closed in order to start sleep mode.,도어 개방 @ M95 시작,M95(절전 모드)에 들어가고 도어가 열릴 때마다 생성됩니다. 도어는 수면 모드를 시작하기 위해서는 닫혀져 있어야 합니다.
CHC-Lathe,742.0000,742,0000,V–AXIS ZERO CHANNEL MISSING,An encoder signal integrity error was sensed. The encoder position data may be unreliable. All servos are turned off. – Reset the alarms and zero return the axis.,V축 영점 채널 누락,인코더 신호 무결성 오류가 감지되었습니다. 인코더 위치 데이터가 신뢰성이 없는 것일 수도 있습니다. 모든 서보가 꺼져 있습니다. – 경보를 리셋하고 축을 영점 복귀시키십시오.
NGC,9118.0000,9118,0000,AUTO DOOR DID NOT OPEN,"Check for objects blocking the door from opening. Check for chip build up on the door roller rails, check that the door drive wheels are not slipping or are losing contact with the top of the door. ",자동 도어가 열리지 않음,"도어가 열리지 못하게 막는 물체가 있는지 확인하십시오. 도어 롤러 레일에 칩이 쌓이지 않았는지, 도어 구동 휠이 미끄러지거나 도어 상단과 접촉하지 않는지 점검하십시오."
CHC-Mill,124.0000,124,0000,LOW BATTERY,"Memory battery needs replacing within 30 days. This alarm is only generated at power on and indicates that the 3V Lithium battery is below 2 volts. If this is not corrected within about 30 days, you may lose your stored programs, parameters, offsets, and settings. Back up memory before replacing the battery.",낮은 배터리 양,"메모리 배터리를 30일 이내에 교체되어야 합니다. 이 경보는 단지 전원이 켠 상태에서 생성되고 3V 리튬 배터리가 2볼트 아래임을 나타냅니다. 30일 내에 교체되지 않으면 저장된 프로그램, 파라미터, 오프셋 및 설정을 일을 수도 있습니다. 배터리 교체 전에 메모리를 백업하십시오."
CHC-Lathe,556.0000,556,0000,AIR PRESSURE DROPPED DURING GEAR CHANGE,The air pressure dropped below 90 psi during a gear change. Press reset to clear alarms then check air pressure.,기어 변경 중 공기 압력 강하,기어 변경 중에 공기 압력은 90psi 밑으로 떨어졌습니다. 리셋을 눌러 경보를 제거하고 공기 압력을 확인하십시오.
NGC,9848.0000,9848,0000,CHIP CONVEYOR MOTOR DISCONNECTED,Motor turned on but no current measured.    Perform power up test. ,침 컨베이어 모터 연결 끊어짐,모터 켜졌지만 전류가 측정되지 않았습니다. 전원 켜기 테스트를 수행하십시오.
NGC,2035.0000,2035,0000,D AXIS SERVO OVERLOAD,"A servo motor overload condition was sensed. The D–axis servo load was higher than 100%, for longer than allowed, by the system. This is caused when the cutting and axis loads are too high. Adjust your program to reduce the tool load placed on the axis. Reduce feeds and speeds. Reduce the chip load. Check for dull or broken tools.",D축 서보 과부하,서보 모터 과부하 상태가 감지되었습니다. D축 서보 부하가 시스템에 의해 허용된 것보다 긴 시간 동안 100%이상 높았습니다. 이는 절삭 및 축 부하가 지나치게 높을 때 발생합니다. 프로그램을 조정하여 축에 부가된 공구 부하를 낮추십시오. 이송 및 속도를 줄이십시오. 칩 부하를 줄이십시오. 무뎌졌거나 부서진 공구를 확인하십시오.
NGC,543.0000,543,0000,G51 P CODE OUT OF RANGE,  A G51 block contains a negative (-) P-code or a P-code with a value of zero. Edit the program to change the P-code to a value greater than zero.  Example Code with Error The P-code has a negative value. The P-code has a value of zero.   Example Corrected Code The P-code has a positive (+) value greater than zero.      ,G51 P코드가 범위에서 벗어남,  G51 블록에는 음수 (-) P코드 또는 0값을 가진 P코드가 포함됩니다. 프로그램을 편집하여 P코드를 0보다 크게 변경합니다. 오류를 가진 코드의 예: P코드는 음수 값을 가진다. P코드에 0의 값을 포함합니다. 수정된 코드의 예: P코드에는 0보다 큰 양수(+) 값      
NGC,957.0000,957,0000,CHUCK CLAMP SWITCH FAULT,Chuck switch did not change state during a clamp or unclamp operation.  Operation did not finish clamping or unclamping as commanded. Check for obstructions on the chuck unclamp lever.  Loosen the collet so that the chuck can fully clamp.  ,척 클램프 스위치 고장,척 스위치가 클램핑 또는 클램핑 해제 작동 중에 상태를 변경하지 않았습니다. 명령한 대로 클램핑 또는 클램핑 해제 작업이 종료되지 않았습니다. 척 클램프 해제 레버에 장애물이 있는지 확인하십시오. 콜릿을 느슨하게 하여 턱이 완전히 클램핑되도록 하십시오.
CHC-Mill,398.0000,398,0000,AUX AXIS SERVO OFF,Aux. axis servo shut off due to a fault.,보조 축 서보 꺼짐,보조 축 서보가 고장으로 인하여 차단
NGC,244.0000,244,0000,MISSING (...),"  A comment is not fully enclosed in parentheses, or it is too long. There are 2 program errors that can cause this alarm:    1) Comments must begin and end with parentheses.   � a. If the ( or ) is missing, you must rewrite the entire comment, including the parentheses.   2) A comment is longer than the maximum of 250 characters.   � a. Edit your comment so that it is shorter than 250 characters.      ",누락(…),  의견이 괄호 안에 완전히 있지 않거나 너무 깁니다. 이 경보를 발생시킨 2개의 프로그램 오류가 있습니다. 1) 의견은 괄호로 시작해서 괄호로 끝나야 합니다.  � a. 만일 ‘( 또는 )’이 누락되면 완전한 의견을 괄호를 포함해서 다시 써야 합니다. 2) 의견은 최대 250 글자 미만이어야 합니다.  � a. 의견을 편집하여 250글자 보다 적게 씁니다.
NGC,8370.0000,8370,0000,TAILSTOCK EXCESSIVE DRIFT,The tailstock position changed even though it was not commanded to move.  The part may have moved. Check to make sure the part is securely in place. Ensure all the bolts on the tailstock assembly are properly tightened.,심압대의 과도한 드리프트,심압대 위치는 이동 명령이 없었음에도 변경되었습니다. 공작물이 이동했을 수 있습니다. 공작물이 안전하게 제자리에 있는지 확인하십시오. 심압대 조립체의 모든 볼트가 적절히 조여졌는지 확인하십시오.
NGC,20018.0000,20018,0000,ROBOT UPDATE,Robot was updated. This is an informational message only. No parts need to be replaced.,,
CHC-Lathe,513.0000,513,0000,VARIABLE REFERENCE NOT ALLOWED WITH N OR O,"Alphabetic addresses N and O are illegal variables. You cannot declare N#1, etc. See Operator manual macro section for valid variables.",변수 참조는 N 또는 O가 허용되지 않습니다(VARIABLE REFERENCE NOT ALLOWED WITH N OR O),알파벳 주소인 N 및 O는 위법 변수입니다. N#1 등의 것은 선언할 수 없습니다. 유효한 변수는 운영자 매뉴얼 섹션을 참고하십시오.
CHC-Mill,237.0000,237,0000,SPINDLE SPEED ERROR,The error between the commanded spindle speed and the actual speed has exceeded the maximum allowable error.,스핀들 회전수 오류,명령된 스핀들 회전수와 실제 회전수 사이의 오류가 최대 허용 오류를 초과했습니다.
CHC-Mill,456.0000,456,0000,PARAMETER CONFLICT,Conflict between two or more of the Axis MOCON Channel parameters.,파라미터 충돌,두 개 이상의 축 MOCON 채널 파라미터에 충돌이 있습니다.
NGC,9899.001,9899,001,CAN BUS OFF ERROR,"IOPCB has detected a CAN fault caused by a communication loss or hardware/firmware malfunction with a CAN node. Cycle power, check wire connections and attempt to continue by pressing [RESET].",CAN 버스 꺼짐 오류,"IOPCB은 CAN과의 통신 누락 또는 하드웨어/펌웨어 오작동에 의한 CAN 고장을 감지했습니다. 전원을 껐다 켰다 한 다음, 선 연결을 확인하고 [RESET]을 눌러 계속하십시오."
NGC,9899.003,9899,003,NODE HARDWARE   FIRMWARE ERROR,"IOPCB has detected a CAN fault caused by a communication loss or hardware/firmware malfunction with a CAN node. Cycle power, check wire connections and attempt to continue by pressing [RESET].",노드 하드웨어/펌웨어 오류,"IOPCB은 CAN과의 통신 누락 또는 하드웨어/펌웨어 오작동에 의한 CAN 고장을 감지했습니다. 전원을 껐다 켰다 한 다음, 선 연결을 확인하고 [RESET]을 눌러 계속하십시오."
NGC,9899.002,9899,002,NODE REPORTED LOST COMMUNICATION TO SIO,"IOPCB has detected a CAN fault caused by a communication loss or hardware/firmware malfunction with a CAN node. Cycle power, check wire connections and attempt to continue by pressing [RESET]

SUBCODE: .001     NODE ERROR CODE: 0x03     DESCRIPTION: IO Board hardware failure; CAN Bus Error

SUBCODE: .002     NODE ERROR CODE: 0x01     DESCRIPTION: Node reported lost communication to SIO

SUBCODE: .002     NODE ERROR CODE: 0x30     DESCRIPTION: SIO reported lost communication to node

SUBCODE: .003     NODE ERROR CODE: 0x02     DESCRIPTION: Node Hardware/Firmware Error; Node stuck in bootloader; Need to reset node.",노드 SIO와의 통신 두절 보고,"IOPCB은 CAN과의 통신 누락 또는 하드웨어/펌웨어 오작동에 의한 CAN 고장을 감지했습니다. 전원을 껐다 켰다 한 다음, 선 연결을 확인하고 [RESET]을 눌러 계속하십시오.서브코드: .001     노드 오류 코드: 0x03     설명: IO 기판 하드웨어 고장, CAN 버스 오류서브코드: .002     노드 오류 코드: 0x01     설명: 노드에서 SIO와의 통신 두절 보고서브코드: .002     노드 오류 코드: 0x30     설명: SIO에서 노드와의 통신 두절 보고서브코드: .003     노드 오류 코드: 0x02     설명: 노드 하드웨어/펌웨어 오류, 노드가 부트로더에 고착됨, 노드를 재설정해야 함."
NGC,324.0000,324,0000,DELAY TIME RANGE ERROR,P code in G04 is greater than or equal to 1000 seconds (over 999999 milliseconds). This alarm can also be generated by entering an invalid M95 time format.  ,지연 시간 범위 오류,G04의 P코드가 1000초 이상(999999밀리초 이상)입니다. 또한 잘못된 M95 시간 형식을 입력함으로써 생성될 수 있습니다.
CHC-Lathe,775.0000,775,0000,TT (Live Tooling) AXIS PHASING ERROR,An error occurred during the phasing initialization of the Live Tooling motor.,TT(라이브 툴링) 축 페이징 오류,라이브 툴링 모터의 페이징 초기화 동안에 오류가 발생하였습니다.
NGC,2028.0000,2028,0000,D–AXIS SECONDARY ENCODER Z CHANNEL MISSING,An encoder signal integrity error was sensed. The encoder position data may be unreliable. All servos are turned off. – Reset the alarms and zero return the axis.,D축 2차 인코더 Z채널 누락,인코더 신호 무결성 오류가 감지되었습니다. 인코더 위치 데이터가 신뢰성이 없는 것일 수도 있습니다. 모든 서보가 꺼져 있습니다. – 경보를 리셋하고 축을 영점 복귀시키십시오.
NGC,553.0000,553,0000,LOW AIR PRESSURE DURING GEAR CHANGE,A low air pressure condition was detected during a spindle gear change. Check that the source pressure is a minimum of 100 psi and ensure the machine regulator is set to 90 psi. Ensure sufficient air volume is available.,기어 변경 중 낮은 공기압,낮은 공기압 상태가 스핀들 기어 변경 중에 감지되었습니다. 소스 압력이 최소 100 psi인지 확인하고 기계 조절기가 90 psi로 설정되어 있는지 확인하십시오. 충분한 공기양을 이용 가능한지 확인하십시오.
NGC,367.0000,367,0000,CUTTER COMP INTERFERENCE,"  The control cannot calculate the programmed tool path with the specified tool diameter or radius offset. Look for errors like these in your program:     The cutter compensation entry or exit move is smaller than the value in the diameter or radius offset column.   � Change the commanded entry or exit move in the program to equal or exceed the cutter diameter/radius offset.   An arc move is smaller than the tool radius.  � Increase the size of the arc in the program so that it equals or exceeds the cutter diameter or radius offset. You may also need to change the commanded start point or end point to accommodate the larger radius.   The diameter or radius offset in the tool geometry column is too large for the programmed tool path.  � Use a smaller diameter tool and update the tool diameter or radius offset in the offsets page.   The D number is incorrect.  � On the G41 or G42 line, change the D number to the correct tool offset number.If the G41 or G42 line does not have a D number, add the correct D number.   NOTE: If you do not specify a D number with G41 or G42 commands, the control uses the last commanded D number!   ",컷터 보정 간섭,  제어는 프로그래밍된 공구 경로를 지정된 공구 직경이나 반경 오프셋과 같이 계산할 수 없습니다. 프로그램에서 이와 같은 오류를 찾으십시오. 컷터 보정 진입 또는 종료 이동이 직경 또는 반경 오프셋 열의 값보다 작습니다. � 프로그램에서 명령된 진입 또는 종료 이동을 컷터 직경/반경 오프셋과 같거나 초과하도록 변경하십시오. 호의 이동은 공구 반경보다 작습니다. � 컷터 직경 또는 반경 오프셋과 같거나 초과하도록 프로그램에서 호의 크기를 증가합니다. 또한 명령된 시작 또는 종료 명령을 변경하여 더 큰 반경을 수용할 필요가 있습니다. 공구 형상 컬럼에서 직경 또는 반경 오프셋은 프로그래밍된 공구 경로를 위해서는 너무 큽니다. � 더 작은 직경의 공구를 사용하고 오프셋 페이지에서 공구 직경이나 반경 오프셋을 업데이트하십시오. D번호가 부정확합니다. � G41 또는 G42 라인에서 D 번호를 올바른 툴 오프셋 번호로 변경하십시오. G41 또는 G42 라인에 D 번호가 없으면 올바른 D 번호를 추가하십시오. 참고: G41 또는 G42 명령으로 D 번호를 지정하지 않는 경우 제어는 마지막으로 명령된 D 번호를 사용합니다!
CHC-Lathe,797.0000,797,0000,SUB SPINDLE ORIENTATION FAULT," Spindle did not orient correctly. During a spindle orientation function, the spindle rotated but never achieved proper orientation. This can be caused by failure of encoder, cables, belts, MOCON or vector drive.",서브 스핀들 오리엔테이션 고장," 스핀들이 정확한 방향이 아닙니다. 스핀들 오리엔테이션 기능 중에, 스핀들이 회전하였지만 적절한 오리엔테이션을 달성하지 않았습니다. 이것은 인토더, 케이블, 벨트, MOCON 또는 벡터 드라이브 고장이 원인일 수 있습니다."
NGC,384.0000,384,0000,METRIC IS NOT SELECTED,G21 MM mode was specified but settings have selected inches. Change setting 9.  ,미터법이 선택되지 않음,G21 MM 모드는 지정되었으나 설정은 인치가 선택되었습니다. 설정 9를 변경하십시오.
CHC-Lathe,659.0000,659,0000,NOT ONE AXIS MOVE WITH CHAMFERING,"Consecutive blocks commanded with chamfering or corner rounding, for example: G01 Xb Kk G01 Zb Ii. After each chamfering or corner rounding block, there must be a single move perpendicular to the one with chamfering or corner rounding.",모따기는 단일 축 이동이 아님,모따기 또는 모서리 라운딩으로 명령된 연속 블록의 예시: G01 Xb Kk G01 Zb Ii. 각 모따기 또는는 블록 모서리 라운딩 후에 모따기 또는 코너 라운딩 중인 블록에 수직인 단일 이동이 있어야 합니다.
CHC-Mill,481.0000,481,0000,FPU OVFL ERROR,A BSUN exception has occurred on the floating point unit. The execution address where this occurred can be found in the FPE ERR field of the LL DEBUG screen.,FPU OVFL 오류,BSUN 예외가 부동점 유닛에서 발생했습니다. 이것이 발생한 실행 어드레스가 LL DEBUG 화면의 FPE ERR에서 발견될 수 있습니다.
CHC-Mill,235.0000,235,0000,SPINDLE–AXIS MOTOR Z FAULT,An Encoder fault has been sensed. The ZReference signal from the encoder was not received as expected.  Cycle power on the machine.,스핀들 축 모터 Z 고장,인코더 고장이 감지되었습니다. 인코더로부터 온 Z 참조 신호는 예상대로 수신되지 않았습니다. 기계의 전원을 껐다 켰다 해주십시오.
NGC,374.0000,374,0000,MISSING XYZA IN G31 OR G36,G31 skip function requires an axis motion. ,G31 또는 G36에서 XYZA 누락,G31 건너뛰기 기능에는 축 모션이 필요합니다.
NGC,849.0000,849,0000,160V DC BUS OVER–VOLTAGE,"The voltage on the 160 volt bus exceeded the limit. This can be caused by high incoming line voltage from the power company, or an improperly tapped main transformer. – If the incoming line voltage is too high, contact your power company. Press the RESET button.",160V DC 버스 과전압,160V 버스 상의 전압이 그 한계를 초과했습니다. 전력 회사의 높은 인입선 전압 또는 주 변압기가 잘못 태핑된 경우 이 문제가 발생할 수 있습니다. – 인입선 전압이 너무 높은 경우 전력회사에 연락하십시오. RESET(리셋) 버튼을 누르십시오.
NGC,9150.10017,9150,10017,COLLISION STOP ERROR,"Robot hardware is at fault state. Sub-alarm number indicates fault ID and is described by robot documentation. Check manufacturer operational manual for current robot type. Certain alarms may require a power cycle of the robot. If the alarm cannot be reset, please power cycle the robot.",,
CHC-Mill,295.0000,295,0000,MOVE ANGLE TOO SMALL IN G01 CORNER ROUNDING,Tangent of half angle is zero. Move Angle must be greater than 1 degree. Check your geometry.,G01 코너라운딩에서 각을 너무 작게 움직임,반각의 탄젠트 값은 0입니다. 각 이동은 1도 보다 커야 합니다. 형상을 확인하십시오.
NGC,560.0000,560,0000,X AXIS RESTRICTED ZONE TRAVEL LIMIT,"The X axis was commanded into the wedge angle restricted zone.  Due to the wedge angle, the machining envelope is not rectangular.  There is a restricted zone that you cannot physically reach.  See the marked area in the picture below.  Use this list to help resolve the alarm:  Make sure that the work offsets are correct. Check the G52 and G92 offsets.G52 and G92 offsets are used to shift all other work offsets. For most applications, these offsets should be zero. Make sure that your Tool Offsets are correct. Check your program for errors. Make sure that the program calls the correct work offset. Make sure that the programmed axis coordinates are correct.    Otherwise, refer the section 'Y-Axis Travel Envelopes' in the Operator's Manual. ",X 축의 제한 구역 이동거리 한계,X 축에 쐐기 앵글의 제한 구역에 들어가라는 명령이 내려졌습니다. 쐐기 앵글로 인하여 기계 봉투가 직사각형이 아닙니다. 물리적으로 닫기 힘든 제한 구역이 있습니다. 아래 그림에 표시된 구역을 참조하십시오. 경보를 해결하는데 도움이 되는 목록을 사용하십시오. 워크 오프셋이 올바른지 확인하십시오. G52 및 G92 오프셋을 확인하십시오. G52 및 G92 오프셋은 모든 기타 워크 오프셋을 변경하는데 사용됩니다. 대부분의 응용장치에서 이 오프셋은 0이 되어야 합니다. 툴 오프셋이 정확한지 확인하십시오. 프로그램에 오류가 있는지 확인하십시오. 프로그램이 정확한 워크 오프셋을 호출했는지 확인하십시오. 프로그래밍된 축 좌표가 정확한지 확인하십시오. 그렇지 않으면 운영자 매뉴얼의 ‘Y축 이동거리 봉투’ 섹션을 참조하십시오.
CHC-Mill,348.0000,348,0000,MOTION NOT ALLOWED IN G93 MODE,"This alarm is generated if the mill is in Inverse Time Feed mode, and a G12, G13, G70, G71, G72, G150, or any Group 9 motion command is issued.",G93 모드에서 동작은 허용되지 않음,"이 경보는 밀이 역시간 이송 모드에 있고 G12, G13, G70, G71, G72, G150 또는 그룹 9 동작 명령이 내려진 경우 생성됩니다."
NGC,254.0000,254,0000,SPINDLE MOTOR OVERHEAT,"The Spindle motor has overheated. This can be caused by running the spindle at higher than 100% load for extended periods or by starting and stopping the spindle motor multiple times, for short durations, while using high speeds. Adjust your program to lower the average load or duty cycle where possible. Check for dull or damaged tools. ",스핀들 모터 과열,스핀들 모터가 과열되었습니다. 이는 스핀들을 100% 초과한 부하에서 시간 연장해서 실행하거나 스핀들 모터를 짧은 시간 동안 고속을 사용하는 동안 여러 번 시작 및 중지하면 발생할 수 있습니다. 프로그램을 조정하여 평균 부하 또는 가능한 경우 부하 주기를 낮추십시오. 무뎌졌거나 손상된 공구를 확인하십시오.
NGC,808.0000,808,0000,AUTOMATIC PROBE ARM FAULT,"Automatic probe arm failed to complete command to extend or retract. Check for tools or parts in machining area that block motion of probe arm. Check for sufficient air pressure and volume. Check probe arm mechanism for broken parts, damaged air lines, or broken electrical connections. After resolving problem, command the probe arm to the home position. ",자동 프로브 암 고장,"자동 프로브 암이 연장 또는 후퇴 명령을 완료하지 못했습니다. 가공 구역의 공구나 공작물에 프로브 암의 동작을 방해하는 것이 있는지 확인하십시오. 충분한 공기 압력과 체적이 있는지 확인하십시오. 프로브 암 메커니즘에 부서진 부품, 손상된 공기 라인 또는 부서진 전기 연결이 있는지 확인하십시오. 문제 해결 후에 프로브 암에 원점 위치로 가라는 명령을 내리십시오."
NGC,947.0000,947,0000,APC PALLET UNCLAMP TIMEOUT,"The pallet in the work station did not unclamp in the time allowed. This can be caused by foreign objects between the pallet and the clamp plate. It can also be caused by a damaged clamp plate, improper alignment, or fault wiring and switches.  Check for debris between the pallet and the clamp plate. Check the clamp plate for damage. Verify there is an adequate supply of hydraulic pressure and fluid volume. After determining the cause and correcting the problem, recover the pallet changer. ",APC 팔레트 클램핑 해제 타임아웃,"워크 스테이션의 팔레트가 허용된 시간에 클램핑 해제되지 않았습니다. 이것은 팔레트와 클램프 플레이트 사이에 있는 외부 물질이 원인일 수 있습니다. 또한 손상된 클램프 플레이트, 부적절한 정렬, 도는 배선 및 스위치 불량이 원인일 수 있습니다. 팔레트와 클램프 플레이트 사이에 찌꺼기가 있는지 확인하십시오. 클램프 플레이트가 손상되었는지 확인하십시오. 유압 및 유체 체적을 적절히 공급하는지 확인하십시오. 원인을 결정하고 문제를 수정한 후에 팔레트 교환장치를 복구하십시오."
CHC-Mill,315.0000,315,0000,"INVALID P CODE IN M98, M97, M96, G47 OR G65","P code must be the name of a program stored in memory without a decimal point for M98 and must be a valid N number for M99. If G47 commanded, then P must be 0 for text engraving and 1 for sequential serial numbers or ASCII value between 32 and 126.","M98, M97, M96, G47 또는 G65에서 잘못된 않는 P코드","P코드는 M98에 대해 소수점 없이 메모리에 저장된 프로그램의 이름이어야 하고 다른 모든 용도에 대해 유효한 N 숫자여야 합니다. G47 명령이 내려지면 텍스트 조각의 경우 0, 일련 번호의 경우 1 또는 32와 126 사이의 ASCII 값이어야 합니다."
NGC,495.0000,495,0000,G187 P CODE OUT OF RANGE,"   The P-code given with a G187 command was not within the allowed range. The allowed range for the P-code is 1, 2, or 3:   P1 sets the smoothness to Rough mode.   P2 sets the smoothness to Medium mode.   P3 sets the smoothness to Finish Mode.   Edit the P-code on the G187 line to use P1, P2, or P3 for the desired smoothness setting.   ",G187 P코드가 범위를 벗어남,"   G187 명령이 함께 주어진 P코드가 허용 범위 내에 없습니다. P코드의 허용 범위는 1, 2 또는 3입니다. P1은 부드러움을 거친 모드로 설정합니다. P2는 부드러움을 거친 모드로 설정합니다. P3는 부드러움을 마무리 모드로 설정합니다. G187 라인에서 P코드를 편집하여 원하는 평활도 설정을 위해 P1, P2, P3을 사용합니다."
CHC-Mill,129.0000,129,0000,M FIN FAULT,MFin was active at power on. Check the wiring to your M code interfaces. This test is only performed at poweron. Parameter 734 bit MCODE FINISH may be inverted.,M FIN 고장,MFin이 전원이 켜 있을 때 활성화되었습니다. M코드 인터페이스에 연결된 배선을 확인하십시오. 이 테스트는 단지 전원을 켤 때만 수행됩니다. 파라미터 734 비트 MCODE FINISH가 반전되어 있을지 모릅니다.
CHC-Lathe,933.0000,933,0000,MAXIMUM PARTS COMPLETED,The job has been completed. The parts specified on the Barfeed Configuration page have been produced. – Clear this alarm and set up the next job.,최대 공작물 생산 완료(MAXIMUM PARTS COMPLETED),작업이 완료되었습니다. 봉재 이송 구성 페이지에 지정된 공작물이 생산되었습니다. - 이 경보를 삭제하고 다음 작업을 설정합니다.
CHC-Mill,431.0000,431,0000,FILE NO PROG NAME,Program number missing in file when loading.,파일 프로그램 이름 없음,파일의 로딩 중에 프로그램 번호가 누락되었습니다.
CHC-Lathe,280.0000,280,0000,Y AXIS LINEAR SCALE Z FAULT,Encoder marker pulse count failure. This alarm usually indicates that the Z Fault encoder has been damaged and encoder position data is unreliable. This can also be caused by loose scale connectors.,Y축 리니어 스케일 Z 고장,인코더 마커 펄스 카운트 오류. 이 경보는 일반적으로 Z 고장 인코더가 손상되었고 인코더 위치 데이터가 신뢰할 수 없음을 나타냅니다. 또한 느슨한 인코더 스케일 커넥터가 원인일 수 있습니다.
CHC-Lathe,734.0000,734,0000,SP–AXIS MOTOR Z FAULT,"An Encoder fault has been sensed. The Z Reference signal from the encoder was not received as expected.  Cycle power on the machine.

Encoder marker pulse count failure. Usually indicates encoder is damaged and encoder position data is unreliable. This can also be caused by loose encoder connectors. If alarm occurs after a direction change, CW to CCW for example, most probable cause is incorrect parameters. ",SP축 모터 Z 고장,"인코더 고장이 감지되었습니다. 인코더로부터 온 Z 참조 신호는 예상대로 수신되지 않았습니다. 기계의 전원을 껐다 켰다 해주십시오. 인코더 마커 펄스 카운트 오류. 이 경보는 일반적으로 인코더가 손상되었고 인코더 위치 데이터가 신뢰할 수 없음을 의미합니다. 또한 느슨한 인코더 커넥터가 원인일 수 있습니다. 방향 전환 후(예를 들어, 시계 방향에서 반시계 방향으로) 경보가 발생하면 가장 가능성이 높은 원인은 부정확한 파라미터입니다."
CHC-Lathe,448.0000,448,0000,SERVO BAR OUT OF BARS, Add more Bars.,환봉에서 벗어난 서보 환봉, 더 많은 환봉을 추가하십시오.
NGC,4.224,4,224,S (SPINDLE) AXIS TRANSITION FAULT,"An Encoder problem has been sensed. The encoder position data may be unreliable.  Check for loose or damaged motor cables. Check for a loose encoder cable connection on the motor, or encoder input on the Mocon PCB.  Press reset and continue.  If the alarm persists,  with the alarm on the screen insert a USB device and press [SHIFT] and the [F3] button to generate an error report.  The error report will be saved to the USB device, e-mail the error report file to your local Haas Factory Outlet for further review.",S(스핀들) 축 전환 고장,인코더 문제가 감지되었습니다. 인코더 위치 데이터가 신뢰성이 없는 것일 수도 있습니다. 느슨하거나 손상된 모터 케이블이 있는지 확인하십시오. 모터에 느슨한 인코더 케이블 연결이 있거나 Mocon PCB에 인코더 입력이 있는지 확인하십시오. 리셋을 누르고 계속하십시오. 경보가 지속되면 화면의 경보가 있는 상태에서 USB 장치를 삽입하고 [SHIFT] 및 [F3] 버튼을 눌러 오류 보고서를 생성하십시오. 오류 보고서는 USB 장치에 저장됩니다. 추가 검토를 위해 오류 보고서 파일을 귀하의 현지 Haas 직영 창고 매장으로 이메일로 보내십시오.
CHC-Mill,501.0000,501,0000,TOO MANY ASSIGNMENTS IN ONE BLOCK,Only one assignment macro assignment is allowed per block. Divide assignment blocks into multiple blocks.,하나의 블록에 너무 많은 할당,블록 당 오직 하나의 매크로 할당만 허용됩니다. 할당 블록을 여러 블록으로 나누어 넣으십시오.
CHC-Lathe,546.0000,546,0000,SERIAL KEYBOARD BUFFER OVERFLOW,"546 SERIAL KEYBOARD BUFFER OVERFLOW  Communication problem between RJH, SKBIF, and Main processor. If RJH is installed, make sure it is plugged in and functioning. Check the RJH cables. Verify the control cabinet has a good ground connection to the casting and the machine is properly earth grounded. Check grounding of all servo and spindle motors.",시리얼 키보드 버퍼 넘침,"546 시리얼 키보드 버퍼가 넘쳐 흐름은 RJH, SKBIF 및 메인 프로세서 간의 통신 문제입니다. RJH가 설치되면 플러그를 연결해서 기능하는지 확인하십시오. RJH 케이블을 확인하십시오. 제어 케비닛이 성형품에 잘 접지되어 있는지 그리고 기계가 적절히 접지되었는지 확인해주십시오. 모든 서보 및 스핀들 모터의 접지 작업을 확인하십시오."
CHC-Lathe,601.0000,601,0000,MAXIMUM PQ BLOCKS EXCEEDED,"The maximum number of blocks making up a PQ sequence was exceeded. Currently, no more than 65535 blocks can be between P and Q.",최대 PQ 블록 숫자를 초과함,"PQ 시퀀스를 구성하는 블록의 최대 숫자가 초과되었습니다. 현재, 65535이하의 블록이 P와 Q 사이에 있을 수 있습니다."
CHC-Mill,333.0000,333,0000,X–AXIS DISABLED,There was an attempt to move an axis that is not installed in the machine. Check your program for commands to move a nonexistent axis.  Check your program.,X축 비활성화됨,기계에 설치되지 않은 축을 이동시키려는 시도가 있었습니다. 존재하지 않는 축을 이동시키는 명령이 프로그램에 있는지 확인하십시오. 프로그램을 확인하십시오.
NGC,2043.0000,2043,0000,VECTOR DRIVE OR SPINDLE AMPLIFIER–CALIBRATION FAILED,The Vector Drive or Spindle Amplifier self–calibration failed.,벡터 드라이브 또는 스핀들 증폭기의 자체 보정이 실패,벡터 드라이브 또는 스핀들 증폭기의 자체 보정이 실패했습니다.
CHC-Mill,358.0000,358,0000,MULTIPLE AUX AXIS,Can only move one auxiliary axis at a time.,여러 개의 보조 축,한 번에 하나의 보조 축만 움직일 수 있습니다.
CHC-Mill,413.0000,413,0000,LOAD INSUFFICIENT MEMORY,Program received does not fit into available free memory. Check the space available in the LIST PROG and possibly delete some programs to free memory space.,로딩에 불충분한 메모리,수신된 프로그램이 사용 가능한 여유 메모리와 맞지 않습니다. LIST PROG에서 사용 가능한 공간을 확인하고 아마도 여유 메모리 공간에 가는 일부 프로그램을 지워야 할 수 있습니다.
CHC-Mill,147.0000,147,0000,Z–AXIS LIMIT SWITCH,The Z-axis home switch input changed state while the machine was in use. There may be chips on an exposed home switch.  Remove chips on exposed home switches. Reset the machine.,Z축 리미트 스위치,기계 사용 중에 Z축 원점 스위치 입력이 상태를 변경하였습니다. 노출된 원점 스위치 위에 칩이 있을지 모릅니다. 노출된 원점 스위치에서 칩을 제거하십시오. 기계를 리셋합니다.
CHC-Mill,202.0000,202,0000,SETTING CRC ERROR,"The poweron consistency check of setting memory failed. This can happen after a software update. It can also be a symptom of a software problem. Change a parameter value, then change it back. This will recalculate the CRC.",설정 CRC 오류,설정 메모리의 전원 켜짐 유지하는지에 대한 확인에 실패했습니다. 이것은 소프트웨어 업데이트 후에 발생할 수 있습니다. 또한 소프트웨어의 증상일 수도 있습니다. 파라미터값을 변경한 후에 다시 변경해서 돌려 놓으십시오. 이렇게 하면 CRC를 다시 계산합니다.
NGC,8151.0000,8151,0000,HPC LOW PRESSURE,"The High Pressure Coolant pump did not come up to pressure. Check for low coolant tank level, filter or intake strainer clogging, or for kinked or clogged coolant lines. Verify proper AC input power phasing of the machine. ",HPC 저압,고압 절삭유 펌프가 압력에 도달하지 못했습니다. 절삭유 탱크 레벨이 낮거나 필터 또는 흡기 스트레이너가 막히거나 절삭유 라인이 꼬이거나 막혔는지 확인하십시오. 기계의 적절한 AC 입력 전원 위상을 확인하십시오.
NGC,4017.0000,4017,0000,LIVE TOOL IN INVALID POCKET,Live tooling was commanded while the tool turret is on a pocket that does not support live tooling.  Check the operators manual for valid live tool turret locations.  Change turret locations or remove the live tool command.   ,라이브 툴이 잘못된 포켓에 있음,라이브 툴링은 공구 터렛이 라이브 툴링을 지원하지 않는 포켓에 있는 동안 명령되었습니다. 운영자 매뉴얼에서 올바른 라이브 툴링 위치에 대해 확인해보십시오. 터렛 위치를 바꾸거나 라이브 툴 명령을 제거하십시오.
CHC-Mill,245.0000,245,0000,UNKNOWN CODE WHILE LOADING A PROGRAM,The program loaded into memory has a code the control did not recognize. You must have the ENABLE MACRO option turned on to use Macro codes like # and SIN.The control automatically converts codes it does not recognize into comments by surrounding the entire block of code with parentheses along with a “?” symbol. The bad code is also shown on the Messages screen. Search for the problem code by typing these three characters on the input line “( ? )” and press the down arrow.,프로그램 로딩 중 알려지지 않은 코드,"메모리에 로드되는 프로그램은 제어가 인식 못하는 코드를 갖고 있습니다. # 및 SIN과 같은 매크로 코드를 사용하려면 ENABLE MACRO(매크로 활성화) 옵션이 켜져 있어야 합니다. 제어를 통해서 전체 코드 블록을 ""?""와 함께 괄호로 묶어 인식하지 못하는 코드를 주석으로 자동 변환합니다. 기호 또한 잘못된 코드가 메시지 스크린에 보여집니다. 입력 라인 ""( ? )""에 이 세 문자를 입력하여 문제 코드를 검색하고 아래쪽 화살표를 누릅니다."
CHC-Lathe,732.0000,732,0000,V–AXIS MOTOR Z FAULT,An Encoder fault has been sensed. The ZReference signal from the encoder was not received as expected.  Cycle power on the machine.,V축 모터 Z 고장,인코더 고장이 감지되었습니다. 인코더로부터 온 Z 참조 신호는 예상대로 수신되지 않았습니다. 기계의 전원을 껐다 켰다 해주십시오.
CHC-Mill,114.0000,114,0000,SHUTTLE OUT FAULT,"Toolchanger shuttle did not complete movement to the left.  Check for chips on the tool, the shuttle, and the toolchanger. If found, remove chips. Use the RECOVERY function.",셔틀 아웃 고장,"공구 교환장치 셔틀이 왼쪽으로 완전히 이동하지 않았습니다. 공구, 셔틀 및 공구 교환장치 위의 칩을 확인하십시오. 칩이 발견되면 제거하십시오. 복구(RECOVERY) 기능을 사용하십시오."
NGC,9969.0000,9969,0000,CHUCK UNCLAMP WITH SPINDLE ON AND DOOR OPEN, The secondary spindle chuck was commanded to unclamp while the spindle was on and the door was open.  Close the door or stop the spindle before you unclamp the chuck. Make sure that the clamping mode setting is correct for your application. This setting specifies inner diameter (ID) or outer diameter (OD) clamping. ,척이 켜져 있거나 도어가 열린 상태로 클램핑이 해제됨, 보조 스핀들 척이 스핀들이 켜져 있고 도어가 열린 상태로 클램프를 해제하는 명령을 받았습니다. 척의 클램프를 해제하기 전에 도어를 닫거나 스핀들을 정지시키십시오. 클램핑 모드 설정이 응용장치에 맞는지 확인하십시오. 설정이 내경(ID) 또는 외경(OD) 클램핑을 지정합니다.
CHC-Mill,343.0000,343,0000,DISPLAY QUEUE RECORD FULL,Cycle power on the machine.,디스플레이 큐 완전히 기록,기계의 전원을 껐다 켜 주십시오.
CHC-Mill,2040.0000,2040,0000,VECTOR DRIVE OR SPINDLE AMPLIFIER SHORT CIRCUIT,A short circuit has been sensed.,벡터 드라이브 또는 스핀들 증폭기 단락,단락이 감지되었습니다.
NGC,422.0000,422,0000,POCKET TABLE ERROR,"A pocket table error has been sensed. A pocket with a large tool, or an extra-large tool, does not have an empty pocket on both sides, as required.  – Clear and Reorganize the pocket tool table.  Be sure that there is an empty pocket next to large tools.  Follow On-Screen instructions and refer to the Operator’s Manual if needed. ",포켓 테이블 오류,"포켓 테이블 오류가 감지되었습니다. 대형 공구가 있는 포켓, 또는 초대형 공구는 필요에 따라 양쪽에 빈 포켓이 없습니다. – 포켓 공구 테이블을 지우고 다시 구성합니다. 큰 공구 옆에 빈 포켓이 있는지 확인하십시오. 화면 지침을 따르고 필요한 경우 운영자 설명서를 참조하십시오."
CHC-Mill,157.0000,157,0000,MOCON WATCHDOG FAULT," The selftest of the MOCON has failed. Call your dealer. Test +12, 12, and +5 volt power at MOCON PCB. Unreliable power from LVPS can cause this alarm. Check alarm history for Axis Drive Faults. A faulty axis driver can cause fluctuated or imbalanced low volt power to logic stack. Problem may be caused by a shorted coolant level sensor, voltage sensor from vector drive, or thermocouple sensor from Xaxis ballscrew (lathe). Disconnecting cables, one at a time, on P34, P26, P27, P28, P17, P21, and P22, may isolate the problem.",MOCON 감시장치 고장," MOCON의 자체 테스트가 실패했습니다. 딜러에게 연락하십시오.  +12, 12 및 +5 볼트 전원을 MOCON PCB에서 테스트하십시오. LVPS로 부터 신뢰할 수 없는 전원이 이 경보의 원인일 수 있습니다. 경보 이력에서 축 드라이브 고장을 확인하십시오. 고장난 축 드라이브는 불안정하고 균형이 안된 낮은 전압의 전원을 로직 스택에 유발하게 할 수 있습니다. 문제의 원인은 단락되 절삭유레벨 센서, 벡터 드라이브의 전압 센서 또는 X축 볼스크루(선반)으로 부터 열전대 센서일 수 있습니다. P34, P26, P27, P28, P17, P21, 및 P22에서 한 번에 하나씩 케이블 연결을 해제하면 문제를 분리할 수 있습니다."
CHC-Lathe,192.0000,192,0000,B AXIS Z CH MISSING,"Z reference signal from encoder was not received as expected. Can be caused by loose connections, encoder contamination, or parameter error.",B축 Z채널 누락,"인코더로부터 Z 참조 신호가 예상대로 수신되지 않았습니다. 느슨한 연결, 인코더 오염 또는 파라미터 오류가 원인일 수 있습니다."
CHC-Lathe,991.0000,991,0000,AMPLIFIER OVER TEMPERATURE,"The amplifier/vector drive temperature sensor indicates over 90C near the power transistors. This can be caused by an extended overload condition of the amplifier/vector drive, a stopped fan or high room temperature. Verify that the amplifier/vector drive fans are working.",온도가 초과한 증폭기(AMPLIFIER OVER TEMPERATURE),"증폭기 벡터 드라이브 온도 센서가 전원 트랜지스터 근처의 90℃를 초과했음을 표시합니다. 이는 증폭기 벡터 드라이브의 확장된 과부하 상태, 팬 정지 또는 높은 실내 온도가 원인일 수 있습니다. 증폭기 벡터 드라이브 팬이 작동하는지 확인하십시오."
NGC,123.0000,123,0000,SPINDLE DRIVE FAULT,A failure of the spindle drive was sensed. – Cycle power to the machine to clear all alarms. ,스핀들 드라이브 고장,스핀들 드라이브 고장이 감지되었습니다. - 기계를 껐다 켰다 하여 모든 경보를 삭제합니다.
NGC,9959.0000,9959,0000,SERIAL ENCODER DISCONNECT,"The specified axis cable is either disconnected or it does not have valid data. Check the encoder cable. Cycle the power on the machine. 

Alarm is obsolete 

New alarm for encoder faults updated in software. Update to latest version 100.21.000.1130 or Higher",직렬 인코더 연결 해제,지정된 축 케이블이 분리되었거나 유효한 데이터를 가지고 있지 않습니다. 인코더 케이블을 확인하십시오. 기계의 전원을 껐다 켜주십시오.
CHC-Mill,227.0000,227,0000,A-AXIS TRANSITION FAULT,"An Encoder problem has been sensed. This alarm usually means that the encoder has been damaged and the encoder position data is unreliable. For Mills: Check the Aaxis cable connection, located on the side of electrical cabinet.  Cycle power on the machine.",A축 전환 고장,인코더 문제가 감지되었습니다. 이 경보는 일반적으로 인코더가 손상되었고 인코더 위치 데이터가 신뢰할 수 없음을 의미합니다. 밀의 경우: A축 연결이 전기 캐비닛 측면에 위치하고 있는지 확인하십시오. 기계의 전원을 껐다 켰다 해주십시오.
CHC-Lathe,468.0000,468,0000,U–AXIS LIMIT SWITCH,The Uaxis home switch input changed state while the machine was in use. There may be chips on an exposed home switch.  Remove chips on exposed home switches. Reset the machine.,U축 리미트 스위치,기계 사용 중에 U축 원점 스위치 입력이 상태를 변경하였습니다. 노출된 원점 스위치 위에 칩이 있을지 모릅니다. 노출된 원점 스위치에서 칩을 제거하십시오. 기계를 리셋합니다.
CHC-Lathe,714.0000,714,0000,SP AXIS SERVO OVERLOAD,Excessive load on SP axis motor. This can occur if the load on the motor over a period of several seconds or even minutes is large enough to exceed the continuous rating of the motor. The servos will be turned off when this occurs. This can be caused by running into the mechanical stops but not much past them. It can also be caused by anything that causes a very high load on the motors.,SP축 서보 과부하,"SP축 모터에 과도한 부하가 걸렸습니다. 이것은 몇 초 또는 몇 분 동안 모터의 부하가 모터의 연속 정격을 초과할 만큼 충분히 큰 경우가 원인이 될 수 있습니다. 이런 일이 발생하면 서보는 꺼지게 됩니다. 기계 멈춤장치와 부딪힌게 원인일 수 있지만, 그다지 큰 일은 아닙니다. 또한 모터에 지나치게 높은 부하를 준 모든 것이 원인일 수 있습니다."
CHC-Lathe,654.0000,654,0000,W ZERO RET MARGIN TOO SMALL,"This alarm will occur if the home/limit switches move or are misadjusted. This alarm indicates that the zero return position may not be consistent from one zero return to the next. The encoder Z channel signal must occur between 1/8 and 7/8 revolution of where the home switch releases. This will not turn the servos off, but will stop the zero return operation.",W 영점 복귀 마진이 너무 작음,이 경보는 원점 리미트 스위치가 이동하거나 잘못 조정되었을 경우 발생합니다. 이 경보는 영점 복귀 위치가 한 번의 영점 복귀에서 다음 영점 복귀까지 일관되지 않을 수 있음을 나타냅니다. 인코더 Z 채널 신호는 원점 스위치가 해제되는 위치의 1/8과 7/8 회전 사이에서 발생해야 합니다. 이렇게 하면 서보가 꺼지지 않지만 영점 복귀 작동은 중지됩니다.
NGC,294.0000,294,0000,NO END MOVE FOR G01 CHAMFER CORNER ROUNDING," A G01 command requested a chamfer or corner-rounding move, but it did not command an end move. Look for the following errors in the program:  Commands that cause drain queueare not allowed. For eaxmple:  G103P1  Block Delete  Refer to manual for complete list of commands that drain queue.    Empty blocks are not allowed immediately after the chamfer/rounding command.           Example Code with Error              The line after the ,C or ,R cannot be an empty block.                 Example Corrected Code              Remove the empty block to correct the alarm.        G65 is not allowed immediately after a chamfer/rounding command.           Example Code with Error              The line after the ,C or ,R cannot be a G65 call. There must be an axis move to complete the chamfer or corner-rounding move.                 Example Corrected Code              This example has a G65 line to complete the ,C chamfer move, and correct the alarm.             ",G01 모따기 코너 라운딩을 위한 종단 이동이 없음(NO END MOVE FOR G01 CHAMFER CORNER ROUNDING)," G01 명령이 모따기 도는 코너 라운딩 이동을 요청하였으나 끝단의 이동을 명령하지 않았습니다. 프로그램에서 다음 오류를 찾으십시오. 배수 대기열은 허용되지 않게 하는 명령. 예:  G103P1 블록 삭제, 배수 대기열 명령의 완전한 리스트에 대해서는 매뉴얼을 참조하십시오. 빈 블록은 모따기/라운딩 명령 후에 즉각 허용되지 않습니다. 오류가 있는 코드의 예: ,C 또는 ,R 이후의 라인은 빈 블록이어서는 안 됩니다. 오류가 수정된 예: 빈 블록을 제거하여 경보를 수정하십시오. G65는 모따기/라운딩 명령 후에 즉각 허용되지 않습니다. 오류가 있는 코드의 예: ,C 또는 ,R 이후의 라인은 G65 호출이어서는 안 됩니다. 모따기 또는 코너 라운딩 이동을 완료하기 위한 축 이동이 있음이 분명합니다. 코드가 수정된 예: 이 사례에서 G65가 ,C 모따기 이동, 및 경보를 수정하기 위한 것입니다. "
NGC,9150.10055,9150,10055,ERRORS IN PAYLOAD OR RMS IN THE FREE DRIVE STATE,"Robot hardware is at fault state. Sub-alarm number indicates fault ID and is described by robot documentation. Check manufacturer operational manual for current robot type. Certain alarms may require a power cycle of the robot. If the alarm cannot be reset, please power cycle the robot.",,
NGC,196.0000,196,0000,COOLANT SPIGOT FAILURE,The spigot did not move to the commanded position in the time allowed. Remove any chips preventing the nozzle from moving and check lubrication. ,절삭유 스피것 고장,스피것(spigot)이 허용된 시간에 명령된 위치로 이동하지 않았습니다. 노즐의 이동을 방해하는 모든 칩을 제거하고 윤활유를 확인하십시오.
NGC,382.0000,382,0000,D CODE REQUIRED IN G35,A Dnn code is required in G35 in order to store the measured tool diameter. Check your program.  ,G35에서 요구된 D코드,측정된 공구 직경을 저장하려면 G35에서 DnN코드가 필요합니다. 프로그램을 확인하십시오.
NGC,4.254,4,254,S (SPINDLE) SPINDLE MOTOR OVERHEAT,"The Spindle motor has overheated. This can be caused by running the spindle at higher than 100% load for extended periods or by starting and stopping the spindle motor multiple times, for short durations, while using high speeds. Adjust your program to lower the average load or duty cycle where possible. Check for dull or damaged tools.",,
CHC-Lathe,986.0000,986,0000,CALIBRATION FAILED,The amplifier failed to selfcalibrate within 30 sec. This can be caused by a faulty amplifier or a faulty Mocon.,보정 실패(CALIBRATION FAILED),증폭기가 30초안에 자체 보정하는데 실패하였습니다. 이것은 고장난 증폭기 또는 고장난 Mocon이 원인일 수 있습니다.
NGC,9404.0000,9404,0000,ELECTRIC VISE ALL MOVING,This alarms occurs because the user has tried to move the two vise axesat the same time.  To troubleshoot this issue:    Do not attempt to move the two vise axesat the same time  ,전기 바이스 모두 이동하기,이 경보는 사용자가 두 개의 바이스 축을 동시에 옮기려고 시도할 때 발생합니다. 이 문제를 고장 수리하려면:    두 개의 바이스 축을 동시에 이동시키려고 하지 마십시오.
CHC-Lathe,772.0000,772,0000,V–AXIS PHASING ERROR,An error occurred during the phasing initialization of the brushless motor. This error cannot be reset. – Cycle power to clear alarm.,V축 페이징 오류,브러시리스 모터의 페이징 초기화 동안에 오류가 발생하였습니다. 이 오류는 리셋될 수 없습니다. - 전원을 껐다 켜서 경보를 삭제하십시오.
NGC,9996.0000,9996,0000,MORE THAN ONE SPINDLE IS TURNING,"A canned cycle, was attempted which requires only one spindle to be turning. Some canned cycles cannot be run with both live tooling and another spindle turning . Correct the program by stopping the spindle which should NOT be turning prior to the canned cycle.",하나를 초과한 스핀들이 회전함,고정 사이클이 시도되어서 하나의 스핀들만 회전하면 됩니다. 일부 고정 사이클은 라이브 툴링이나 또 다른 스핀들 회전 모두와 같이 실행할 수 없습니다. 고정 사이클 이전에 회전하면 안 되는 스핀들을 정지시킴으로써 프로그램을 수정하십시오.
NGC,9979.0000,9979,0000,TOOL TURRET NOT SEATED,"The tool turret has clamped but it seated in the wrong position. Check for an obstruction that prevented the turret from a correct tool position. Clear off chips. Clear all alarms. Press POWER UP/ RESTART, TURRET FWD or TURRET REV to restore the tool turret to its correct operating condition.  Continue normal operation.",공구 터렛이 안착되지 않음,"공구 터렛이 클램핑하였으나 잘못된 방향으로 안착하였습니다. 터렛이 정확한 공귀 위치를 잡는데 방해하는 장애물이 있는지 확인하십시오. 칩을 완전히 제거하십시오. 모든 경보를 삭제하십시오. POWER UP/RESTART, TURRET FWD 또는 TURRET REV를 눌러 공구 터렛을 올바른 작동 조건으로 복원하십시오. 일반 작동을 계속하십시오."
CHC-Mill,537.0000,537,0000,RS-232 ABORT ON DPRNT,"While a DPRNT statement was executing, the RS232 communications failed. Check to see that PC is ready to receive with port open.",DPRNT에서 RS-232 중단,DPRNT 문을 실행하는 중에 RS232 통신에 실패했습니다. 포트가 개방된 상태로 PC가 수신할 준비가 되었는지 확인하십시오.
CHC-Mill,368.0000,368,0000,GROOVE TOO SMALL,Tool too big to enter cut. Use a smaller tool.,홈이 너무 작음,공구가 절삭 작업에 들어가기에 너무 큽니다. 더 작은 공구를 사용하십시오.
CHC-Mill,171.0000,171,0000,APC-PALLET CLAMP TIMEOUT,"The pallet in the mill did not clamp in the time allowed. Check for foreign objects under the pallet and between the pallet and the clamp plate. Verify an adequate supply of air pressure and volume. Check air solenoids for sticking and air release ports for clogging. Check pallet position switch for correct operation, the switch and wiring for damage, and pallet alignment. Check the pallet clamp mechanism for correct operation. After determining cause and correcting problem, run M50 P1 in MDI to recover the pallet changer and continue operation. Parameter 320 specifies the pallet clamp timeout period.",APC 팔레트 클램프 타임아웃,밀의 팔레트가 허용된 시간에 클램핑되지 않았습니다. 팔레트 아래와 팔레트와 클램프 플레이트 사이에 외부 물체가 있는지 확인하십시오. 적절한 공기 압력과 체적의 공급을 확인하십시오. 공기 솔레노이드가 들러 붙어있는지 공기 방출 포트가 막혔는지 확인하십시오. 팔레트 위치 스위치가 정확하게 작동하는지 스위치와 배선이 손상되었는지 그리고 팔레트 정렬을 확인하십시오. 팔레트 클램프 메커니즘이 정확하게 작동하는지 확인하십시오. 원인을 결정하고 문제를 해결한 후에 MDI에서 M50 P1를 실행하여 팔레트 교환장치를 복원하고 계속 작동시킵니다. 파라미터 320은 팔레트 클램프의 타임아웃 기간을 지정합니다.
NGC,987.0000,987,0000,SCREEN SAVE AREA FAULT,Too many save areas required.,스크린 저장 구역 고장,아주 많은 저장 구역 요구됨.
NGC,9122.0000,9122,0000,APL RAW GRIPPER CLAMPED,APL Raw gripper was clamped and a command expected an unclamped state. ,APL 공작물 그리퍼 클램핑 됨,APL 공작물 그리퍼가 클램핑 되고 명령은 클램핑 해제 상태를 예상했습니다.
NGC,9895.0000,9895,0000,REGEN IGBT IPM SHORTED,"The Regen hardware has a short in the IGBT circuits.&nbsp; Please inspect the Vector Drive board for any evidence of a short.  If damage is noted, repair/replace the board and restart the machine.  If the alarm persists, with the alarm on the screen insert a USB device and press [SHIFT] and the [F3] button to generate an error report. 
 The error report will be saved to the USB device, e-mail the error report file to your local Haas Factory Outlet for further review.",재생 IGBT IPM 단락됨,재생 하드웨어가 IGBT 회로에서 단락되어 있습니다.&nbsp; 벡터 드라이브 보드에 단락의 증거가 있는지 살펴 보십시오. 손상이 보이면 보드를 수리/교체하여 기계를 재시동하십시오. 경보가 지속되면 화면의 경보가 있는 상태에서 USB 장치를 삽입하고 [SHIFT] 및 [F3] 버튼을 눌러 오류 보고서를 생성하십시오. 오류 보고서는 USB 장치에 저장됩니다. 추가 검토를 위해 오류 보고서 파일을 현지 Haas 직영 창고 매장으로 이메일로 보내십시오.
CHC-Mill,154.0000,154,0000,Y–AXIS ZERO CHANNEL MISSING,An encoder signal integrity error was sensed. The encoder position data may be unreliable. All servos are turned off. – Reset the alarms and zero return the axis.,Y축 영점 채널 누락,인코더 신호 무결성 오류가 감지되었습니다. 인코더 위치 데이터가 신뢰성이 없는 것일 수도 있습니다. 모든 서보가 꺼져 있습니다. – 경보를 리셋하고 축을 영점 복귀시키십시오.
NGC,2063.0000,2063,0000,INVALID ARC MOVE,"When Dynamic Work Offset is active, the part program must command a G01 or G00 with X, Y and Z positions before commanding an arc with G02 or G03. Correct the part program so there is a G01 or G00 motion after G254, but before the first G02 or G03.",잘못된 호 이동,"동적인 워크 오프셋이 활성화될 때 공작물 프로그램은 G02 또는 G03를 가진 호에 명령을 내리기 전에 X, Y 및 Z 위치인 G01 또는 G00 명령을 내려야 합니다. 공작물 프로그램을 수정함으로써 G254 이후에 그러나 최초의 G02 또는 G03 이전에 G01 또는 G00 동작이 있습니다."
CHC-Mill,605.0000,605,0000,W–AXIS LIMIT SWITCH,The Waxis home switch input changed state while the machine was in use. There may be chips on an exposed home switch.  Remove chips on exposed home switches. Reset the machine.,W축 리미트 스위치,기계 사용 중에 W축 원점 스위치 입력이 상태를 변경하였습니다. 노출된 원점 스위치 위에 칩이 있을지 모릅니다. 노출된 원점 스위치에서 칩을 제거하십시오. 기계를 리셋합니다.
NGC,9878.0000,9878,0000,ANALOG GP30 OVER LIMIT, General Purpose Analog input has exceeded the limit specified by the I/O Configuration file. ,아날로그 GP30 한계 초과, 일반 목적 아날로그 입력이 I/O 구성 파일이 지정한 한계를 초과했습니다.
NGC,954.0000,954,0000,APC INCOMPLETE PALLET CHANGE,The last pallet change did not complete prior to another control process being started.  Press the [POWER UP] key or the [RECOVER] key to recover the pallet changer.,APC 완료되지 않은 팔레트 교환,마지막 팔레트 교환이 또 다른 제어 공정이 시작되기에 앞서 종료되지 않았습니다. [전원] 버튼 또는 [복구] 버튼을 눌러 팔레트 교환장치를 복구하십시오.
CHC-Mill,824.0000,824,0000,SERVO AUTO DOOR OPERATION FAULT,"The Servo Auto Door did not open or close as commanded. This occurs when something prevents door movement or affects the door closed sensor interlock switch. Remove any buildup of chips from the door tracks and rollers. Remove any chip buildup on the interlock Trip Flag and the interlock switch, which may prevent sensor actuation. Make sure the interlock Trip Flag is not bent or broken. Make sure the interlock switch sensor adjustment is correct. For the Robot Ready option; make sure the door open sensor is working correctly.",서보 자동 도어 작동 고장,서보 자동 도어가 명령대로 열리거나 닫히지 않았습니다. 이것은 어떤 것이 도어의 움직임을 막거나 도어 잠금 센서 인터록 스위치에 영향을 줄 때 발생합니다. 도어 트랙과 롤러에 쌓인 칩을 제거하십시오. 센서 작동을 방해할 수 있는 인터록 Trip Flag과 인터록 스위치에 쌓인 칩을 제거하십시오. 인터록 Trip Flag가 구부러졌거나 깨지지 않았는지 확인하십시오. 인터록 스위치 센서 조정이 올바른지 확인하십시오. Robot Ready 옵션에서 도어 개방 센서가 올바르게 작동하는지 확인하십시오.
CHC-Mill,187.0000,187,0000,B AXIS SERVO ERROR TOO LARGE,"The B axis cannot move to the commanded position. This can be caused by chips on the tool or toolholder, too much tool pressure, dull tools, or a machine crash. Clean chips from the machine. Check your program for errors and correct speeds and feeds. Check for chips on tools and toolholders. Check for dull tools. Check for a machine crash.",B축 서보 오류 과도함,"B축이 명령된 위치로 이동할 수 없습니다. 이는 공구 또는 공구 홀더의 칩, 지나치게 높은 공구 압력, 무뎌진 공구 또는 기계 충돌로 인해 발생할 수 있습니다. 기계에서 칩을 깨끗이 제거하십시오. 프로그램에 오류가 있는지 확인하고 속도와 이송을 수정하십시오. 공구 및 공구 홀더에 칩이 있는지 확인하십시오. 무뎌진 공구가 있는지 확인하십시오. 기계 충돌이 있는지 확인하십시오."
NGC,9963.0000,9963,0000,"EXTRA I, J, K, OR R IN G02 OR G03",Define the center of an arc for circular interpolation with I/J/K or R. Do not use both I/J/K and R. Remove the extra I/J/K or the R from the program block. ,"G2 또는 G3의 여분의 I, J, K 또는 R",I/J/K 또는 R을 사용하여 원형 보간을 위한 호의 중심을 정의합니다. I/J/K와 R을 모두 사용하지 마십시오. 프로그램 블록에서 여분의 I/J/K 또는 R을 제거합니다.
NGC,513.0000,513,0000,VARIABLE REFERENCE NOT ALLOWED WITH N OR O,  The program contains an N-code or O-code that calls a macro variable. Edit the program to remove the variable addresses from N-codes and O-codes.  Example Code with Error The O-code and N-code use macro variables.   Example Corrected Code The O-code and N-code use real numbers to correct the alarm.      ,변수 참조에 N 또는 O 불허용,  프로그램에 매크로 변수를 호출하는 N코드 또는 O 코드가 있습니다. 프로그램을 편집해서 N코드 및 O 코드를 제거합니다. 오류가 있는 코드의 예: O 코드 및 N코드는 변수를 사용합니다. 수정된 코드의 예: O 코드 및 N코드는 실수를 사용하여 경보를 수정합니다.
CHC-Lathe,1015.0000,1015,0000,Check Sensor or Bar,"The proximity sensor (Load ""Q"") does not operate correctly or the belt skipped teeth on the Haas Bar Feeder. Check the sensor for chip contamination and function. If the belt has skipped a tooth set the grid offset for the V axis.",센서 또는 환봉을 확인하십시오.,"근접 센서(부하 ""Q"")가 올바르게 작동하지 않거나 벨트가 Haas 봉재 이송장치의 톱니를 건너뛰었습니다. 칩 오염 및 기능에 대한 센서를 확인하십시오. 벨트가 톱니를 건너뛴 경우 V축에 대한 그리드 오프셋을 설정하십시오."
NGC,4011.0000,4011,0000,ROTARY BRAKE ENGAGEMENT FAILURE,The rotary table brake system did not engage in time. The rotary table might be unable to hold position for machining. ,회전 브레이크 개입 장애,회전 테이블 브레이크 시스템이 적시에 개입하지 않았습니다. 회전 테이블은 일치하기 위한 위치를 유지하지 못할 수 있습니다.
CHC-Mill,706.0000,706,0000,SS–AXIS POSITION ERROR,"The SS–axis cannot move to the commanded position. – Check your program for errors. Check for the axis running into a mechanical stop. Push the RESET button to clear the alarm and to turn on the servomotors. Continue normal operation. If the error continues, contact your local Haas Factory Outlet.",SS축 위치 오류,SS축이 명령된 위치로 이동할 수 없습니다. -프로그램에 오류가 있는지 확인하십시오. 축이 기계의 멈춤장치와 충돌했는지 확인하십시오. RESET(리셋) 버튼을 눌러 경보를 삭제하고 서보 모터를 켜십시오. 일반 작동을 계속하십시오. 오류가 지속되면 지역의 Haas 직영 창고 매장에 연락하십시오.
NGC,327.0000,327,0000,"L CODE NOT ALLOWED IN G70, G71, G72, OR G73", -L code not allowed here. Remove L Code. ,"L 코드가 G70, G71, G72 또는 G73에서 허용되지 않음(L CODE NOT ALLOWED IN G70, G71, G72, OR G73)", - L코드가 여기에서는 허용되지 않습니다. L코드를 제거하십시오.
CHC-Mill,272.0000,272,0000,C–AXIS MOTOR OVERHEAT,The C–axis motor has overheated. – Allow the motor to cool. Reduce the load on the motor.,C축 모터 과열,C축 모터가 과열되었습니다. -모터가 냉각되도록 하십시오. 모터의 부하를 줄이십시오.
NGC,108.0000,108,0000,AXIS SERVO OVERLOAD,This can occur if the load on the motor is over 100% for a period of several seconds or even minutes. Reduce load on the axis by adjusting the feeds and speeds. Check for dull or broken tools. ,축 서보 과부하,이것은 모터의 부하가 몇 초 또는 심지어 몇 분 동안 100%를 초과하는 경우 발생할 수 있습니다. 이송 및 속도를 조정하여 축에 걸리는 부하를 줄이십시오. 무뎌졌거나 부서진 공구를 확인하십시오.
NGC,836.0000,836,0000,W AXIS SERIAL DATA COMMUNICATION FAULT,"Check that the cable from the mocon to the indicated axis encoder is undamaged and securely connected. A serial communications fault has occurred between the indicated encoder and the mocon. This is most commonly due to a loose connector or a bad cable between the mocon and the encoder. Check the cable and connections. If the problem persists, check the motor.",W축 시리얼 데이터 통신 고장,모콘에서 표시된 축 인코더와 연결된 케이블이 손상되지 않았는지와 확실하게 연결되었는지 확인하십시오. 시리얼 통신 고장이 표시된 인코더 및 모콘 사이에서 발생했습니다. 가장 흔한 원인은 모콘과 인코더 사이에 있는 느슨한 커넥터나 손상된 케이블 때문입니다. 케이블과 연결을 확인하십시오. 문제가 지속되면 모터를 확인하십시오.
NGC,18.9920,18,9920,AV-AXIS POSITION ERROR TOO LARGE,"The axis cannot move to the commanded position and the error grew too large. 
Check for a mechanical binding.",,
CHC-Mill,121.0000,121,0000,LOW OIL LEVEL OR PRESSURE,A low oil level or low pressure condition was sensed. Check lubrication oil level. Continued use could result in machine damage. This alarm will not be seen until the program is stopped.,낮은 오일 레벨 또는 압력,낮은 오일 레벨 또는 저압 조건이 감지되었습니다. 윤활유 레벨 점검 계속된 사용으로 기계에 손상을 줄 수 있습니다. 이 경보는 프로그램이 멈출 때까지 보이지 않습니다.
CHC-Lathe,162.0000,162,0000,Y AXIS DRIVE FAULT," (L) Current in Live Tooling servo motor beyond limit, (M) Current in Y servo motor beyond limit. Possibly caused by a stalled or overloaded motor. The servos are turned off. Can be caused by running the axis into a mechanical stop, a short in the motor, or a short of one motor lead to ground.",Y축 드라이브 고장," (L) 한계를 초과한 라이브 툴링 서보 모터의 전류, (M) 한계를 초과한 Y 서보 모터의 전류. 모터 정지 또는 과부하가 원인일 수 있습니다. 서보가 꺼져 있습니다. 축을 기계적 정지, 모터 단락 또는 접지로 연결되는 모터 1개 단락이 원인일 수 있습니다."
CHC-Mill,373.0000,373,0000,INVALID CODE IN DNC,A code found in a DNC program could not be interpreted because of DNC restrictions. Check your program.,DNC에 잘못된 코드,DNC 프로그램에서 발견된 코드는 DSC 규제로 해석할 수 없음. 프로그램을 확인하십시오.
NGC,9980.0000,9980,0000,LOW HYDRAULIC PRESSURE," -After the HPU system started normally, the hydraulic pressure fell below the low pressure threshold.  Check hydraulic tank oil level. Check for hydraulic oil leaks. ",낮은 유압, HPU 시스템이 정상적으로 시동한 후에 유압이 저압 임계치 아래로 떨어졌습니다. 유압 탱크 오일 레벨을 확인하십시오. 유압 오일 유출을 확인하십시오.
CHC-Lathe,145.0000,145,0000,X LIMIT SWITCH,"Axis hit limit switch or switch disconnected. Home switch input changed state while machine was in use. Stored stroke limits should stop the slides before they hit the limit switches. Verify the value of Parameter 125, Grid Offset, and check the wiring to the limit switch. Can also be caused by a loose encoder shaft at the back of the motor or coupling of motor to the screw. X limit switch may need replacement.",X 리미트 스위치,"축 도달 리미트 스위치 또는 스위치 연결이 끊겼습니다. 기계 사용 중에 원점 스위치 입력이 상태를 변경하였습니다. 저장된 스트로크 제한은 리미트 스위치에 도달하기 전에 슬라이드를 중지해야 합니다. 파라미터 125, 그리드 오프셋 값을 확인하고 리미트 스위치에 연결된 배선을 확인합니다. 모터 뒤쪽의 인코더 샤프트가 느슨하거나 나사에 커플링된 모터도 원인일 수 있습니다. X 리미트 스위치의 교체가 필요할 지 모릅니다."
NGC,377.0000,377,0000,NO SKIP IN GRAPH SIM,"  Graphics mode cannot simulate skip signal functions used in probing. You can use the block delete feature to allow tool path simulation in programs that contain probing blocks. Edit the program to add block delete characters (/) at the beginning of blocks that contain G31, G35, G36, G37, Example /G31 X1. F50. Press [BLOCK DELETE] to toggle the mode on and off. When block delete is active,  appears on the screen. While block delete is active, the control ignores all blocks that start with a slash (/). This lets you run a program in graphics and exclude the probing blocks so you can see the tool path without generating this alarm.   ",그래프/SIM에서 건너 뛰기 없음,"  그래픽 모드에서 검사에 사용되는 스킵 신호 기능을 시뮬레이션할 수 없습니다. 블록 삭제 기능을 사용하여 검사 블록을 포함하는 프로그램에서 공구 경로 시뮬레이션을 허용할 수 있습니다. 프로그램을 편집하여 G31, G35, G36, G37이 포함된 블록의 시작 부분에 블록 삭제 문자(/)를 추가합니다. 예시/G31 X1. F50. [BLOCK DELETE]를 눌러 모드를 켜고 끕니다. 블록 삭제가 활성화되면 화면에 나타납니다. 블록 삭제가 활성화되어 있는 동안 제어는 슬래시(/)로 시작하는 모든 블록을 무시합니다. 이를 통해 그래픽으로 프로그램을 실행하고 검사 블록을 제외하여 이 경보를 생성하지 않고도 공구 경로를 확인할 수 있습니다."
CHC-Mill,436.0000,436,0000,DISK FILE NOT FOUND,Could not find file by that name. File name needs to be entered as it is on floppy. Possible corrupted or unformatted disk. Try a known good disk or a new disk formatted FAT file system. Can also caused by dirty drive heads. Use an appropriate cleaning kit. Verify file is on disk.,디스크 파일 발견되지 않음,해당 이름으로 된 파일을 발견할 수 없었습니다. 파일 이름이 플로피 상에 있는 대로 입력되어야 합니다. 디스크 손상이나 포맷이 안되었을 가능성이 있습니다. 확인된 좋은 디스크 또는 FAT 파일 시스템으로 포맷된 새 디스크로 시도해보십시오. 또한 오염된 드라이브 헤드가 원인일 수 있습니다. 적절한 청소 키트로 사용해서 청소하십시오. 파일이 디스크에 있는지 확인하십시오.
NGC,9505.001,9505,001,COMMANDED PRESSURE NOT REACHED,"The commanded device pressure was not reached within the specified timeout. Check electrical connections to the pressure switch or motor or for failed hardware such as the pressure valve, hydraulic motor, or coupler.",명령된 압력에 도달하지 않음,"지정된 타임아웃 내에 명령된 장치 압력에 도달하지 못했습니다. 압력 스위치 또는 모터에 대한 전기 연결부 혹은 압력 밸브, 유압 모터 또는 커플러와 같은 하드웨어 고장을 점검하십시오."
NGC,9910.0000,9910,0000,SPINDLE PHASE SYNCHRONIZATION ERROR,Spindles could not be synchronized with given phase offset. Phase offset is given as R code with G199. Lower synchronization speed and try again. ,스핀들 위상 동기화 오류,스핀들이 주어진 위상 오프셋과 동기화되지 않습니다. 위상 오프셋은 G199를 포함한 R코드로 주어집니다. 동기화 속도를 낮추고 다시 시도해보십시오.
CHC-Mill,622.0000,622,0000,TOOL–CHANGER ARM FAULT,The tool–changer arm us not at the origin. This can be caused by the arm motor being out of position at power up. This may also be caused when a tool–change process has been interrupted and then a tool–change is commanded. – Reset all alarms. Perform a tool–changer recovery by pressing the RECOVER button.,공구 교환장치 암 고장,"공구 이동장치가 원점에 없습니다. 이것은 전원이 켜졌을 때 위치에서 벗어난 암 모터가 원인일 수 있습니다. 이것은 공구 교환 과정이 차단된 다음, 공구 교환이라는 명령을 받았을 때 발생할 수도 있습니다. - 모든 경보를 리셋하십시오. RECOVER 버튼을 눌러 공구 교환장치를 복원하십시오."
CHC-Lathe,621.0000,621,0000,C OVER TRAVEL RANGE,Caxis will exceed stored stroke limits. This is a negative direction parameter and is machine zero in the positive direction. This will only occur during the operation of a user's program.,C 이동거리 범위 초과,C축은 저장된 스트로크 한계를 초과할 것입니다. 이는 음의 방향 파라미터이며 양의 방향의 기계 영점입니다. 이는 사용자의 프로그램 작동 중에만 발생합니다.
CHC-Mill,222.0000,222,0000,C–AXIS PHASING ERROR,An error occurred during the phasing initialization of the brushless motor. This error cannot be reset. – Cycle power to clear alarm. Check the C–axis connections at the side of the control cabinet.,C축 페이징 오류,브러시리스 모터의 페이징 초기화 동안에 오류가 발생하였습니다. 이 오류는 리셋될 수 없습니다. - 전원을 껐다 켜서 경보를 삭제하십시오. C축이 제어 캐비닛 측면에 연결되었는지 확인하십시오.
NGC,9926.0000,9926,0000,INVALID ENCODER TYPE,"Invalid or unsupportedencoder type has been detected. Reboot. If the problem persist, take error report and contact HAAS automation. ",잘못된 인코더 유형,잘못되었거나 지원되지 않은 인코더 타입이 감지되었습니다. 재부팅하십시오. 문제거 지속되면 오류 보고서를 출력해서 HAAS 자동화 팀에 문의합니다.
NGC,20010.0000,20010,0000,NO SOUND CARD,The control did not detect a sound card.  This is an informational message only. No parts need to be replaced.,사운드 카드 없음,제어가 사운드 카드를 감지하지 않았습니다. 이것은 단지 정보 메시지입니다. 교체해야 할 공작물이 없습니다.
CHC-Lathe,148.0000,148,0000,A (Tool Turret) AXIS LIMIT SWITCH,Not Used.,A(공구 터렛) 축 리미트 스위치,사용하지 않습니다.
NGC,150.0000,150,0000,Z AND TOOL INTERLOCKED,"Tool changer not at home and either the Z or A or B axis (or any combination) is not at machine zero position. If RESET, E-STOP, or POWER OFF occurs during tool change, Z-axis motion and tool changer motion may not be safe. Check the position of the tool changer and remove the tool if possible. Re-initialize with the AUTO ALL AXES button but be sure that the pocket facing the spindle afterwards does not contain a tool. ",Z 및 공구 연동,"공구 교환장치가 원점에 없으며 Z, A 또는 B축(또는 이들의 여러 조합)이 기계 영점 위치에 없습니다. 공구 교환 중에 RESET, E-STOP 또는 POWER OFF이 발생하면 Z축 움직임과 공구 교환장치 움직임은 안전하지 않습니다. 공구 교환장치의 위치를 확인하고 가능하면 공구를 제거하십시오. 자동 모든 축(AUTO ALL AXES) 버튼으로 다시 초기화하십시오, 그러나 나중에 스핀들을 향하는 포켓에 공구가 없는지 확인하십시오."
NGC,850.0000,850,0000,INTERNAL I O ERROR,An internal I/O circuit board error has been sensed. - Press the RESET button. ,내부 I/O 오류,내부 I/O 회로기판 오류가 감지되었습니다. - RESET(리셋) 버튼을 누르십시오.
NGC,617.0000,617,0000,MISSING ADDRESS CODE," Required address code is missing.  Refer to the documentation of the G code used. Lathe: G74, G76, G81, G82, G83, G84, G85, G86, G89, G95, G184, and G186 require Z-axis depth to be set.  G75, G195, G196, G241, G242, G243, G245, G246, and G249 require X-axis depth to be set.  Mill: G73, G74, G76, G77, G81, G82, G83, G84, G85, G86, and G89 require Z-axis depth to be set.   ",누락된 주소 코드," 필요한 주소 코드가 누락되었습니다. 사용된 G코드의 문서를 참조하십시오. 선반: G74, G76, G81, G82, G83, G84, G85, G86, G89, G95, G184 및 G186이 Z축 깊이가 설정될 것을 요구합니다. G75, G195, G196, G241, G242, G243, G245, G246 및 G249가 X축 깊이가 설정될 것을 요구합니다. 밀: G73, G74, G76, G77, G81, G82, G83, G84, G85, G86 및 G89가 X축 깊이가 설정될 것을 요구합니다."
NGC,6.9107,6,9107,B (TAILSTOCK) CHECK YOUR HOME SWITCH  ,"The axis failed to finish the zero return due to a home switch detection failure. The axis traveled too far while waiting for the home switch input state to change. This can either happen when looking for the home switch or attempting to come off of it. Check the home switch trip flag to make sure it is not obstructed or misaligned. If the switch is an electromagnetic proximity sensor, check for chips on the switch as well.

POSSIBLE CAUSES: 
•	Home switch not transitioning 
•	Faulty proximity sensors
•	Mechanical binding
•	Faulty hydraulic motor

Corrective action: Inspect home switch for functionality/damage. Inspect screw for binding/damage. Inspect proximity sensors for proper functionality/damage.

Note: For software versions 100.23.000.1000 and later, alarm 437 TAILSTOCK UNDERSHOOT will generate in the event encoder data isn’t being read during a zero return. 
",B(심압대) 원점 스위치 점검  ,"원점 스위치 감지 고장으로 인해 축이 영점 복귀를 마치지 못했습니다. 원점 스위치 입력 상태가 변경될 때까지 기다리는 동안 축 이동거리가 너무 멀어졌습니다. 이것은 원점 스위치를 찾거나 빠져나오기 위해 시도할 때 발생할 수 있습니다. 원점 스위치 동작 플래그를 점검하여 막혀 있거나 잘못 정렬되어 있지 않은지 확인하십시오. 스위치가 전자기 근접도 센서인 경우 스위치에 칩이 있는지도 점검하십시오. 가능한 원인: 
•원점 스위치가 전환되지 않음 •	근접 센서 결함•	기계적 결속•	유압 모터 결함 시정 조치: 원점 스위치의 기능/손상 여부를 검사합니다. 나사에 결속/손상이 있는지 검사합니다. 근접 센서의 적절한 기능/손상 여부를 검사합니다. 참고: 소프트웨어 버전 100.23.000.1000 이상에서, 영점 복귀 중에 인코더 데이터가 판독되지 않는 경우, 경보 437 심압대 언더슈트가 생성됩니다.
"
NGC,647.0000,647,0000,REGEN LOAD SHORTED,The Vector Drive or 320V power supply has reported a short circuit of the Regen Load. This can be caused by shorted cables on the regen load or shorted regen load elements.,회생 로딩이 짧아짐,벡터 드라이브 또는 320V 전원공급장치가 회생 로딩의 합선을 보고하였습니다. 이것은 회생 로딩 중인 합선된 케이블 또는 합선된 회생 로딩 요소가 원인일 수 있습니다.
CHC-Lathe,165.0000,165,0000,X ZERO RET MARGIN TOO SMALL,"This alarm will occur if the home/limit switches move or are misadjusted. It indicates that the zero return position may not be consistent from one zero return to the next. The encoder Z channel signal must occur between 1/8 and 7/8 revolution of where the home switch releases. This will not turn the servos off, but will stop the zero return operation. Check grid offset.",X 영점 복귀 마진이 너무 작음,이 경보는 원점 리미트 스위치가 이동하거나 잘못 조정되었을 경우 발생합니다. 영점 복귀 위치 한 영점 복귀에서 다음 영점 복귀로 일관되지 않을 수 있다는 점을 알려줍니다. 인코더 Z 채널 신호는 원점 스위치가 해제되는 위치의 1/8과 7/8 회전 사이에서 발생해야 합니다. 이렇게 하면 서보가 꺼지지 않지만 영점 복귀 작동은 중지됩니다. 그리드 오프셋을 확인하십시오.
NGC,9842.0000,9842,0000,SIO - OVER VOLTAGE,"The serial I/O PCB on board processor detected an overvoltage condition,  check the 115VAC supply to the I/O PCB.   ",SIO - 과전압,기판 프로세서의 시리얼 I/O PCB에서 과전압 상태를 감지했습니다. I/O PCB 측 115VAC 공급을 점검하십시오.
CHC-Mill,992.0000,992,0000,AMPLIFIER OVER CURRENT,"An Amplifier has sensed excessive current going to the motor. – A preceding axis alarm will indicate which axis amplifier had the fault. This can be caused by a stalled motor, a high motor load for a short duration, Entering a heavy cut with a dull or broken tool can cause this alarm. Check your tools. Check your speeds and feeds.
",전류가 높은 증폭기(AMPLIFIER OVER CURRENT),"증폭기가 모터에 지나친 전류가 흐르는지를 감지했습니다. – 선행 축 경보는 어떤 축 증폭기에 오류가 있었는지를 나타냅니다. 이것은 정지된 모터, 짧은 시간 동안 높은 모터 부하가 원인일 수 있습니다. 무뎌졌거나 부러진 공구로 무거운 절단을 입력하면 이 경보가 발생할 수 있습니다. 공구를 확인하십시오. 속도와 이송을 확인하십시오.
"
CHC-Lathe,279.0000,279,0000,AXIS LINEAR SCALE Z FAULT,Encoder marker pulse count failure. This alarm usually indicates that the Z Fault encoder has been damaged and encoder position data is unreliable. This can also be caused by loose scale connectors.,축 리니어 스케일 Z 고장,인코더 마커 펄스 카운트 오류. 이 경보는 일반적으로 Z 고장 인코더가 손상되었고 인코더 위치 데이터가 신뢰할 수 없음을 나타냅니다. 또한 느슨한 인코더 스케일 커넥터가 원인일 수 있습니다.
CHC-Lathe,334.0000,334,0000,Y AXIS DISABLED,Parameter has disabled Live Tooling.,Y축 비활성화됨,파라미터가 라이브 툴링을 비활성화 하였습니다.
CHC-Mill,416.0000,416,0000,PARITY ERROR,"Data received by CNC has bad parity. Check parity settings, number of data bits and speed. Check your cable configuration, cable needs to be null modem.",패리티 오류,"CNC에서 수신된 데이터에 불량 패리티가 있습니다. 패리티 설정, 데이터 비트 및 속도를 확인하십시오. 케이블 구성에서 케이블에 널(null) 모뎀이 필요한지 확인하십시오."
NGC,9711.0000,9711,0000,UNDEFINED ALARM,"System generated an alarm that is not yet supported in this version of software. Immediate press [SHIFT] [F3] to take an error report.

Then press [RESET] and continue. If necessary, power cycle the machine.",정의되지 않은 경보,시스템이 이 버전의 소프트웨어에서 아직 지원되지 않는 경보를 생성합니다. 즉각 [SHIFT] [F3]를 눌러 오류 보고서를 받습니다. 그런 다음 [RESET]을 누르고 계속하십시오. 필요한 경우 기계의 전원을 껐다 켜십시오.
NGC,2010.0000,2010,0000,EDITED SYSTEM FILE LOADED,"A system file was loaded that is different from the file that was saved by the control. This indicates that the file is either edited or corrupted. If the file was not edited, there may be an error in the data that was loaded.",편집된 시스템 파일 로드됨,"시스템 파일이 로드되었으며, 제어에 의해 저장된 파일과는 다른 파일입니다. 이것은 파일이 편집되었거나 손상되었음을 나타냅니다. 파일이 편집되지 않았다면 로드외 데이터에 오류가 있을 수도 있습니다."
NGC,20008.0000,20008,0000,Wye Delta recovery triggered S (SPINDLE),"This message appears in the alarm history because the control detected the WYE/DELTA contactor feedback states to be incorrect but not long enough to generate alarm 4.9973. Check all the WYE / DELTA terminal connections make sure they have a tight connection. Check the transformer taps to be in the correct location.
Find out if these messages occur during heavy cuts. Do not replace any parts, if these messages continue to occur generate an error report and email it to Haas Service.",Wye/Delta 복구 시동됨(스핀들),"이 메시지는 컨트롤이 WYE/DELTA 접촉기 피드백 상태가 올바르지 않지만 알람 4.9973을 생성할 만큼 길지 않음을 감지했기 때문에 알람 기록에 나타납니다. 모든 WYE / DELTA 단자 연결을 확인하고 단단히 연결되어 있는지 확인하십시오. 변압기 탭이 정확한 위치에 있는지 확인하십시오. 이 메시지가 무거운 절삭 동안 발생하는지 확인하십시오. 이 메시지가 계속 발생하면 어떠한 공작물도 교체하지 말고, 오류 보고서를 생성해서 Haas 서비스팀에 이메일로 보내십시오."
CHC-Mill,101.0000,101,0000,MOCON COMM. FAILURE,A selftest of communications between the MoCon and Main Processor failed. This can be caused by a software error or a hardware failure. Check the software release notes. Check cable/power connections and reseat or replace address and data bus cables. This alarm can also be caused by a MoCon memory fault. Check status lights.,MOCON 통신(MOCON COMM) 고장,MoCon과 메인 프로세서 간의 통신에 대한 자체 테스트가 실패했습니다. 이는 소프트웨어 오류 또는 하드웨어 고장이 원인일 수 있습니다. 소프트웨어 릴리스 정보를 확인하십시오. 케이블/전원 연결을 확인하고 주소 및 데이터 버스 케이블을 재장착하거나 교체하십시오. 또한 이 경보는 MoCon 메모리 오류가 원인일 수 있습니다. 상태 램프를 확인하십시오.
NGC,803.0000,803,0000,LOW WAY LUBE," The way lubrication grease supply is low or empty or the lubrication system has lost pressure. Check the grease canister to see if it is low and replace if necessary. If the grease canister is not empty, check if the lines to the ways are clogged or damaged. Also check the lubrication pressure switch and wires for disconnect or damage. If the problem is not corrected, further operation could result in machine damage.",낮은 웨이 윤활유, 웨이 윤활 그리스 공급이 낮거나 없거나 또는 윤활 시스템에 압력이 없습니다. 그리스 캐니스터를 검사하여 낮은지 보고 필요에 따라 교체하십시오. 그리스 캐니스터가 비워진 상태가 아니라면 웨이로 가는 라인이 막혔거나 손상이 되었는지 확인하십시오. 또한 윤활 압력 스위치 및 배선이 끊어졌는지 또는 손상 되었는지 확인하십시오. 문제가 고쳐지지 않고 계속 작동시키면 기계 손상이 초래됩니다.
CHC-Lathe,2040.0000,2040,0000,VECTOR DRIVE OR SPINDLE AMPLIFIER SHORT CIRCUIT,A short circuit has been sensed.,벡터 드라이브 또는 스핀들 증폭기 단락,단락이 감지되었습니다.
NGC,9930.0000,9930,0000,SERIAL ENCODER POOR COMMUNICATION,"There was corrupted communications between the specified axis encoder and the MOCON. Press reset and continue. If necessary power cycle the machine. If the alarm persists, with the alarm on the screen insert a USB device and press [SHIFT] and the [F3] button to generate an error report. The error report will be saved to the USB device, e-mail the error report file to your local Haas Factory Outlet for further review. 
	
Alarm is obsolete 

New alarm for encoder faults updated in software. Update to latest version 100.21.000.1130 or Higher",직렬 인코더 통신 장애,지정된 축 인코더와 MOCON 사이에 통신 오류가 발생했습니다. 리셋을 누르고 계속하십시오. 필요한 경우 기계의 전원을 껐다 켜십시오. 경보가 지속되면 화면의 경보가 있는 상태에서 USB 장치를 삽입하고 [SHIFT] 및 [F3] 버튼을 눌러 오류 보고서를 생성하십시오. 오류 보고서는 USB 장치에 저장됩니다. 추가 검토를 위해 오류 보고서 파일을 현지 Haas 직영 창고 매장으로 이메일로 보내십시오.
NGC,5.423,5,423,A-AXIS SECONDARY ENCODER POSITION MISMATCH,The Position reported by the secondary encoder does not match the position reported by the primary encoder. This alarm cannot be reset. Turn the machine off and back on.,A축 2차 인코더 위치 불일치,2차 인코더에 의해 보고된 위치는 1차 인코더에 의해 보고된 위치와 맞지 않습니다. 이 경보는 리셋할 수 없습니다. 기계를 끄고 다시 켜십시오.
CHC-Mill,602.0000,602,0000,W AXIS OVER TRAVEL RANGE,The W–axis was commanded to move farther than travel limits allow. Reset the machine. Check your program for errors. Check for improper Work Offsets.,W축의 이동거리 범위,W축에 대해 이동거리 제한이 허용하는 것보다 더 멀리 이동하라는 명령이 내려졌습니다. 기계를 리셋합니다. 프로그램에 오류가 있는지 확인하십시오. 부적절한 워크 오프셋을 확인하십시오.
NGC,549.0000,549,0000,INTERNAL MOTION ERROR DETECTED,The control calculated an incorrect feed based on the G code program and overrides.    Use Shift F3 while the alarm is activeto generate an error report for your local Haas Factory Outlet. Press reset and restart your program. ,내부 동작 오류 감지,제어장치가 G코드 프로그램과 오버라이드를 토대로 잘못된 이송을 계산했습니다. 경보가 활성 상태인 동안 Shift F3을 사용하여 현지 Haas 직영 창고 매장에 대한 오류 보고서를 생성하십시오. 리셋을 누르고 프로그램을 다시 시작하십시오.
CHC-Mill,489.0000,489,0000,INVALID FNC FILE,The file is not a valid file for FNC. Either it contains non ASCII characters or lines exceed 500 characters in length.,잘못된 FNC 파일,FNC에 대해 유효한 파일이 아닙니다. 비 ASCII 문자를 포함하거나 라인이 길이 상 500 문자를 초과합니다.
NGC,601.0000,601,0000,MAXIMUM PQ BLOCKS EXCEEDED," -The maximum number of blocks making up a PQ sequence was exceeded. Currently, no more than 65535 blocks can be between P and Q. ",최대 PQ 블록 숫자를 초과함," -PQ 시퀀스를 구성하는 블록의 최대 숫자가 초과되었습니다. 현재, 65535이하의 블록이 P와 Q 사이에 있을 수 있습니다."
NGC,9960.0000,9960,0000,SECONDARY SERIAL ENCODER CABLE FAULT,"The specified axis cable is either disconnected or it does not have valid data. Check the secondary encoder cable. Cycle the power on the machine. 
	
Alarm is obsolete 

New alarm for encoder faults updated in software. Update to latest version 100.21.000.1130 or Higher",보조 시리얼 인코더 케이블 고장,지정된 축 케이블이 분리되었거나 유효한 데이터를 가지고 있지 않습니다. 보조 인코더 케이블을 확인하십시오. 기계의 전원을 껐다 켜주십시오.
NGC,1088.0000,1088,0000,NO FEED RATE,"Insert the F code input and start again from a safe position.
Recommended protected positioning feed rate is 120 in/min. ",이송량 없음,F코드 입력을 삽입하고 안전한 위치에서 다시 시작하십시오. 보호되는 위치 설정 권장 이송량은 120in/min 입니다.
NGC,866.0000,866,0000,ATC TURRET MOTOR ELECTRICAL FAULT,"No motor current was measured after the ATC turret was commanded ON. Check the motor power cables for any breaks, severe crimping, or loose connections that can cause an open circuit. Make sure the cable connectors do not have damaged pins. On the I/O board, make sure the 4–pin jumper is plugged into P87. Measure the resistance of the motor. If the electrical resistance measures less than 1 Ohm, or more than 50 Ohms, replace the motor.  Power cycle the machine.   If the alarm persists,  with the alarm on the screen insert a USB device and press [SHIFT] and the [F3] button to generate an error report.  The error report will be saved to the USB device, e-mail the error report file to your local Haas Factory Outlet for further review. ",ATC 터렛 모터 전기 고장,"ATC 터렛의 명령이 켬으로 된 후에 모터 전류가 측정되지 않았습니다. 모터 전원 케이블에 개방 회로를 발생하게 하는 절단, 심한 크림핑 또는 느슨한 연결이 있는지 확인하십시오. 케이블 연결에 손상된 핀이 없는지 반드시 확인하십시오. I/O 보드에 4핀 점퍼가 P87에 플러그 연결되었는지 반드시 확인하십시오. 모터의 저항을 측정하십시오. 모터 저항이 1오옴 미만이거나 50오옴을 초과하면 모터를 교체하십시오. 기계의 전원을 껐다 켰다 해주십시오. 경보가 지속되면 화면의 경보가 있는 상태에서 USB 장치를 삽입하고 [SHIFT] 및 [F3] 버튼을 눌러 오류 보고서를 생성하십시오. 오류 보고서는 USB 장치에 저장됩니다. 추가 검토를 위해 오류 보고서 파일을 현지 Haas 직영 창고 매장으로 이메일로 보내십시오."
CHC-Lathe,397.0000,397,0000,INVALID D CODE,A D value entered in a Canned Cycle must be a positive value. The D will always refer to the Depth of cut. Check your program.,잘못된 D 코드,고정 사이클에 입력되는 D 값은 양의 값이어야 합니다. D는 항상 절삭 깊이를 의미합니다. 프로그램을 확인하십시오.
CHC-Mill,360.0000,360,0000,TOOL–CHANGER DISABLED,A tool–change command was given but no tool–changer was enabled.,공구 교환장치 비활성회됨,공구 교환 명령이 주어졌지만 공구 교환장치가 활성화되지 않았습니다.
CHC-Mill,861.0000,861,0000,ATC ARM CABLE SHORT CIRCUIT,Short circuit was detected in the drive to the tool changer motor. Check wiring.,ATC 암 케이블 단락,공구 교환장치 모터에 연결된 드라이브에 단락이 감지되었습니다. 배선을 확인하십시오.
CHC-Mill,491.0000,491,0000,KEYBOARD INTERFACE COMMUNICATION,The main control has automatically re-established communication with the serial keyboard interface (SKBIF). - Clear all alarms by pressing the RESET button. Operation of the machine can continue after all alarms are cleared.,키보드 인터페이스 통신,제어판이 자동으로 시리얼 키보드 인터페이스(SKBIF)와의 통신을 리셋했습니다. - RESET(리셋) 버튼을 눌러 모든 경보를 제거하십시오. 기계의 운전은 모든 경보가 제거된 후에 계속될 수 있습니다.
NGC,9407.0000,9407,0000,ELECTRIC VISE BEING JOGGED,This alarms occurs because the user has tried to jogged a vise axis while the vise is in the state advanced  To troubleshoot this issue:    Do not let the user jog a vise axis while thisvise is in the state advanced  ,전기 바이스가 조그되고 있음,이 경보는 바이스 축이 전진된 상태에 있는 동안에 사용자가 바이스에 조그를 시도한 경우에 발생합니다. 해당 바이스가 전진된 상태에 있는 동안 사용자가 바이스 축을 조그하지 않도록 하십시오.
NGC,498.0000,498,0000,N CODE IN PROGRAM EXCEEDS MAXIMUM 9 DIGITS, The program contains an N-code that exceeds the maximum length of 9 digits. Edit the program to reduce the N-code to fewer than 9 digits long.     ,프로그램의 N코드가 최대 9 자리 숫자를 초과함, 프로그램이 최대 9자리 숫자 길이를 초과하는 N코드를 포함합니다. 프로그램을 편집해서 N코드를 9 자리 숫자 미만으로 입니다.
CHC-Mill,174.0000,174,0000,TOOL LOAD EXCEEDED,"Tool load during a feed exceeded the user-defined tool load limit. Do these steps before continuing: Make sure that the tool load limit is set correctly on the Advanced Tool Management (ATM) tab. This tab is under CURRENT COMMANDS. Inspect the tool for wear. Replace it if necessary. Check the program for errors and for appropriate speeds and feeds. Reset the tool load limt for the tool in the spindle, if necessary. Reset the alarm and resume the program.",공구 부하가 초과됨,이송 중에 공구 부하가 사용자가 정의한 공구 부하 한계를 초과하였습니다. 계속하기 전에 다음 단계를 진행하십시오. 고급 도구 관리(ATM) 탭에서 공구 부하 한계가 올바르게 설정되었는지 확인하십시오. 이 탭은 현재 명령(CURRENT COMMANDS) 아래에 있습니다. 공구의 마모를 검사하십시오. 필요하면 교체하십시오. 프로그램에 오류가 있는지 그리고 적절한 속도와 이송인지 확인하십시오. 필요하다면 스핀들의 공구에 대한 공구 부하 한도를 리셋하십시오. 경보를 리셋하고 프로그램을 다시 시작하십시오.
NGC,9862.0000,9862,0000,ANALOG GP14 OVER LIMIT, General Purpose Analog input has exceeded the limit specified by the I/O Configuration file. ,아날로그 GP14 한계 초과, 일반 목적 아날로그 입력이 I/O 구성 파일이 지정한 한계를 초과했습니다.
NGC,9155.0000,9155,0000,ROBOT EXCEEDED MAX PAYLOAD,Robot attempted to clamp a part which would result in exceeding the max payload allowed.,로봇이 최대 적재 하중을 초과함,로봇이 허용된 최대 적재 하중을 야기할 수 있는 공작물을 클램핑하려고 하였습니다.
NGC,9150.488,9150,488,SRVO-488 DCS CPC SPEED LIMIT,"This alarm is generated when the robot has a DCS Cartesian Position Check Zone setup with a speed limit and the robot is jogged outside the work zone above the speed limit.

Lower the feed rate and jog back into the DCS Cartesian Position Check Zone. Verify the work zone is setup correctly by checking the 4D DCS Display.",SRVO-488 DCS CPC 속도 제한,이 경보가 생성되는 경우는 로봇에 속도 제한이 있는 DCS 데카르트 위치 점검 구역 설정이 있고 로봇이 속도 제한보다 높은 작업 구역 외부에서 조그될 때입니다. 이송량을 낮추고 DCS 데카르트 위치 점검 구역 안으로 다시 조그합니다. 작업 영역이 4D DCS 디스플레이를 점검함으로써 정확하게 설정되는 확인하십시오.
NGC,9707.0000,9707,0000,CAN NODE INVALID MAX VOLTAGE,"A CAN node was commanded to exceed its maximum output voltage.  This warning can be reported from EVise or Autodoor. Check Alarm History to identify the affected device.

If you are using macro programming to command those outputs, check your program. If the warning persists, contact your local Haas Factory Outlet for further review.",CAN 노드 잘못된 최대 전압,CAN 노드에게 최대 출력 전압을 초과하도록 명령이 내려졌습니다. 이러한 경고는 E 바이스 또는 자동 도어에 의해 보고될 수 있습니다. 경보 이력을 확인하여 영향을 받는 장치를 식별하십시오. 매크로 프로그래밍을 사용하여 그러한 출력을 명령한다면 프로그램을 확인하십시오. 경고가 지속되면 지역의 Haas 직영 창고 매장에 추가 점검을 위해 연락하십시오.
CHC-Mill,318.0000,318,0000,Z AXIS OVER TRAVEL RANGE,The Z axis was commanded to move farther than travel limits allow. Reset the machine. Check your program for errors. Check for improper Work Offsets.,Z축의 이동거리 범위,Z축에 대해 이동거리 제한이 허용하는 것보다 더 멀리 이동하라는 명령이 내려졌습니다. 기계를 리셋합니다. 프로그램에 오류가 있는지 확인하십시오. 부적절한 워크 오프셋을 확인하십시오.
NGC,2093.0000,2093,0000,CYCLE POWER MACHINE,Please cycle power the machine.  Press POWER OFF and then POWER ON. ,기계의 전원을 껐다 켬,기계의 전원을 껐다 켜주십시오. 전원 꺼짐을 누른 후 전원 켬을 누르세요.
NGC,130.0000,130,0000,TOOL UNCLAMPED,"The tool was found to be unclamped when the system expected it to be clamped. This is checked during a spindle command, a gear change, a speed change, and TSC start-up.  Check the tool and spindle for proper operation.  ",공구 고정 해제,"장치가 시스템이 클램핑되어야 할 때 클램핑이 해제된 것이 발견되었습니다. 스핀들 명령, 기어 변경, 속도 변경 및 TSC 시동 동안에 확인됩니다. 공구와 스핀들이 적절히 작동되는지 확인하십시오."
NGC,20021.34,20021,34,Robot SYST-034 HOLD signal from SOP UOP is lost,The FANUC control disconnected from Haas Control. Increase the Modbus TCP Timeout & Disable DHCP.,SOP/UOP의 로봇 SYST-034 HOLD 신호가 두절되었습니다,FANUC 제어 장치가 Haas Control에서 분리되었습니다. Modbus TCP 타임아웃을 늘리고 DHCP를 비활성화합니다.
NGC,529.0000,529,0000,ILLEGAL G65 PARAMETER,"Alphabetic addresses G, L, N, O, and P cannot be used to pass variables.  See Operator manual macro section for valid variables. Select an alternate address.  ",위법 G65 파라미터,"알파벳 주소 G, L, N, O 및 P는 변수를 전달하는 데 사용할 수 없습니다. 유효한 변수는 운영자 매뉴얼 매크로 섹션을 참고하십시오. 다른 주소를 선택하십시오."
NGC,20021.32,20021,32,Robot SYST-032 ENBL signal from UOP is lost,The FANUC control disconnected from Haas Control. Increase the Modbus TCP Timeout & Disable DHCP.,UOP의 로봇 SYST-032 ENBL 신호가 두절되었습니다,FANUC 제어 장치가 Haas Control에서 분리되었습니다. Modbus TCP 타임아웃을 늘리고 DHCP를 비활성화합니다.
CHC-Lathe,629.0000,629,0000,EXCEEDED MAX FEED PER REV,"For G77, reduce diameter of part or change geometry. For G5, reduce X or Z travel.",회전당 최대 이송,G77의 경우 공작물의 지름을 줄이거나 형상을 변경하십시오. G5의 경우 X 또는 Y의 이동거리를 줄이십시오.
CHC-Lathe,200.0000,200,0000,VD OVER TEMP.,"Vector drive over temperature. The Vector Drive's temperature sensor indicates over 90C (194F) near the bridge rectifier. This can be caused by an extended overload condition of the Vector Drive, a stopped fan or high room temperature. Check the fan to ensure it is working.",VD 과열,"벡터 드라이브 과열 벡터 드라이버의 온도 센서는 브리지 정류기 근처에서 90℃(194℉) 초과를 나타냅니다. 이는 벡터 드라이브의 확장된 과부하 상태, 팬 정지 또는 높은 실내 온도가 원인일 수 있습니다. 팬의 작동되는 확인하십시오."
NGC,9417.0000,9417,0000,LINEAR SENSOR FAULT DETECTED,Invalid reading from linear sensor has been detected. It may require service.,,
NGC,901.0000,901,0000,PARAMETERS HAVE BEEN LOADED BY DISK,"When a parameter file has been loaded from disk, Alarm 901 is added to the alarm history along with the date and time. Note that this is not a resetable alarm; it is for informational purposes only.",파라미터가 디스크에 로드됨,"파라미터 파일이 디스크에서 로드되면 경보 901이 날짜 및 시간과 함께 알람 이력에 추가됩니다. 이것은 리셋 가능한 경보가 아니고, 단지 정보 제공이 목적이라는 점에 주목하십시오."
CHC-Mill,655.0000,655,0000,U–AXIS CABLE FAULT,The U–axis encoder cable does not have valid signals.,U축 케이블 고장,U축 인코더 케이블 신호가 유효하지 않습니다.
CHC-Mill,252.0000,252,0000,MEMORY OVERFLOW,"Possible corrupt program. Save all programs to disk, delete all, and then reload. If the error persists, programs may have to be searched for error on PC, corrected then reloaded.",메모리 오버플로우,"손상된 프로그램일 가능성이 있음. 모든 프로그램을 디스크에 저장하고, 모두 삭제하고, 그 다음에 다시 로딩하십시오. 오류가 지속되면 프로그램이 PC상에서 검색해야 하고, 수정되어야 하면 그 다음에 다시 로드해야 합니다."
NGC,974.0000,974,0000,PALLET POOL SWITCH FAULT,An illegal switch condition was detected for the pallet pool pallet lifter.  Check the lift arm switches foraccumulated chips. Recover Pallet Pool and try again. ,팔레트 풀 스위치 고장,불법 스위치 상태가 팔레트 풀 팔레트 리프터에 감지되었습니다. 리프트 암 스위치에 칩이 쌓여 있는지 확인하십시오. 팔레트 풀을 복구하고 다시 시도해보십시오.
NGC,9102.0000,9102,0000,ROTARY FILE OUT OF DATE,One or more applied custom rotary files are out of date. The rotary file(s) may be missing required parameters.  Rotaries have been disabled. Use the custom rotary generator provided with this version of software (located in User Data/My Rotary) to create new rotary files with updated parameters. Load and apply updated rotaries.,로터리 파일이 오래됨,한 개 이상 적용된 주문형 로터리 파일이 오래된 버전입니다. 로터리 파일(들)이 필요한 파라미터를 누락했을 수 있습니다. 로터리 파일이 비활성화되었습니다. 이 소프트웨어 버전(사용자 데이터/내 로터리에 있음)과 함께 제공된 사용자 정의 로터리 생성기를 사용하여 업데이트된 파라미터로 새 로터리 파일을 만듭니다. 업데이트된 로터리 파일을 로드하고 적용합니다.
NGC,9505.0000,9505,0000,COMMANDED PRESSURE NOT REACHED,"The commanded device pressure was not reached within the specified timeout. Check electrical connections to the pressure switch or motor or for failed hardware such as the pressure valve, hydraulic motor, or coupler.",명령된 압력에 도달하지 않음,"지정된 타임아웃 내에 명령된 장치 압력에 도달하지 못했습니다. 압력 스위치 또는 모터에 대한 전기 연결부 혹은 압력 밸브, 유압 모터 또는 커플러와 같은 하드웨어 고장을 점검하십시오."
NGC,9946.0000,9946,0000,AXIS SECONDARY ENCODER CABLE FAULT,The secondary encoder cable on the specified axis does not have valid signals. ,축 2차 인코더 케이블 고장,지정된 축의 2차 인코더 케이블이 유효한 신호를 갖고 있지 않습니다.
NGC,9858.0000,9858,0000,ANALOG GP10 OVER LIMIT,General Purpose Analog input has exceeded the limit specified by the I/O Configuration file. ,아날로그 GP10 한계 초과,일반 목적 아날로그 입력이 I/O 구성 파일이 지정한 한계를 초과했습니다.
CHC-Lathe,216.0000,216,0000,PROBE ARM DOWN WHILE RUNNING, Indicates probe arm pulled down while running a program.,작동 중 프로브 암 하강, 프로그램 운영 중에 프로브 암이 아래로 하강 것을 표시합니다.
NGC,2050.0000,2050,0000,D–AXIS CABLE FAULT,The D–axis encoder cable does not have valid signals.,D축 케이블 고장,D축 인코더 케이블 신호가 유효하지 않습니다.
NGC,941.0000,941,0000,POCKET-TOOL TABLE ERROR,  The program contains a tool change command for a tool that does not exist in the tool table. Press CURRENT COMMANDS and select the Tool Table tab. Do one of these steps to resolve this error.    A) Edit your program to use a tool number that exists in the tool table.    B) Add the tool number to the Tool Table:   �   Press [CURRENT COMMANDS]. Select the Tool Table tab. Highlight the number of a pocket that contains an unused tool. Type the desired tool number and press [ENTER].  This updates the pocket with the desired tool number.      ,포켓 공구 테이블 오류,  프로그램이 공구 테이블에 존재하지 않는 공구에 대한 공구 교환 명령을 포함합니다. 현재 명령(CURRENT COMMANDS)을 누른 다음 ATM 탭을 선택하십시오. 이 오류를 정정하려면 다음 단계 중 하나를 하십시오. A) 프로그램을 편집하여 공구 테이블에 존재하는 공구 번호를 사용하십시오. B) 공구 번호를 다음 공구 테이블에 추가합니다. �  [현재 명령]을 누릅니다. 공구 테이블 탭을 선택하십시오. 사용하지 않는 공구를 포함한 포켓의 번호를 강조합니다. 원하는 공구 번호를 타이핑 입력하고 [ENTER]를 누릅니다. 이렇게 하면 원하는 공구 번호로 포켓을 업데이트할 수 있습니다.
NGC,425.0000,425,0000,BAR FEED COLLET FACE POSITION IS NOT SET,"From the Bar Feeder Setup display, complete all of the steps to set up Haas Bar Feeder. Specifically, complete the Set Collect Face Position step. Then continue bar feeder operations. ",봉재 이송 수집 면 위치가 설정되지 않음,"Bar Feeder Setup(봉재 이송장치 설정) 화면에서 Haas 봉재 이송장치를 설정하는 모든 단계를 완료합니다. 특히 면 수집 위치 설정 단계를 완료합니다. 그런 다음, 봉재 이송장치의 조작을 계속합니다."
CHC-Lathe,125.0000,125,0000,TOOL–TURRET FAULT,"The tool–turret is not seated properly.  Check for an obstruction between the tool–turret and the housing. Clear off chips. Clear all alarms. Press POWER UP/ RESTART, TURRET FWD or TURRET REV to restore the tool turret to its correct operationg condition.",공구 터렛 고장,"공구 터렛이 제대로 장착되지 않았습니다. 공구 터렛과 하우징 사이에 장애물이 있는지 확인하십시오. 칩을 완전히 제거하십시오. 모든 경보를 삭제하십시오. POWER UP/RESTART, TURRET FWD 또는 TURRET REV를 눌러 공구 터렛을 올바른 작동 조건으로 복원하십시오."
CHC-Mill,507.0000,507,0000,TOO FEW OPERANDS ON STACK,An expression operand found too few operands on the expression stack. Cycle power on the machine. Check macro formatting.,너무 적은 스택상의 피연산 함수,표현식 피연산 함수가 표현식 스택에 너무 적게 있습니다. 기계의 전원을 껐다 켰다 해주십시오. 매크로 형식을 확인하십시오.
NGC,9865.0000,9865,0000,ANALOG GP17 OVER LIMIT, General Purpose Analog input has exceeded the limit specified by the I/O Configuration file. ,아날로그 GP17 한계 초과, 일반 목적 아날로그 입력이 I/O 구성 파일이 지정한 한계를 초과했습니다.
NGC,9704.0000,9704,0000,CAN NODE INVALID COMMAND FOR MOTOR 1,This is most likely an error in software implementation or CAN communication issue.  Take Shift-F3 and contact service.,CAN 노드 모터 1을 위한 잘못된 명령,이것의 대부분의 경우 소프트웨어 구현상의 오류이거나 CAN 통신 문제입니다. Shift-F3를 눌러 서비스 팀에 문의하십시오.
NGC,9152.0000,9152,0000,ROBOT HIT JOINT LIMIT,Robot hit joint limit while jogging. &nbsp;Sub-code represents which joint number.,로봇 공동 한계 도달,조깅 중 로봇이 공동 한계 도달. &nbsp; 서브 코드는 조인트 번호를 대표합니다.
CHC-Lathe,609.0000,609,0000,TAILSTOCK RESTRICTED ZONE,"This alarm is caused by an axis moving into the tailstock restricted zone during program execution. To eliminate the problem, change the program to avoid the restricted zone or change Setting 93 or Setting 94 to adjust the restricted zone. To recover, go to jog mode, press Reset twice to clear the alarm, then jog away from the restricted zone.",심압대 제한 구역,이 경보는 프로그램 실행 중에 심압대의 제한 구역으로 이동하는 축이 원인입니다. 이 문제를 제거하려면 프로그램을 변경하여 제한 구역을 피하거나 설정 93 또는 설정 94를 변경하여 제한 구역을 조정하십시오. 복원하려면 조그 모드로 가서 리셋을 두 번 눌러 경보를 삭제한 후 제한 구역으로 부터 조그를 치우십시오.
CHC-Mill,370.0000,370,0000,POCKET DEFINITION ERROR, Check geometry for G150. Check the sub program for path intersection and main program for starting X and Y. Move the starting location of the tool before the G150.,포켓 정의 오류, G150의 형상을 확인하십시오. 경로 교차를 위한 서브 프로그램과 X와 Y 시작하기 위한 메인 프로그램을 확인하십시오. 공구의 시작 위치를 G150 앞으로 이동시키십시오.
NGC,526.0000,526,0000,COMMAND FOUND ON DO END LINE,A Gcode command was found on a WhileDo or End macro block. Move the Gcode to a separate block.,DO/END 라인에서 발견된 명령,G코드 명령이 WhileDo 또는 End 매크로 블록에서 발견되었습니다. G코드를 분리된 블록으로 이동합니다.
NGC,6.9948,6,9948,B-AXIS SECONDARY ENCODER INTERNAL DATA ERROR,"The secondary (scales) encoder has reported an internal error or that it's internal position data is incorrect.

Reset or cycle power on the machine.",B축 2차 인코더 내부 데이터 오류,2차 (스케일) 인코더가 내부 오류를 보고했거나 인코더의 내부 위치 데이터가 올바르지 않다고 보고했습니다. 기계를 리셋하거나 전원을 껐다 켜주십시오.
CHC-Mill,854.0000,854,0000,ATC CAROUSEL DRIVE TRAIN FAILURE,"During a tool–change, the ATC carousel did not get to the commanded position.",ATC 캐로슬 드라이브 트레인 고장,공구 교환 중 ATC 캐로슬이 명령된 위치에 도달하지 못했습니다.
NGC,611.0000,611,0000,G71 G72 TYPE I ALARM," -When G71 or G72 is executing and the control detects a problem in the defined PQ path. It is used to indicate which method of roughing has been selected by the control. It is generated to help the programmer when debugging G71 or G72 commands. The control often selects Type I roughing when the programmer has intended to use Type II roughing. To select Type II, add R1 to the G71/G72 command block (in YASNAC mode), or add a Z-axis reference to the P block (in FANUC mode). ",G71/G72 유형 I 경보, -G71 또는 G72가 실행 중이고 제어장치가 정의된 PQ 경로에서 문제를 감지할 때. 그것은 어떤 황삭 방법이 제어에 의해 선택되었는지를 표시하는데 사용됩니다. 그것은 G71 또는 G72 명령어를 디버깅할 때 프로그램을 돕기 위해 생성됩니다. 프로그램이 유형 II 황삭을 적용하려고 할 때 제어는 종종 유형 I 황삭을 선택합니다. 유형 II를 선택하려면 G71/G72 명령 블록(YASNAC 모드)에 R1을 추가하거나 P 블록(FANUC 모드)에 Z축 참조를 추가합니다.
NGC,9933.0000,9933,0000,SOFTWARE VERSION MISMATCH,"The software version does not match configuration parameters.  This can be fixed by loading a matching configuration file to software, or by updating the software to match the configuration file.  ",소프트 버전 불일치,소프트웨어 버전이 구성 파라미터와 일치하지 않습니다. 맞는 구성 파일을 소프트웨어에 로드하거나 구성 파일에 맞는 소프트웨어를 업데이트하여 이 문제를 해결할 수 있습니다.
NGC,9805.0000,9805,0000,PHASE C SHORT CIRCUIT,A short circuit (&gt;35A) was detected in the 120V outputs from the IOPCB.    Check all outputs for possible shorts between the hot lead and neutral. ,위상 C 단락,단락회로(&gt;35A)가 IOPCB에서 120V 출력으로 감지되었습니다. 모든 출력에서 핫 리드 및 중립에서 가능한 단락이 있었는지 확인하십시오.
CHC-Mill,184.0000,184,0000,Z–AXIS CABLE FAULT,The Z–axis encoder cable does not have valid signals.,Z축 케이블 고장,Z축 인코더 케이블 신호가 유효하지 않습니다.
CHC-Lathe,354.0000,354,0000,AUX AXIS DISCONNECTED,Auxiliary axis is not responding. Check auxiliary axes connections.,보조 축 연결 끊김,보조 축이 반응하지 않고 있습니다. 보조 축 연결을 확인하십시오
NGC,823.0000,823,0000,SERVO AUTO DOOR STOPPED,The Servo Auto Door did not open or close as commanded. This is usually caused by an obstruction preventing complete door motion. Check for objects blocking door motion. Check for chip build–up on the door guide rails. Remove chips that may be preventing the door from working correctly. ,서보 자동 도어 멈춤,서보 자동 도어가 완전히 열리거나 닫히지 않았습니다. 이것은 보통 장애물이 도어의 움직임을 방해하는 것이 원인입니다. 도어 동작을 막는 대상을 확인하십시오. 도어 가이드 레일에 칩이 쌓였는지 확인하십시오. 도어가 제대로 작동하지 못하게 할 수 있는 칩을 제거하십시오.
CHC-Mill,141.0000,141,0000,Z–AXIS MOTOR Z FAULT,An Encoder fault has been sensed. The ZReference signal from the encoder was not received as expected.  Cycle power on the machine.,Z축 모터 Z 고장,인코더 고장이 감지되었습니다. 인코더로부터 온 Z 참조 신호는 예상대로 수신되지 않았습니다. 기계의 전원을 껐다 켰다 해주십시오.
NGC,9966.0000,9966,0000,MAIN SPINDLE CHUCK UNCLAMPED OVER ALLOWED RPM," The main spindle chuck was commanded to unclamp, but the spindle was rotating too fast to safely unclamp.  Setting 283, Chuck Unclamp RPM, controls the maximum spindle speed at which you can command the main spindle chuck to unclamp. To resolve this alarm, you can:  Change this Setting to match your application. Change the programmed spindle speed to match Setting 283. Clamp the chuck with an M10 command or the chuck foot pedal. Setting 282 Main Spindle Chuck Clamping specifies inner diameter (ID) or outer diameter (OD) clamping. Make sure that this is set correctly for your application. ",메인 스핀들 척이 주어진 RPM을 초과하여 클램핑이 해제됨," 메인 스핀들 척에 클램프 해제 명령이 내려졌지만, 스핀들이 너무 빠르게 회전하여 안전하게 클램프를 해제할 수 없습니다. 설정 283, 척 클램핑 해제 RPM은 주 스핀들 척의 클램핑이 해제하도록 명령할 수 있는 최대 스핀들 회전수를 제어합니다. 이 경보 해결을 위한 조치:  이 설정을 변경하여 응용장치를 일치시키십시오. 프로그래밍된 스핀들 회전수를 변경하여 설정 283에 맞추도록 하십시오. 척을 M10 명령으로 또는 척 풋 페달로 클램핑하십시오. 282 메인 스핀들 척 클램핑을 설정하면 내경(ID) 또는 외경(OD) 클램핑이 지정됩니다. 이것이 응용장치를 위해 정확하게 설정되었는지 확인하십시오."
NGC,9832.0000,9832,0000,SIO - MCU COMMUNICATION ERROR,"The main processor lost the communication with the serial I/O PCB.  Check for any tripped circuit breakers at the PUSP PCB. Check the RJ-45 connection between the processor and I/O PCB.  Check the power supply to I/O PCB at  P55, make sure there is 115VAC.   ",SIO MCU 통신 누락,"메인 프로세서가 시리얼 I/O PCB와의 통신이 두절되었습니다. PUSP PCB에서 동작 회로 차단기가 있는지 확인하십시오. 프로세서와 I/O PCB 사이에 RJ-45 연결이 있는지 확인하십시오. P55에서 I/O PCB에 대한 전원 공급장치를 확인하고, 115VAC인지를 확인하십시오."
NGC,9815.0000,9815,0000,ARM BRAKE RESISTOR OVER TEMPERATURE,"Brake resistor exceeded limit, 150�C ",암 브레이크 레지스터 과열,브레이크 저항기가 한계인 150�C를 초과했습니다.
NGC,9976.0000,9976,0000,PROBE ARM WILL COLLIDE WITH PARTS CATCHER,Parts Catcher is already extended. Retract Parts Catcher before extending the Probe Arm to avoid collision. ,프로브 암이 공작물 회수장치와 충돌함,공작물 회수 장치가 이미 펼쳐져 연장되었습니다. 공작물 회수 장치를 프로브 암이 펼쳐지기 전에 후퇴시켜 충돌을 피하십시오.
CHC-Lathe,236.0000,236,0000,SPINDLE MOTOR OVERLOAD,The spindle motor has had a load above 100% for too long. Adjust your program to reduce the spindle motor load.,스핀들 모터 과부하,스핀들 모터가 너무 길어 100%를 초과했습니다. 프로그램을 조정하여 스핀들 모터 부하를 줄이십시오.
NGC,9923.0000,9923,0000,SOFTWARE DETECTED ENCODER FAULT,"Cycle power on the machine. 
	
Alarm is obsolete 

New alarm for encoder faults updated in software. Update to latest version 100.21.000.1130 or Higher",소프트 웨어가 인코더 고장을 감지함,기계의 전원을 껐다 켰다 해주십시오.
NGC,644.0000,644,0000,APC LOW AIR PRESSURE,"A low air pressure condition was detected during pallet changer operation. Check that the air supply is 100 PSI, minimum. Check that the air supply line is the correct diameter. Check that the mill pressure regulator is set to 85 PSI. If this alarm continues to occur, check the entire pressurized air system for any abnormal air leakage.",ARC 공기 압력 부족,스핀들 기어 변경 중에 공기압 상태가 낮은 것이 감지되었습니다. 공기 공급이 최소 100 PSI가 되는지 확인하십시오. 공급 공급라인이 올바른 직경인지 확인하십시오. 밀 압력 조절기가 85 PSI인지 확인하십시오. 이 경보가 계속 발생하면 전체 가압 시스템에 비정상적인 공기 누출이 있는지 점검하십시오.
CHC-Mill,618.0000,618,0000,W–AXIS MOTOR OVERHEAT,The W–axis motor has overheated. – Allow the motor to cool. Reduce the load on the motor.,W축 모터 과열,W축 모터가 과열되었습니다. -모터가 냉각되도록 하십시오. 모터의 부하를 줄이십시오.
CHC-Lathe,168.0000,168,0000,A (Tool Turret) AXIS ZERO RETURN MARGIN IS TOO SMALL,The home switch for tool turret is too close to the motor encoder reference mark. Make Sure your offsets are correct before using the machine. The home switch may have moved or chips are interfering with the switch.,A(공구 터렛) 축 영점 복귀 마진이 너무 작음,공구 터렛용 원점 스위치가 모터 인코더 참조 표시에 너무 가깝습니다. 기계 사용 전에 오프셋이 올바른 지 확인하십시오. 원점 스위치가 이동하였거나 칩들이 스위치 사이에 끼어 간섭할 수 있습니다.
NGC,9900.0000,9900,0000,IOPCB COMMUNICATION LOST,"Power off machine, then turn off main circuit breaker. Open machine cabinet. Check circuit breaker CB1 and reset if tripped.  Close cabinet and reset main circuit breaker. Cycle power on the machine.  If the alarm persists,  with the alarm on the screen insert a USB device and press [SHIFT] and the [F3] button to generate an error report.  The error report will be saved to the USB device, e-mail the error report file to your local Haas Factory Outlet for further review. ",IOPCB 통신 두절,기계를 끄고 메인 회로 차단기를 끄십시오. 기계 캐비닛을 여십시오. 회로 차단기 CB1을 열고 동작되면 리셋합니다. 캐비닛을 닫고 메인 회로 차단기를 리셋합니다. 기계의 전원을 껐다 켰다 해주십시오. 경보가 지속되면 화면의 경보가 있는 상태에서 USB 장치를 삽입하고 [SHIFT] 및 [F3] 버튼을 눌러 오류 보고서를 생성하십시오. 오류 보고서는 USB 장치에 저장됩니다. 추가 검토를 위해 오류 보고서 파일을 현지 Haas 직영 창고 매장으로 이메일로 보내십시오.
NGC,991.0000,991,0000,AMPLIFIER OVER TEMPERATURE,An Amplifier's temperature is above it's limit.  – A preceding alarm will indicate which amplifier is above it's temperature limit.  This can be caused by high axis load for an extended period of time.  High shop temperature can cause this alarm to occur more often.  Allow time for the amplifier to cool.  Adjust your program to reduce axis loads.  Clear all alarms. ,온도가 초과한 증폭기,증폭기의 온도가 한계를 초과했습니다. -선행 경보가 어떤 증폭기가 온도 한계를 초과하는지 나타냅니다. 이것은 연장된 시간 동안 축에 고부하가 걸린 것이 원인일 수 있습니다. 높은 온도가 이 경보를 더 자주 발생하게 한 원인일 수 있습니다. 증폭기에 냉각될 수 있는 시간을 주십시오. 프로그램을 조정하여 축 부하를 줄이십시오. 모든 경보를 삭제하십시오.
NGC,9737.0000,9737,0000,LINEAR SENSOR ERROR,Sensor node has lost communication with the linear sensor. This may be due to a faulty sensor or loose connection to the Node.,,
CHC-Lathe,253.0000,253,0000,ELECTRONICS OVERHEAT,The temperature exceeded 149° F (65° C) inside the control cabinet. This machine is only rated to operate normally in a shop with a temperature of up to 113° F (45° C). – Allow the machine to cool. Make sure the ambient temperature of the machine is within tolerances by referring to the Operator’s Manual. Make sure that the control cabinet door is closed.,전자 장치 과열,제어 캐비닛의 내부 온도가 65°C(149°F)를 초과하였습니다. 이 기계는 온도가 최대 45°C(113°F)인 작업장에서만 정상적으로 작동하도록 평가되었습니다. -기계가 냉각되도록 하십시오. 운영자 매뉴얼을 참조하여 기계의 주변 온도가 공차 이내인지 확인하십시오. 제어 캐비닛 도어가 닫혀 있는지 확인하십시오.
NGC,9983.0000,9983,0000,AUTO DOOR DID NOT CLOSE," -Check for objects blocking the door from closing. Check for chip build up on the door roller rails, check that the door drive wheels are not slipping or are losing contact with the top of the door. ",자동 도어가 닫히지 않음," - 문을 닫는데 방해되는 물체가 있는지 확인하십시오. 도어 롤러 레일에 칩이 쌓이지 않았는지, 도어 구동 휠이 미끄러지거나 도어 상단과 접촉하지 않는지 점검하십시오."
NGC,9822.0000,9822,0000,IOPCB VERTICAL BRAKE FAILURE,The IO board has reported a failure of the vertical brake circuit. Cycle power on the machine.,IOPCB 수직 브레이크 고장,IO 기판이 수직 브레이크 회로의 고장을 보고했습니다. 기계의 전원을 껐다 켰다 해주십시오.
NGC,8114.0000,8114,0000,TURRET FAILED TO REACH CLAMP SWITCH,The tool turret attempted to clamp but failed to reach the clamp switch. Check for any obstructions or problems with the unclamp mechanism.  ,터렛이 클램프 해제 스위치에 도달 못함,공구 터렛이 클램핑을 해제하려 하였으나 클램프 해제 스위치에 도달하는데 실패하였습니다. 클램핑 해제 메커니즘과 함께 모든 장애물 또는 문제를 확인하십시오.
CHC-Mill,292.0000,292,0000,HIGH VOLTAGE POWER SUPPLY FAULT,"A 320V Vector Drive Or Mini Mill Power Supply Fault has occurred. This alarm is generated whenever a condition of over–voltage, under–voltage, short–circuit, over–temperature, or shorted–regen occurs.",고압 전원 공급장치 고장,"320V 벡터 드라이브 또는 미니밀 전원 공급장치 고장이 발생했습니다. 이 경보는 과전압, 저전압, 단락, 과열 또는 회생 단락 상태가 발생할 때마다 생성됩니다."
NGC,160.0000,160,0000,LOW INCOMING AC LINE VOLTAGE,The incoming voltage to the machine is less than 80% of the expected value.  Check your voltage and transformer taps. ,낮은 인입 AC 라인 전압,기계로 들어오는 전압이 예상 값의 80% 미만입니다. 전압 및 변압기 탭을 확인하십시오.
CHC-Lathe,838.0000,838,0000,TT (Live Tooling) AXIS SERIAL DATA COMMUNICATION FAULT,"Check that the cable to the Live Tooling motor encoder is undamaged and securely connected. A serial communications fault has occurred between the indicated encoder and the mocon. This is most commonly due to a loose connector or a bad cable between the mocon and the encoder. Check the cable and connections. If the problem repeats, check the motor.",TT(라이브 툴링) 축 시리얼 데이터 통신 고장,라이브 툴링 모터에 연결된 케이블이 손상되지 않았는지와 확실하게 연결되었는지 확인하십시오. 시리얼 통신 고장이 표시된 인코더 및 모콘 사이에서 발생했습니다. 가장 흔한 원인은 모콘과 인코더 사이에 있는 느슨한 커넥터나 손상된 케이블 때문입니다. 케이블과 연결을 확인하십시오. 문제가 반복되면 모터를 확인하십시오.
CHC-Mill,194.0000,194,0000,B-AXIS ZERO RETURN MARGIN IS TOO SMALL,"When a rotary table is first installed, Parameter 170 must be set. This is a common response when a rotary table is first installed. Do the following to fix it:  Add onehalf the value of Parameter 162 to Parameter 170. Zero return the Baxis.",B축 영점 복귀 마진이 너무 적음,회전 테이블이 맨 처음 설치되었을 때 파라미터 170이 설정되어 있어야 합니다. 이것은 회전 테이블이 맨 처음 설치되었을 때 흔한 반응입니다. 다음과 같이 하여 고치십시오. 파라미터 162의 값의 절반을 파라미터 170에 더하십시오. B축을 영점 복귀하십시오.
CHC-Mill,191.0000,191,0000,B–AXIS LIMIT SWITCH,The Baxis has touched the limit switch.,B축 리미트 스위치,B축이 리미트 스위치에 닿았습니다.
NGC,840.0000,840,0000,INCOMING AC LINE VOLTAGE TOO LOW DURING POWER UP," Incoming AC line Voltage was detected as low during power up, system never reached acceptable power levels.    Check voltage and transformer taps Obtain latest parameters from the service portal   ",전원을 켜는 동안 들어오는 AC 라인의 전압이 너무 낮음," 유입 AC 라인 전압이 전원 공급 중에 낮은 것으로 감지되었으며, 시스템이 허용 가능한 전원 레벨에 도달하지 못했습니다. 전압과 변압기 탭을 확인하고 가장 최신의 파라미터를 서비스 포털에서 받으십시오."
NGC,9812.0000,9812,0000,TOOL CHANGER GROUND FAULT,A ground fault condition was detected by the IOPCB tool changer.    Check all tool changer motor outputs for possible short circuits to earth ground. ,공구 교환장치 접지 고장,접지 오류 상태가 IOPCB 공구 교환장치에 의해 감지되었습니다. 모든 공구 교환장치 모터 출력에 접지에 가능한 단락이 있는지 확인하십시오.
CHC-Lathe,550.0000,550,0000,PART NOT HELD DURING LIVE TOOL TAP,The part must not be allowed to rotate during live tool tapping. Add one of the following commands to your program before tapping.C axis engage (M154),공작물이 라이브 툴 태핑 시 고정 불가능,공작물이 라이브 툴 태핑 동안에 회전하도록 허용해서는 안 됩니다. C 축 태핑 개입 (M154) 이전에 프로그램에 다음 명령 중 하나를 추가하십시오.
CHC-Mill,429.0000,429,0000,DISK DIR INSUFFICIENT MEMORY,CNC memory full when attempt is made to read directory. Check space available in the LIST PROG and possibly delete or download some programs to free memory space.,디스크 DIR에 불충분한 메모리,디렉토리를 읽으려고 시도할 때 CNC 메모리가 차있습니다. LIST PROG에서 사용 가능한 공간을 확인하고 아마도 여유 메모리 공간에 가는 일부 프로그램을 지우거나 다운로드해야 할 수 있습니다.
CHC-Mill,615.0000,615,0000,W AXIS SERVO OVERLOAD,This can occur if the load on the motor is over 100% for a period of several seconds or even minutes. Reduce load on the axis by adjusting the feeds and speeds. Check for dull or broken tools.,W축 서보 과부하,이것은 모터의 부하가 몇 초 또는 심지어 몇 분 동안 100%를 초과하는 경우 발생할 수 있습니다. 이송 및 속도를 조정하여 축에 걸리는 부하를 줄이십시오. 무뎌졌거나 부서진 공구를 확인하십시오.
CHC-Mill,776.0000,776,0000,SS–AXIS PHASING ERROR,"An error occurred during the phasing initialization of the brushless motor. This error cannot be reset. To clear this alarm, you must cycle power on the machine.  Cycle power to clear.",SS축 페이징 오류,브러시리스 모터의 페이징 초기화 동안에 오류가 발생하였습니다. 이 오류는 리셋될 수 없습니다. 이 경보를 삭제하려면 기계의 전원을 껐다 켰다 하십시오. 전원을 껐다 켜서 삭제하십시오.
NGC,9973.0000,9973,0000,INVALID WYE DELTA CONTACTOR STATE DETECTED,"The main processor detected an invalid state in Wye/Delta contactors, at power up, or during a spindle acceleration.  See our service video to help you troubleshoot this alarm.   ",잘못된 WYE/DELTA 접촉장치 상태 감지됨,메인 프로세서가 전원 연결 시 스핀들 가속 중에 Wye/Delta 접촉 장치에서 잘못된 상태를 감지했습니다. 이 경보 문제를 해결하려면 서비스 비디오를 참조하십시오.
NGC,702.0000,702,0000,BAR FEEDER AXIS POSITION ERROR,"The Haas Bar Feeder trolley did not reach the commanded position.  This can be caused by something jamming the bar feeder.  Make sure the bar enters the spindle liner smoothly. Check the alignment of the bar feeder to the machine.  To restore the bar feeder, press RECOVER and follow the instructions. ",봉재 이송장치 축 위치 오류,Haas 봉재 이송장치 트롤리가 명령된 위치에 도달하지 않았습니다. 이것은 무언가가 봉재 이송장치를 방해하는 것이 원인일 수 있습니다. 환봉이 스핀들 라이너에 부드럽게 들어가는지 확인하십시오. 봉재 이송장치가 기계에 맞추어 정렬되었는지 확인하십시오. 봉재 이송장치를 복구하려면 복구 버튼을 누르고 지침을 따르십시오.
CHC-Mill,131.0000,131,0000,TOOL NOT CLAMPED,The maximum time for clamping a tool has been exceeded during a tool change.,클램핑 안된 공구,공구 교환 중 공구를 클램핑할 수 있는 최대 시간이 초과되었습니다.
CHC-Mill,932.0000,932,0000,SERVO TOOL–CAROUSEL AXIS IS DISABLED,The tool–changer carousel axis has been disabled.,서보 공구 캐로슬 축이 비활성화됨,공구 교환장치 캐로슬이 축이 비활성화되었습니다.
NGC,180.0000,180,0000,FIXTURE NOT CLAMPED,"-The workholding input monitor sensed an unclamped condition while the spindle was turning or when the spindle was commanded to turn on. The unclamp input is specified by setting 276.  -To proceed, clear the alarm, then verify the workholding mechanism is clamped properly. Verify that the correct input is specified in setting 276. ",고정장치가 클램핑되지 않음,"- 공작물 고정 입력 모니터에서 스핀들이 선삭하거나 주축을 켜라는 명령이 있었을 때 고정 해제 상태를 감지했습니다. 고정 해제 입력은 설정 276에 의해 지정됩니다. - 계속 진행하려면 경보를 해제한 다음, 공작물 고정 장치가 제대로 고정되었는지 확인하십시오. 설정 276에 입력이 올바르게 지정됐는지 확인하십시오."
CHC-Mill,746.0000,746,0000,SS–AXIS ZERO CHANNEL MISSING,An Encoder fault has been sensed. The ZReference signal from the encoder was not received as expected.  Cycle power on the machine.,SS축 영점 채널 누락,인코더 고장이 감지되었습니다. 인코더로부터 온 Z 참조 신호는 예상대로 수신되지 않았습니다. 기계의 전원을 껐다 켜 주십시오.
NGC,448.0000,448,0000,BAR FEEDER IS OUT OF BARS,"The End of Bar switch did not detect a bar. Add bar stock to the charging tray, and then restart the part program.",봉재 이송장치가 봉재 밖에 있음,"환봉 끝 스위치가 환봉을 감지하지 않았습니다. 봉재를 적재 트레이에 더하고, 공작물 프로그램을 재시작하십시오."
NGC,951.0000,951,0000,APC ILLEGAL SWITCH CONDITION PALLET CLAMP,"The pallet changer clamp switches indicate that the pallet changer is clamped and unclamped at the same time.  This can be caused by debris on the switches or faulty electrical switch connections and wiring. Check for debris on the switches. After correcting the cause, recover the pallet changer.  ",APC 위법 스위치 상태 팔레트 클램프,"팔레트 교환장치 클램프 스위치가 팔레트 교환장치가 동시에 클램핑과 클램핑 해제되고 있음을 나타냅니다. 이는 스위치의 찌꺼기 또는 전기 스위치 연결 및 배선 불량이 원인일 수 있습니다. 스위치에 찌꺼기가 있는지 확인하십시오. 원인을 결정하고, 팔레트 교환장치를 복구하십시오."
NGC,9142.0000,9142,0000,TABLETOP 24V DRIVER POWER SUPPLY FAULT,"TableTop hardware has a 24V Driver Power Supply Fault. This means that the voltage is not in the range (21.6 - 26.4),  ",테이블톱 드라이버 DC 전원 공급장치 고장,테이블 탑 하드웨어는 24V 드라이버 전원 공급장치 고장입니다. 이것은 전압이 (21.6~26.4) 범위에 있지 않다는 의미입니다.
NGC,9875.0000,9875,0000,ANALOG GP27 OVER LIMIT,General Purpose Analog input has exceeded the limit specified by the I/O Configuration file. ,아날로그 GP27 한계 초과,일반 목적 아날로그 입력이 I/O 구성 파일이 지정한 한계를 초과했습니다.
NGC,604.0000,604,0000,DIRECTION CHANGE IN ARC IN PQ BLOCK, -An X or Z axis direction change was found in an arc in a G71 or G72 canned cycle. Check all of the lines between the P and Q line numbers. ,PQ 블록의 활 모양 방향 변경, -X축 또는 Z축 방향 변경이 G71 또는 G72 고정 사이클의 활 모양으로 발견되었습니다. P 및 Q 라인 숫자 사이의 모든 라인을 검사하십시오.
CHC-Mill,1092.0000,1092,0000,PROBE OPEN,This alarm was generated by a macro command in a program.,프로브 개방(PROBE OPEN),이 경보는 프로그램의 매크로 명령에 의해 생성되었습니다.
CHC-Lathe,135.0000,135,0000,X-AXIS MOTOR OVERHEAT, Servo motor overheat. The temperature sensor in the motor indicates over 150F (65 C). This can be caused by an extended overload of the motor; such as leaving the slide at the stops for several minutes.,X축 모터 과열," 서보 모터 과열. 모터의 온도 센서가 65℃(150℉)를 초과하였음을 표시합니다. 이것은 예를 들어, 슬라이드를 몇 분 동안 정지 위치에 그대로 두는 것과 같은 모터의 늘어난 과부하가 원인일 수 있습니다."
NGC,2060.0000,2060,0000,GEAR SWITCH FAULT,The gearbox switch readings faulted during a gear change.,기어 스위치 고장,기어박스 스위치 읽기가 기어 변경 중 고장을 일으켰습니다.
NGC,546.0000,546,0000,SERIAL KEYBOARD COMMUNICATION FAULT,"Communication problem between RJH, SKBIF, and Main processor. If RJH is installed, make sure it is plugged in and functioning. Check the RJH cables. Verify the control cabinet has a good ground connection to the casting and the machine is properly earth grounded. Check grounding of all servo and spindle motors.  Press reset and continue.  Power cycle the machine if necessary.  If the alarm persists,  with the alarm on the screen insert a USB device and press [SHIFT] and the [F3] button to generate an error report.  The error report will be saved to the USB device, e-mail the error report file to your local Haas Factory Outlet for further review. ",시리얼 키보드 통신 고장,"RJH, SKBIF 및 메인 프로세스 사이에 통신 문제. RJH가 설치되면 플러그를 연결해서 기능하는지 확인하십시오. RJH 케이블을 확인하십시오. 제어 케비닛이 성형품에 잘 접지되어 있는지 그리고 기계가 적절히 접지되었는지 확인해주십시오. 모든 서보 및 스핀들 모터의 접지 작업을 확인하십시오. 리셋을 누르고 계속하십시오. 필요한 경우 기계의 전원을 껐다 켜십시오. 경보가 지속되면 화면의 경보가 있는 상태에서 USB 장치를 삽입하고 [SHIFT] 및 [F3] 버튼을 눌러 오류 보고서를 생성하십시오. 오류 보고서는 USB 장치에 저장됩니다. 추가 검토를 위해 오류 보고서 파일을 현지 Haas 직영 창고 매장으로 이메일로 보내십시오."
CHC-Mill,181.0000,181,0000,MACRO NOT COMPLETED - SPINDLE DISABLED,"Macro code operating Haas optional equipment (bar feeder, etc.) was not completed (EStop, Reset, Power Down, etc.). Check optional equipment and run recovery procedure.",매크로가 완료되지 않음-스핀들 비활성화됨,"Haas의 옵션 장비(봉재 이송장치 등)을 작동하는 매크로 코드가 완료되지 않았습니다(EStop, Reset, Power Down 등) 옵션 장비를 확인하고 복구 절차를 실행하십시오."
CHC-Lathe,394.0000,394,0000,B AXIS OVER TRAVEL RANGE,Tailstock (Baxis) will exceed stored stroke limits. This is in a negative direction and is machine zero in the positive direction. It only occurs during the operation of a user's program.,B축의 이동거리 범위,심압대(B축)가 저장된 스트로크 한계를 초과할 것입니다. 이 경우 음의 방향이고 기계 영점이 양의 방향입니다. 그런 경우는 사용자의 프로그램을 작동하는 동안에만 발생하게 됩니다.
NGC,516.0000,516,0000,ILLEGAL CONDITIONAL OR NO THEN,"A conditional expression was found outside of an IF-THEN, WHILE, or M99 block. Check macro formatting.  ",위법 조건문 또는 이면(THEN) 없음,"IF-THEN, WHILE 또는 M99 블록 외부에 조건 표현식이 발견되었습니다. 매크로 형식을 확인하십시오."
NGC,981.0000,981,0000,PALLET CHANGER INTERNAL ERROR,Internal Pallet Pool or Pallet Changer software error.  Look at the pallet schedule table and verify all pallet states and locations for correctness before continuing. ,팔레트 교환장치 내부 오류,내부 팔레트 풀 또는 팔레트 교환장치 소프트웨어 오류. 팔레트 일정표를 보고 모든 팔레트 상태와 게속하기 전에 올바른 위치에 있는지 확인하십시오.
CHC-Lathe,105.0000,105,0000,Z AXIS SERVO ERROR TOO LARGE,"The Z axis cannot move to the commanded position. This can be caused by chips on the tool or toolholder, too much tool pressure, dull tools, or a machine crash. Clean chips from the machine. Check your program for errors and correct speeds and feeds. Check for chips on tools and toolholders. Check for dull tools. Check for a machine crash.
",Z축 서보 오류 과도함,"Z축이 명령된 위치로 이동할 수 없습니다. 이는 공구 또는 공구 홀더의 칩, 지나치게 높은 공구 압력, 무뎌진 공구 또는 기계 충돌로 인해 발생할 수 있습니다. 기계에서 칩을 깨끗이 제거하십시오. 프로그램에 오류가 있는지 확인하고 속도와 이송을 수정하십시오. 공구 및 공구 홀더에 칩이 있는지 확인하십시오. 무뎌진 공구가 있는지 확인하십시오. 기계 충돌이 있는지 확인하십시오.
"
CHC-Mill,517.0000,517,0000,EXPRSN. NOT ALLOWED WITH N OR O,"Alphabetic addresses N and O are illegal variables. You cannot declare N#1, etc. See Operator manual macro section for valid variables.",표현식(EXPRSN). 허용되지 않는 N 또는 O,알파벳 주소인 N 및 O는 위법 변수입니다. N#1 등의 것은 선언할 수 없습니다. 유효한 변수는 운영자 매뉴얼 매크로 섹션을 참고하십시오.
CHC-Lathe,452.0000,452,0000,SERVO BAR MOTOR TIMEOUT,The motor which loads bars and the push rod did not complete its motion in the allowed time. – Check for jammed bar stock preventing the machine fingers from moving.,서보 환봉 모터 타임아웃,환봉을 적재하는 모터 및 푸시 로드는 주어진 시간에 동작을 완료하지 못했습니다. - 끼어 있는 봉재가 기계 핑거를 이동하는 것을 방해하는지 확인하십시오.
CHC-Mill,864.0000,864,0000,TOOL CHANGER INTERNAL ERROR,A software fault has occurred.,공구 교환장치 내부 오류,소프트웨어 고장이 발생했습니다.
CHC-Lathe,2003.0000,2003,0000,BARFEED EMERGENCY STOP SWITCH ERROR,The emergency stop circuit at the barfeeder has failed. The alarm must be checked by an authorized HAAS factory Service Technician.,봉재 이송 비상 정지 스위치 오류,바피더의 비상 정지 회로가 고장났습니다. 경보는 공인 HAAS 공장 고장 수리 기술자에 의해 확인되어야 합니다.
NGC,7.423,7,423,C-AXIS SECONDARY ENCODER POSITION MISMATCH,The Position reported by the secondary encoder does not match the position reported by the primary encoder. This alarm cannot be reset. Turn the machine off and back on.,C축 2차 인코더 위치 불일치,2차 인코더에 의해 보고된 위치는 1차 인코더에 의해 보고된 위치와 맞지 않습니다. 이 경보는 리셋할 수 없습니다. 기계를 끄고 다시 켜십시오.
NGC,536.0000,536,0000,COMMAND FOUND ON DPRNT LINE,"A G-code was included on a DPRNT block. Make two separate blocks, only DPRNT statement on block allowed. Check macro formatting.  ",DPRNT 라인에 명령이 발견됨,"G코드가 DPRNT 블록에 포함됩니다. 두 개의 개별 블록을 만들고, DPRNT 문만 블럭에서 허용됩니다. 매크로 형식을 확인하십시오."
NGC,428.0000,428,0000,BAR FEEDER SWITCH FAILURE,"The Load Bar switch in the bar feeder failed. DANGER: First press E-stop. Then remove any debris that might have collected on the switch. Check that the electrical wiring to the switch is secure and undamaged. After done checking and when hands are out of the bar feeder, reset the E-stop, and then press RECOVER and follow the instructions.",봉재 이송장치 스위치 고장,"봉재 이송장치에서 로드 환봉 스위치는 실패했습니다. 위험: 먼전 E-stop을 누르십시오. 그런 다음, 스위치에서 수집될 수 있는 모든 찌꺼기를 제거하십시오. 스위치에 연결된 전기 배선은 안전하고 손상되지 않았는지 확인하십시오. 확인 후 손이 봉재 이송장치에서 빠지면 비상 정지를 리셋한 다음 RECOVER를 누르고 지침을 따르십시오."
NGC,697.0000,697,0000,ATC MOTOR FAULT,"The ATC shuttle motor or double arm motor was on unexpectedly. Use Tool Changer Restore to recover the ATC, then resume normal operation.  ",ATC 모터 Z 고장,"ATC 셔틀 모터 또는 더블 암 모터가 갑자기 켜졌습니다. 공구 교환장치 복구를 사용하여 ATC를 복구하고, 일반 작동을 다시 시작하십시오."
CHC-Mill,995.0000,995,0000,AMPLIFIER ERROR TOO LARGE,The Amplifier has sensed too large a difference between the actual electrical current and the commanded electrical current. – A preceding alarm will indicate which amplifier has had the fault.,증폭기 오류가 너무 큼,증폭기가 실제 전류와 명령된 전류 사이에 너무 큰 차이가 있음을 감지했습니다. – 선행 축 경보는 어떤 증폭기에 오류가 있었는지를 나타냅니다.
CHC-Mill,942.0000,942,0000,CAROUSEL POSITION TIMEOUT,"The tool–carousel failed to move when commanded.  Check for chips and swarf blocking movement. Press RESET to clear all alarms. Continue normal operation. If the error continues, contact your local Haas Factory Outlet.",캐로슬 위치 타임아웃,공구 캐로슬이 명령했을 때 움직이지 못했습니다. 칩과 파편 차단 움직임이 있었는지 확인하십시오. 경보를 소거하려면 RESET을 누르십시오. 일반 작동을 계속하십시오. 오류가 지속되면 지역의 Haas 직영 창고 매장에 연락하십시오.
NGC,9172.0000,9172,0000,AUTO DOOR COLLISION,Auto Door detected a collision while closing. Check for any obstructions in the path of the door. Check for chip build up on the door roller rails. Check that the door drive wheels are not stuck or are losing contact with the top of the door. Check the wiring for short circuits.,자동 도어 충돌,자동 도어가 닫히는 중에 충돌을 감지하였습니다. 도어 경로에 어떠한 장애물이 있는지 확인하십시오. 도어 롤러 레일에 칩이 쌓였는지 확인하십시오. 도어 구동 휠이 고착된 것은 아닌지 도어 상단과 접촉이 떨어져 있지는 않은지 확인하십시오. 배선에 단락이 있는지 점검합니다.
NGC,9845.0000,9845,0000,CONFIGURATION CONFLICT,Jumper setting does not match configuration table. ,구성 충돌,점퍼 설정이 구성 테이블과 일치하지 않습니다.
NGC,9953.0000,9953,0000,INVALID G107 POSITION,The use of G107 to map the depth axis of a canned cycle to a rotary axis is not supported. Remove Z-axis positions from G107 program blocks. ,잘못된 G107 위치,회전축에 고정 사이클의 깊이 축을 매핑하려고 G107을 사용하는 것은 지원하지 않습니다. G107 프로그램 블록에서 Z축 위치를 제거하십시오.
CHC-Lathe,115.0000,115,0000,TURRET ROTATE FAULT,"Tool motor not in position. During a tool changer operation the tool turret failed to start moving or failed to stop at the right position. Parameters 62 and 63 can adjust the timeout times. This alarm can be caused by anything that jams the rotation of the turret. A loss of power to the tool changer can also cause this, so check CB5, relays 18, 23, and 24.",터렛 회전 고장,"공구 모터가 제 위치에 없음 공구 교환장치가 장동하는 중에 공구 터렛이 작동을 시작하지 못하였거나 정확한 위치에 정지하지 않았습니다. 파라미터 62 및 63은 시간 초과 시간을 조정할 수 있습니다. 이 경보는 터렛 회전을 방해한 것으로 인해 발생할 수 있습니다. 공구 교환장치의 전원 손실로 인한 문제일 수도 있으므로 CB5, 릴레이 18, 23 및 24를 확인하십시오."
CHC-Lathe,276.0000,276,0000,C AXIS DRIVE FAULT,Current in C servo motor beyond limit. Possibly caused by a stalled or overloaded motor. The servos are turned off. This can be caused by running the axis into a mechanical stop. It can also be caused by a short in the motor or a short of one of the motor leads to ground.,C축 드라이브 고장,C 서보 모터의 전류가 한계를 넘었습니다. 모터 정지 또는 과부하가 원인일 수 있습니다. 서보가 꺼져 있습니다. 축을 작동하여 기계적 정지를 만든 게 원인일 수 있습니다. 모터의 단락 또는 접지된 모터 리드 중 하나의 단락도 원인이 될 수 있습니다.
NGC,9011.0000,9011,0000,WIFI MODULE ERROR,"The WIFI module has experienced an error.

Troubleshooting:

Remove USB stick if inserted.
Cycle power.
If the issue persists. Disable WIFI and contact service.",WIFI 모듈 오류,"WIFI 모듈에 오류가 발생했습니다. 고장 조치:

USB 스틱이 삽입된 경우 이를 제거하십시오. 전원을 껐다 켜십시오. 문제가 지속되는 경우 다음 조치를 취하십시오. WIFI를 비활성화하고 서비스 팀에 문의하십시오."
CHC-Mill,151.0000,151,0000,LOW PRESSURE THRU-SPINDLE COOLANT,Press to play video related to this content. The Through Spindle Coolant pump did not come up to pressure. Troubleshooting: Visually check coolant level The minimum suggested tank level is 60% for the pump to operate correctly Check for clogged filters or strainers Check for kinked or clogged coolant lines Check that the AC input power to the machine is the correct phase,관통 스핀들 절삭유 압력 낮음,이 콘텐츠와 관련하여 영상 재생 버튼을 누르십시오. TSC 펌프는 압력을 가하지 않았습니다. 고장 조치: 절삭유 레벨을 눈으로 확인합니다. 최소 권장 탱크 레벨이 60%가 되어야 펌프가 올바르게 작동합니다. 필터 또는 스트레이너가 막혔는지 확인합니다. 절삭유 라인이 꼬이거나 막혔는지 확인합니다. 기계에 대한 AC 입력 전원이 올바른 위상인지 확인합니다.
NGC,961.0000,961,0000,FLOPPY OFFSET NOT FOUND,This alarm is generated because FNC has lost the offset placemark it needs to correctly advance the program. Try to reload the program.,플로피 오프셋 발견되지 않음,이 알람이 생성되는 원인은 FNC가 프로그램에 올바르게 접근하는 데 필요한 오프셋 위치 표시를 누락했기 때문입니다. 프로그램을 다시 로드해보십시오. 
CHC-Mill,419.0000,419,0000,INVALID FUNCTION FOR DNC,A code found on input of a DNC program could not be interpreted.,DNC용 잘못된 기능,DNC 프로그램의 입력에서 발견된 코드 해석될 수 없었습니다.
CHC-Lathe,198.0000,198,0000,SPINDLE STALLED,"Control senses that no spindle fault has occurred; the spindle is at speed, yet the spindle is not turning. Possibly the belt between the spindle drive motor and spindle has slipped or is broken.",스핀들 멈춤,제어장치는 스핀들 고장이 발생하지 않았음을 감지합니다. 그러나 스핀들이 속도를 내고 있지만 회전하지 않습니다. 스핀들 구동 모터와 스핀들 사이의 벨트가 미끄러지거나 끊어졌을 수 있습니다.
CHC-Mill,161.0000,161,0000,X AXIS DRIVE FAULT,The X axis cannot move to the commanded position.,X축 드라이브 고장,X축이 명령된 위치로 이동할 수 없습니다.
CHC-Lathe,188.0000,188,0000,B AXIS SERVO OVERLOAD,Excessive load on servotailstock. This can occur if the load on the motor is over 100% for a period of several seconds or even minutes. This can be caused by running into the mechanical stops.,B축 서보 과부하,초과된 부하가 서보심압대에 있음. 이것은 모터의 부하가 몇 초 또는 몇 분 동안 100%를 초과하는 경우 발생할 수 있습니다. 기계적 정지가 원인일 수 있습니다.
NGC,9855.0000,9855,0000,ANALOG GP7 OVER LIMIT,General Purpose Analog input has exceeded the limit specified by the I/O Configuration file. ,아날로그 GP7 한계 초과,일반 목적 아날로그 입력이 I/O 구성 파일이 지정한 한계를 초과했습니다.
CHC-Lathe,560.0000,560,0000,Y–AXIS BEYOND TRAVEL FOR X–AXIS COMMAND,"The commanded X–position forced the Y–axis to exceed its travel limit. This can be caused by pressing E–STOP and RESET, leaving the Y–axis out of its ZERO position. – Change the part program to command the Y–axis position to zero prior to commanding the X–axis toward zero, or G28. Pres the RESET button.",Y축 X축 명령에 대한 이동을 초과,"명령으로 설정된 X 위치는 강제로 Y축의 이동거리 제한을 초과하도록 하였습니다. 이는 E-STOP 및 RESET이 원인일 수 있으며, Y-축을 그 영점(ZERO) 위치를 벗어나게 합니다. - X축을 0 또는 G28을 향하도록 명령하기에 앞서서 Y축 위치를 0으로 명령하도록 공작물 프로그램을 변경하십시오. RESET(리셋) 버튼을 누르십시오"
NGC,9156.115,9156,115,"SRVO-115 Limit Error (Motion Group Number, Axis Number)",The linear path passes outside of the axis limit. Re-Teach program points or use a Joint position to record the axis in a position that is in the middle of its travel limits. ,"SRVO-115 제한 오류(모션 그룹 번호, 축 번호)",선형 경로가 축 한계를 벗어납니다. 프로그램 포인트를 다시 학습시키거나 조인트 위치를 사용하여 이동거리 제한의 중간에 있는 위치에 축을 기록합니다.
CHC-Mill,658.0000,658,0000,U–AXIS PHASING ERROR,An error occurred during the phasing initialization of the brushless motor. This error cannot be reset. – Cycle power to clear alarm.,U축 페이징 오류,브러시리스 모터의 페이징 초기화 동안에 오류가 발생하였습니다. 이 오류는 리셋될 수 없습니다. - 전원을 껐다 켜서 경보를 삭제하십시오.
NGC,2080.0000,2080,0000,OPERATION NOT ALLOWED WHEN TAB OR TSC IS ACTIVE,ERROR 29,탭 또는 TSC가 활성화될 때 작동 불능,오류 29
CHC-Mill,756.0000,756,0000,SS–AXIS DRIVE FAULT,"General Alarm: A fault was reported by the SS–axis servo drive. The servos have been turned off. There will be a secondary alarm which will display more specific information, with repair details. – Investigate any secondary alarms.",SS축 드라이브 고장,일반 경보: SS축 서보 드라이브에 의해 오류가 보고되었습니다. 서보가 꺼져 있었습니다. 수리 세부 사항과 더불어 더 구체적인 정보를 표시하는 2차 경보가 있을 것입니다. - 모든 2차 경보를 조사하십시오.
CHC-Lathe,462.0000,462,0000,U–AXIS OVER TRAVEL RANGE,The U–axis was commanded to move farther than travel limits allow. – Reset the machine. Check your program for errors. Check for improper Work Offsets.,U축의 이동거리 범위,U축에 대해 이동거리 제한이 허용하는 것보다 더 멀리 이동하라는 명령이 내려졌습니다. - 기계를 리셋합니다. 프로그램에 오류가 있는지 확인하십시오. 부적절한 워크 오프셋을 확인하십시오.
CHC-Lathe,2023.0000,2023,0000,TURRET FAILURE TO LEAVE UNCLAMP SWITCH,The tool–turret attempted to retract but failed to leave the unclamp switch. – Check for any obstructions.,터렛이 클램프 스위치를 벗어나는 데 실패,공구 터렛이 후퇴하려고 하였으나 클램프 스위치를 벗어나는데 실패하였습니다. - 장애물이 있는지 확인하십시오.
CHC-Mill,409.0000,409,0000,FILE INVALID N CODE,"Positive number must exist after the N character in parameter and setting files, and the block data cannot be longer than 5 digits.",파일 잘못된 N코드,"양수의 번호는 파라미터 및 설정 파일에서 N 글자 이후에 있어야 하며, 블록 데이터는 숫자 5자리를 초과해서는 안 됩니다. "
NGC,9001.0000,9001,0000,C AXIS INTERNAL STATE ERROR,"An error has been detected with your C-Axis. The control is unable to determine if your C-Axis is disengaged correctly or not.  To prevent any further damage to your mechanisms, you will not be able to use your main spindle until your C-Axis is repaired.  This error may be caused by a damaged solenoid or broken wiring. It can also occur even if you are not currently commanding your C-Axis to engage.  Contact a service technician to get it diagnosed and determine what repairs will be necessary. ",C축 내부 상태 오류,C축에서 오류가 감지되었습니다. 제어를 통해 C축이 정확하게 또는 부정확하게 분리되었는지 결정할 수 없습니다. C축이 수리될 때까지 더 이상의 기계 손상을 방지하기 위해 메인 스핀들은 사용할 수 없습니다. 이 오류는 손상된 솔레노이드 또는 끊어진 배선이 원인일 수 있습니다. 또한 C축에 개입하도록 명령을 내리지 않았는데도 이러한 일이 발생합니다. 서비스 기술자에게 연락하여 진단을 받고 어떤 수리가 필요한지를 결정하십시오.
CHC-Lathe,213.0000,213,0000,PROGRAM RAM CRC ERROR,"Electronics fault; possibly with main processor.  This alarm can also be generated if a program is corrupted in memory. (This includes any hidden macro programs.)

To recover from a corrupted program all programs IN MEMORY MUST BE DELETED.

Turn OFF Setting 23, Go to LIST PROG, Highlight ALL and Press ERASE PROG button.  Press Y.  Cycle the Power.",프로그램 RAM CRC 오류,"전자장비 고장의 경우 주로 메인 프로세서에서 발생할 가능성이 있습니다. 이 경보는 프로그램이 메모리에서 손상되었을 경우에도 생성될 수 있습니다. (여기에는 모든 숨겨진 매크로 프로그램이 포함됨.)

손상된 프로그램을 복구하려면 모든 프로그램을 IN MEMORY MUST BE DELETED - 메모리에서 삭제해야 합니다. 설정 23을 OFF 상태로 두고, LIST PROG로 이동하고, ALL을 강조 표시하고, ERASE PROG 버튼을 누르십시오. Y를 누르십시오. 전원을 껐다 켜 주십시오."
NGC,9965.0000,9965,0000,SECONDARY SPINDLE CHUCK UNCLAMPED, The secondary spindle chuck was unclamped when the system expected it to be clamped. Press the chuck foot pedal or command M110 in your program to continue operation. ,보조 스핀들 척 클램핑되지 않음, 보조 스핀들 척이 시스템이 클램핑되어야 할 때 클램핑되지 않았습니다. 척 풋 페달을 누르거나 프로그램의 M110을 명령해서 작동을 계속하십시오.
CHC-Mill,207.0000,207,0000,QUEUE ADVANCE ERROR,Cycle power on the machine.,큐 접근 오류,기계의 전원을 껐다 켜 주십시오.
NGC,9818.0000,9818,0000,SIO - DC MOTOR TOOL CHANGER OVERLOAD,The serial I/O PCB on board processor detected an overload condition on one of the DC tool changer motors when a tool changer was commanded.  Check the tool changer for excessive chips that may be binding the operation of the motors.  Check the DC motor brushes for excessive wear. ,SIO - DC 모터 공구 교환장치 과부하,공구 교환장치가 명령을 받을 때 시리얼 I/O 온보드 프로세서가 DC 공구 교환장치 모터 중 하나에서 과부하 상태를 감지했습니다. 공구 교환장치에 모터 작동에 결속될 수 있는 과도한 칩이 있는지 확인하십시오. DC 모터 브러시가 과도하게 마모되었는지 확인하십시오.
NGC,387.0000,387,0000,CUTTER COMP NOT ALLOWED WITH G103,  G41 or G42 commands are not allowed while G103 limits block look-ahead. Cutter compensation must be able to look ahead in the program to calculate the compensated positions. Edit the program to put a G103 or G103 P0 command before G41 or G42. This cancels the block look-ahead limitation before cutter compensation becomes active.   ,컷터 보정이 G103으로 허용되지 않음,  G103이 블록 선독을 제한하는 동안에는 G41 또는 G42 명령이 허용되지 않습니다. 컷터 보정은 프로그램에서 앞을 내다보며 보정된 위치를 계산할 수 있어야 합니다. 프로그램을 편집하여 G103 또는 G103 P0 명령을 G41 또는 G42 앞에 놓습니다. 이러면 컷터 보정이 활성화되기 전에 블록 선독 제한이 취소됩니다.
CHC-Mill,185.0000,185,0000,A–AXIS CABLE FAULT,The Aaxis encoder cable does not have valid signals.,A축 케이블 고장,A축 인코더 케이블 신호가 유효하지 않습니다.
NGC,7.9948,7,9948,C-AXIS SECONDARY ENCODER INTERNAL DATA ERROR,"The secondary (scales) encoder has reported an internal error or that it's internal position data is incorrect.

Reset or cycle power on the machine.
",C축 2차 인코더 내부 데이터 오류,"2차 (스케일) 인코더가 내부 오류를 보고했거나 인코더의 내부 위치 데이터가 올바르지 않다고 보고했습니다. 기계를 리셋하거나 전원을 껐다 켜주십시오.
"
NGC,3.103,3,103,Z-AXIS SERVO ERROR TOO LARGE,The axis cannot move to the commanded position and the error grew too large.  Clean chips from the machine.  Check your program for errors and correct speeds and feeds.  Check for chips on tools and tool-holders.  Check for dull tools.  Check for a machine crash.,,
CHC-Lathe,172.0000,172,0000,DOOR IS OPEN AND SPINDLE IS TURNING, The chuck is not allowed to unclamp while the door is open and the spindle is on.,도어가 열려 있고 스핀들이 회전 중입니다, 도어가 열려 있고 스핀들이 켜져 있는 동안에는 척의 클램핑을 해제할 수 없습니다.
CHC-Mill,799.0000,799,0000,UNKNOWN MOCON2 ERROR,Check for loose MOCON cable connections. See MOCON software service notes for additional diagnostics.,알려지지 않은 MOCON2 오류,느슨한 MOCON 케이블 연결을 확인하십시오. 추가 진단을 위햐여 MOCON 소프트웨어의 출시 정보를 알아보십시오.
NGC,556.0000,556,0000,AIR PRESSURE LOW DURING GEAR CHANGE,The air pressure was low during a gear change.  The gear change could not be completed.  – Press RESET to clear alarms. Check incoming air pressure and flow.. Press the POWER UP RESTART key to start a gearbox recovery sequence. ,기어 변경 중 낮은 공기압,기어 변경 중 공기압이 낮습니다. 기어 변경이 완료되지 않을 수 있습니다. - 경보를 삭제하려면 RESET을 누르십시오. 유입 공기 압력 및 흐름을 확인합니다. 전원 업 재시동(POWER UP RESTART) 키를 눌러 기어박스 복구 시퀀스를 시작하십시오.
NGC,2082.0000,2082,0000,RESIDUAL PRESSURE DETECTED PRIOR TO AXIS LUBRICATION CYCLE,Grease pressure detected before turning on solenoid. This indicates there is residual pressure left over from the last lube cycle. ,잔여 압력이 축 윤활 주기 이전에 감지,그리스 압력이 솔레노이드를 키기 전에 감지되었습니다. 이것은 마지막 윤활 주기에서 남은 잔여 압력이 있음을 나타냅니다.
CHC-Mill,354.0000,354,0000,AUX AXIS DISCONNECTED, Aux axis not responding. Check auxiliary axes and RS232 connections.,보조 축 연결 끊김, 보조 축이 반응하지 않습니다. 보조 축과 RS232를 확인하십시오.
NGC,127.0000,127,0000,NO TURRET MARK,The tool–changer carousel is not in the correct position. This can occur when the machine is powered off during a tool–change operation. Press the POWER UP / RESTART button to correct this problem. Make sure the tool–changer pocket facing the spindle is empty. Press the Tool–Changer RECOVER button and follow on-screen instruction. ,터렛 표시 없음,공구 교환장치 캐로슬이 정확한 위치에 있지 않습니다. 이것은 기계가 공구 교환장치 작동 중에 전원이 꺼질 경우 발생합니다. POWER UP/RESTART(전원 켜기/재시작) 버튼을 눌러 이 문제를 바로 잡으십시오. 스핀들을 향한 공구 교환장치 포켓이 비어 있는지 확인하십시오. 공구 교환장치 RECOVER 버튼을 누르고 화면의 지침을 따르십시오.
CHC-Lathe,138.0000,138,0000,A (Tool Turret) AXIS MOTOR OVERHEAT,The A (Tool Turret) Axis motor has overheated. Allow the motor to cool. Service on the Tool Changer may be required.,A(공구 터렛) 축 모터가 과열되었습니다.,A(공구 터렛) 축 모터가 과열되었습니다. 모터가 냉각되도록 하십시오. 공구 교환장치 수리가 필요할 지도 모릅니다.
CHC-Lathe,357.0000,357,0000,AUX AXIS DISABLED, Aux axes are disabled.,보조 축이 비활성화 됨, 보조 축이 비활성화되었습니다.
NGC,7.9959,7,9959,C (5TH AXIS) SERIAL ENCODER DISCONNECT,"The specified axis cable is either disconnected or it does not have valid data. Check the encoder cable. If after pressing [RESET], a 103 Axis Servo Error Too Large alarm is generated, cycle the power on the machine. Otherwise, rehome the machine and continue.",C(5번째 축)시리얼 인코더 연결 끊김,지정된 축 케이블이 분리되었거나 유효한 데이터를 가지고 있지 않습니다. 인코더 케이블을 확인하십시오. [RESET] 버튼을 누른 후에 ‘103 축 서보 오류가 너무 큼’ 경보가 생성되면 기계 전원을 껐다 켜십시오. 그맇지 않으면 기계를 원점으로 하고 계속 진행하십시오.
CHC-Lathe,623.0000,623,0000,INVALID CODE IN G112,Only G0 to G3 and G17 are used in G112. G113 cancels G112. No incremental axes are used in G112. G18 cancels G17. G41 and G42 tool nose compensations are permitted.,G112에 잘못된 코드,G0~G3 및 G17만 G112에서 사용됩니다. G113은 G112을 취소합니다. 증가되는 축들은 G112에서 사용되지 않습니다. G18은 G17을 취소합니다. G41 및 G42 공구 노우즈 보정이 허용됩니다.
NGC,612.0000,612,0000,G71 G72 TYPE II ALARM," -This alarm is similar to Alarm 611, but indicates that the control has selected Type II roughing. ",G71/G72 유형 II 경보," -이 경보는 알람 611과 유사하지만, 제어가 유형 II 황삭을 선택한 것을 표시합니다."
CHC-Lathe,391.0000,391,0000,FEATURE DISABLED,An attempt was made to use a software feature not enabled by a parameter bit. If the option was purchased and the parameter bit is 0 enter the unlock code for the option if available. Code is enclosed in the user manual list of option printout.,기능 비활성화,파라미터 비트에 의해 활성화되지 않은 소프트웨어 기능을 사용하려는 시도가 있었습니다. 옵션을 구매한 경우 파라미터 비트(bit)가 0인 경우 가능할 경우 선택 사항으로 해제 코드를 입력하십시오. 코드는 옵션 인쇄물의 사용자 매뉴얼에 동봉되어 있습니다.
NGC,9802.0000,9802,0000,SIO MCU COMMUNICATION LOSS,"NGC Internal I/O PCB error.  Update to the latest software.  If the alarm persists,  with the alarm on the screen insert a USB device and press [SHIFT] and the [F3] button to generate an error report.  The error report will be saved to the USB device, e-mail the error report file to your local Haas Factory Outlet for further review. ",SIO MCU 통신 두절,NGC 내부 I/O PCB 오류. 최신 소프트웨어로 업데이트하십시오. 경보가 지속되면 화면의 경보가 있는 상태에서 USB 장치를 삽입하고 [SHIFT] 및 [F3] 버튼을 눌러 오류 보고서를 생성하십시오. 오류 보고서는 USB 장치에 저장됩니다. 추가 검토를 위해 오류 보고서 파일을 귀하의 현지 Haas 직영 창고 매장으로 이메일로 보내십시오.
CHC-Mill,410.0000,410,0000,FILE INVALID V CODE,"Positive or negative number must exist after the 'V' character in the parameter and setting files, and the block data cannot exceed 10 digits.",파일 잘못된 V 코드,"양수 또는 음수의 번호는 파라미터 및 설정 파일에서 V 글자 이후에 있어야 하며, 블록 데이터는 숫자 10자리를 초과해서는 안 됩니다. "
NGC,20015.0000,20015,0000,SIMULATED IO EVENT,This is an informational message only. No parts need to be replaced.,,
CHC-Lathe,858.0000,858,0000,ATC CAROUSEL MOTOR ELECTRICAL FAULT,"No motor current was measured after the ATC carousel was commanded ON. Try RESET key first to clear alarms. If necessary, cycle power on the machine.
",ATC 캐로슬 모터 전기 고장,"ATC 캐로슬의 명령이 켬(ON)으로 된 후에 모터 전류가 측정되지 않았습니다. 먼저 RESET 키로 경보를 삭제하십시오. 필요한 경우 기계의 전원을 껐다 켜십시오.
"
CHC-Mill,257.0000,257,0000,PROG DATA ERROR,"Possible corrupt program. Save all programs to disk, delete all, and then reload. If the error persists, programs may have to be searched for error on PC, corrected then reloaded.",프로그램 데이터 오류,"손상된 프로그램일 가능성이 있음. 모든 프로그램을 디스크에 저장하고, 모두 삭제하고, 그 다음에 다시 로딩하십시오. 오류가 지속되면 프로그램이 PC상에서 검색해야 하고, 수정되어야 하면 그 다음에 다시 로드해야 합니다."
NGC,9107.0000,9107,0000,CHECK YOUR HOME SWITCH,"The axis failed to finish the zero return process due to a home switch detection failure. The axis traveled too far while waiting for the home switch input state to change. This can either happen when looking for the home switch or attempting to come off of it. Check the home switch trip flag to make sure it is not obstructed or misaligned. If the switch is an electromagnetic proximity sensor, check for chips on the switch as well. ",원점 스위치 점검,원점 스위치 감지 고장으로 인해 축이 영점 복귀 절차를 마치지 못했습니다. 원점 스위치 입력 상태가 변경될 때까지 기다리는 동안 축 이동거리가 너무 멀어졌습니다. 이것은 원점 스위치를 찾거나 빠져나오기 위해 시도할 때 발생할 수 있습니다. 원점 스위치 동작 플래그를 점검하여 막혀 있거나 잘못 정렬되어 있지 않은지 확인하십시오. 스위치가 전자기 근접도 센서인 경우 스위치에 칩이 있는지도 점검하십시오.
NGC,484.0000,484,0000,CONFLICTING AXES,"An Incremental and Absolute command cannot be used in the same block of code.  For example, X and U cannot be used in the same block.  ",충돌하는 축,증가 명령과 절대 명령은 동일한 코드 블록에서 사용할 수 없습니다. 예시: X 및 Y는 동일 블록에서 사용할 수 없습니다.
NGC,9141.0000,9141,0000,NO G268 WITH CURRENT MODAL COMMANDS,"G258 cannot be activated while scaling (G51), rotation (G68), mirroring (G101), or custom plane (G268) is on. Disable these before activating G268. ",현재 모달 명령을 가진 G268이 없음,"확대 축소(G51), 회전(G68), 미러링(G101) 또는 사용자 지정 평면(G268)이 켜져 있는 동안에는 G258을 활성화할 수 없습니다. G268를 활성화하기 전에 이들을 비활성화 하십시오."
NGC,628.0000,628,0000,ATC ARM POSITIONING ERROR,An Automatic Tool Changer arm positioning fault has occurred. Press the RECOVER button to enter into Tool Changer Recovery mode. Recover the tool changer. ,ARC 암 위치 설정 오류,자동 공구 교환장치 암 위치설정 오류가 발생했습니다. RECOVER 버튼을 눌러 공구교환장치 복구 모드를 시작하십시오. 공구 교환장치를 복구시키십시오.
CHC-Mill,426.0000,426,0000,A–AXIS SECONDARY ENCODER POSITION MISMATCH,The Position reported by the secondary encoder does not match the position reported by the primary encoder. This alarm cannot be reset. – Turn the machine off and back on.,A축 2차 인코더 위치 불일치,2차 인코더에 의해 보고된 위치는 1차 인코더에 의해 보고된 위치와 맞지 않습니다. 이 경보는 리셋할 수 없습니다. -기계를 끄고 다시 켜십시오.
NGC,9859.0000,9859,0000,ANALOG GP11 OVER LIMIT,General Purpose Analog input has exceeded the limit specified by the I/O Configuration file. ,아날로그 GP11 한계 초과,일반 목적 아날로그 입력이 I/O 구성 파일이 지정한 한계를 초과했습니다.
NGC,506.0000,506,0000,MACRO STATEMENT SYNTAX ERROR,A syntax error was found. Check your macro program. Address variables without a number can also cause this alarm.  ,매크로 설명 구문 에러,구문 오류가 발견되었습니다. 매크로 프로그램을 확인하십시오. 숫자 없는 변수를 해결하는 것도 이런 경보의 원인이 됩니다.
NGC,4004.0000,4004,0000,AXIS MOTION OCCURRED WHILE THE ROTARY BRAKE WAS ENGAGED,There was pressure in the rotary brake system when the axis was in motion.  Damage to the brake components will occur if allowed to rotate under pressure. ,축 동작이 회전 브레이크가 개입할 때 발생함,축이 동작 중일 때 회전 브레이크 시스템에 압력이 있습니다. 브레이크 구성품에 대한 손상이 압력 하에 회전이 허용될 경우 발생하게 됩니다.
CHC-Lathe,996.0000,996,0000,TAIL STOCK MUST BE ZERO RETURNED, The hydraulic tail stock has been adjusted to a new position. The Baxis must be zero returned before the tailstock is used. Ensure that the correct lock bolt is tightened before pressing the zero return key. Adjust settings 93 and 94 for the new tailstock position.,심압대가 영점 복귀되었음, 유압 심압대가 새로운 위치로 조정되었습니다. B축은 심압대가 사용되기 전에 영점 복귀가 이루어져야 합니다. 영점 복귀 키를 누르기 전에 올바를 체결 볼트가 단단히 조여졌는지 확인하십시오. 새로운 심압대 포지션에 설정 93 및 94를 조정하십시오.
NGC,371.0000,371,0000,"INVALID I, J, K OR Q","  The program contains a G150 block with an invalid I, J, K, or Q-code value or an invalid I, J, K, or Q-code format. This alarm has multiple possible causes. Look for errors like these in your program:  The I, J, and Q-code cannot be zero. Incorrect: G150 P10 Z-0.5 Q0.25 R0.1 J0 K0.01 F10. ; Correct: G150 P10 Z-0.5 Q0.25 R0.1 J0.3 K0.01 F10. ;   The I, J, and Q-code cannot be have negative values. Incorrect: G150 P10 Z-0.5 Q0.25 R0.1 J-0.3 K-0.01 F10. ; Correct: G150 P10 Z-0.5 Q0.25 R0.1 J0.3 K0.01 F10. ;   A G150 block cannot contain both I and J values. Incorrect: G150 P10 Z-0.5 Q0.25 R0.1 I.05 J-.03 K0.01 F10. ; Correct: G150 P10 Z-0.5 Q0.25 R0.1 J0.3 K0.01 F10. ;      ","잘못된 I, J, K 또는 Q","  프로그램에 잘못된 I, J, K 또는 Q코드 값이나 잘못된 I, J, K 또는 Q코드 형식이 있는 G150 블록이 있습니다. 경보는 여러 개의 가능한 원인이 있습니다. 프로그램에서 이와 같은 오류를 찾으십시오. I, J 및 Q코드는 0이 될 수 없습니다. 부정확: G150 P10 Z-0.5 Q0.25 R0.1 J0 K0.01 F10. ; 정확한: G150 P10 Z-0.5 Q0.25 R0.1 J0.3 K0.01 F10. ;  I, J 및 Q코드는 음수 값을 가질 수 없습니다. 부정확: G150 P10 Z-0.5 Q0.25 R0.1 J-0.3 K-0.01 F10. ; 정확한: G150 P10 Z-0.5 Q0.25 R0.1 J0.3 K0.01 F10. ; G150 블록은 I 및 J 값을 모두 포함할 수 없습니다. 부정확: G150 P10 Z-0.5 Q0.25 R0.1 I.05 J-.03 K0.01 F10. ; 정확한: G150 P10 Z-0.5 Q0.25 R0.1 J0.3 K0.01 F10. ;"
NGC,9705.0000,9705,0000,CAN NODE INVALID COMMAND FOR MOTOR 2,This is most likely an error in software implementation or CAN communication issue.  Take Shift-F3 and contact service.,CAN 노드 모터 2를 위한 잘못된 명령,이것의 대부분의 경우 소프트웨어 구현상의 오류이거나 CAN 통신 문제입니다. Shift-F3를 눌러 서비스 팀에 문의하십시오.
CHC-Mill,200.0000,200,0000,HIGH VOLTAGE POWER SUPPLY OVER–TEMPERATURE,The Vector Drive or 320V power supply's temperature is above its limit. This can be caused by an high loads for extended periods of time. It can also be caused by improper cooling. – Check your program for proper speeds and feeds. Make sure the cabinet door is closed for most efficient cooling and that the airflow to the vector drive is unobstructed. Clear all alarms.,고압 전원 공급장치 과열,벡터 드라이브 또는 320V 전원 공급장치의 온도가 그 한계를 초과했습니다. 이것은 연장된 시간 동안 고부하가 걸린 것이 원인일 수 있습니다. 또한 부적절한 냉각이 원인일 수 있습니다. - 프로그램이 적절한 속도와 이송을 위한 것인지 확인하십시오. 캐비닛 도어가 최고 효율의 냉각을 위해 닫혔는지 벡터 드라이브 쪽의 공기 흐름이 방해받지 않도록 확인하십시오. 모든 경보를 삭제하십시오.
CHC-Mill,298.0000,298,0000,ATC DOUBLE–ARM OUT OF POSITION,"The ATC double–arm mark switch, or the CW/CCW position switch, is out of position. – Use Tool–Changer RESTORE to recover the ATC.",ATC 더블 암 자리 이탈,ATC 더블 암 표시 스위치 또는 시계방향/반시계방향 위치 스위치가 자리에서 벗어나 있습니다. - 공구 교환장치 복구를 사용하여 ATC를 복구하십시오.
NGC,1101.0000,1101,0000,PROBE STARTUP FAILURE OR OTS STARTUP FAILURE,"During probe start-up, the spindle must reach a speed of 500 RPM.  Check that the spindle speed override is not active. Possible faulty probe.",프로브 시작 장애 또는 OTS 시작 장애,프로브 시작 중에 스핀들은 500 RPM의 속도에 도달해야 합니다. 스핀들 회전수 오버라이드가 활성화되어 있지 않은지 확인하십시오. 프로브에 결함이 있을 수 있습니다.
CHC-Lathe,454.0000,454,0000,C AXIS NOT ENGAGED, A command was given to the Caxis without the Caxis engaged. The Caxis drive must be engaged with M154 before commanding the Caxis.,C축이 개입되지 않음, C축이 개입되지 않은 채로 C축에게 명령이 내려졌습니다. C축 드라이브가 C축에 명령을 내리기 전에 M154와 개입되어야 합니다.
NGC,402.0000,402,0000,POSSIBLE CORRUPTED FILE,"Parameters being loaded do not match expected parameters. This can be due to loading an older or newer parameter file than the system binary, or a corrupt file.  ",가능한 손상된 파일(POSSIBLE CORRUPTED FILE),로드된 파라미터는 예상된 파라미터와 일치하지 않습니다. 시스템 바이너리보다 오래된 파라미터 파일이나 손상된 파일이 로드되었기 때문일 수 있습니다.
CHC-Mill,241.0000,241,0000,INVALID CODE,Load was bad. Data was stored as comment. Check the program received. The erroneous data will be placed on the MESSAGES page as a comment with trailing question mark. Invalid code will be visible in program as a comment with a trailing question mark.,잘못된 코드,로딩이 안좋습니다. 데이터가 의견대로 저장되었습니다. 수신된 프로그램을 확인하십시오. 잘못된 데이터는 후행 물음표가 있는 주석으로서 메시지 페이지에 위치합니다. 잘못된 코드가 후행 물음표가 있는 주석으로 보입니다.
NGC,985.0000,985,0000,DC BUS OVER CHARGE,DC Bus over voltage during charge up. The DC bus monitor detected an improper charge-up. The DC bus voltage was too high during the 2-second charge up sequence. This can be caused by the incoming AC voltage being too high or an improperly tapped main transformer. Check the incoming line voltage and verify the main transformer taps are setup properly. Cycle power to continue.  ,DC 버스 과충전,"DC 버스가 충전 중에 과전압 되었습니다. DC 모니터가 부적절한 충전을 감지했습니다. DC 버스 전압이 2초 충전 시퀀스 동안에 너무 높습니다. 높은 인입선 전압 또는 주 변압기가 잘못 태핑된 경우 이 문제가 발생할 수 있습니다. 인입선 전압을 확인하고, 주 변압기 탭이 적절히 설치되었는지 점검하십시오. 전원을 껐다 켰다하여 계속하십시오."
CHC-Mill,417.0000,417,0000,FRAMING ERROR,"Data received was garbled and proper framing bits were not found. One or more characters of the data will be lost. Check parity settings, number of data bits and speed.",프레이밍 오류,"수신된 데이터가 왜곡되었고 적절한 프레임 비트가 발견되지 않았습니다. 데이터에 하나 이상의 글자가 누락되었습니다. 패리티 설정, 데이터 비트 및 속도를 확인하십시오."
NGC,619.0000,619,0000,STROKE EXCEEDS START POSITION,No stroke in part geometry can be larger than the diameter of the start position. Change start position. ,스트로크가 시작 위치를 초과,공작물 형상에 어떠한 스트로크도 시작점의 직경보다 크지 않습니다. 시작 위치를 변경하십시오.
CHC-Mill,232.0000,232,0000,SPINDLE TRANSITION FAULT,An Encoder problem has been sensed. The encoder position data may be unreliable. Cycle power on the machine.,스핀들 전환 고장,인코더 문제가 감지되었습니다. 인코더 위치 데이터가 신뢰성이 없는 것일 수도 있습니다. 기계의 전원을 껐다 켰다 해주십시오.
NGC,120.0000,120,0000,LOW AIR PRESSURE OR FLOW,The compressed air supplied to the machine is below the minimum pressure or flow required. Check the volume and flow capacity of your air source. You may have enough pressure but not enough flow to complete a tool change or other air driven function. ,공기 압력 또는 흐름 낮음,기계에 공급된 압축된 공기 압력과 유동이 최소 요구치 보다 낮습니다. 공기 공급원의 체적 및 유동 용량을 확인하십시오. 사용자는 충분한 압력을 가지고 있을 수 있으나 공구 교환 또는 기타 공기 추진 기능을 완수하기에는 충분한 유동을 갖지 못할 수도 있습니다.
NGC,994.0000,994,0000,AMPLIFIER OVERLOAD,The Amplifier has sensed a high load for an extended period of time. This can be caused by running the amplifier at high loads for an excessive amount of time.  – A preceding alarm will indicate which axis has overloaded. Check that your program has the correct speeds and feeds for the material and the cutting tool. Make sure the correct tool for the application is being used. Check for dull or broken tools. ,증폭기 과부하,증폭기가 연장된 시간 동안 높은 부하를 감지하였습니다. 이것은 과도한 시간 동안 높은 부하에서의 증폭기 작동이 원인일 수 있습니다. – 선행 경보가 축에 과부하가 걸렸음을 표시합니다. 재료 및 절삭 공구에 대한 사용자 프로그램의 정확한 속도 및 이송을 갖고 있는지 확인하십시오. 응용 장치에 대한 정확한 공구가 사용되고 있는지 확인하십시오. 무뎌졌거나 부서진 공구를 확인하십시오.
NGC,547.0000,547,0000,UNSUPPORTED MOTOR TYPE,"The current MAINCON is not configured for the axis motors. This alarm indicates a value of 5 was entered into the ""Encoder type"" axis parameter. Type 5 indicates a Mitsubishi motor. The MAINCON firmware must be upgraded to support this motor.",지원되지 않는 모터 유형,현재 MAINCON는 축 모터를 위해 구성되지 않았습니다. 이 경보는 “Encode 유형” 축 파라미터로 들어간 5를 나타냅니다. 유형 5는 Mitsubishi 모터를 나타냅니다. MAINCON 펌웨어는 업그레이드되어 모터를 지원해야 합니다.
NGC,847.0000,847,0000,REMOTE JOG HANDLE LOW VOLTAGE," This alarm occurs when a low voltage fault condition is detected on the remote jog handle when the utility light is ON. In this case, the utility light has been turned OFF by the hardware to prevent the remote jog handle from resetting. The most likely cause of this fault condition is high resistance in the coil cord connecting the jog handle to the control. Replace the coil cord. Until the cord is replaced do not use the utility light. Another cause could be the low volt power supply in the control cabine. Verify that the power supply voltage is above 11V.",원격 조그 핸들 저 전압, 이 경보는 유틸리티 등이 켜져 있을 때 저 전압 고장 상태가 원격 조그 핸들에서 감지된 경우 발생합니다. 이런 경우 하드웨어가 원격 조그 핸들이 리셋되는 것을 방지하기 위해 유틸리티 등을 끈 것입니다. 이 고장 상태의 가장 가능성 높은 원인은 조그 핸들과 제어를 연결하는 코일 코드에 저항이 높은 것일 수 있습니다. 코일 코드를 교체하십시오. 코드를 교체할 때까지 유틸리티 등을 사용하지 마십시오. 또 다른 원인으로는 제어 캐비닛의 저전압 전원 공급장치일 수 있습니다. 전원 공급장치 전압이 11V보다 높은지 확인하십시오.
NGC,9157.0000,9157,0000,ROBOT SOFTWARE UPDATE FAILED,Robot Update was unsuccessful. You must update robot software again before you can use the robot. See the Robot Software Update procedure for more information.,로봇 업데이트가 필요함,로봇 업데이트가 필요함:  로봇 업데이트에 성공했습니다. 이전 로봇 파일을 업데이트 또는 복구하여 계속하십시오.
NGC,694.0000,694,0000,TOOL-CHANGER SWITCH FAULT,"A conflicting switch state has been sensed. Use Tool–Changer RESTORE to recover the ATC, then resume normal operation.    ",공구 교환장치 스위치 고장,"충돌하는 스위치 상태가 감지되었습니다. 공구 교환장치 복구를 사용하여 ATC를 복구하고, 일반 작동을 다시 시작하십시오."
NGC,9809.0000,9809,0000,TOOL CHANGER BUS SHORT CIRCUIT,"The IOPCB experienced an internal short circuit.    Replace the 4 tool changer relays.    If the problem persists, then replace the IOPCB. ",공구 교환장치 버스 단락,IOPCB가 내부 단락을 경험했습니다. 4개의 공구 교환장치 릴레이를 교체하십시오. 문제가 지속되면 IOPCB를 교체하십시오.
CHC-Mill,993.0000,993,0000,SHORT CIRCUIT,A short–circuit has been sensed. – A preceding alarm will indicate the axis which has a short circuit.,단락,단락이 감지되었습니다. - 선행 경보가 단락이 있는 축을 표시합니다.
CHC-Mill,532.0000,532,0000,UNKNOWN CODE IN POCKET PATTERN,Macro syntax is not allowed in a pocket pattern subroutine. Check macro formatting.,포켓 패턴에 알려지지 않은 코드,매크로 구문은 포켓 패턴 서브루틴에 허용되지 않습니다. 매크로 형식을 확인하십시오.
CHC-Lathe,2021.0000,2021,0000,TOOL–TURRET LOW PRESSURE FAULT,"The tool–turret failed to unclamp because of low pressure. For most Haas lathes, turret unclamping actions are activated by air pressure, while on large lathes, hydraulic pressure activates the unclamping actions. – Check incoming air pressure and flow.",공구 터렛 저압 고장,공구 터렛이 저압으로 인해 해제되지 못했습니다. 대부분의 Haas 선반의 경우 클램핑 해제나 공기압에 의해 활성화되는 반면 큰 선반에서는 유압이 클램핑 해제 동작을 활성화합니다. – 유입 공기 압력 및 흐름을 확인합니다.
CHC-Lathe,348.0000,348,0000,ILLEGAL SPIRAL MOTION,"Linear axis path is too long. For helical motions, the linear path must not be more than the length of the circular component.",비합당한 니선형 동작,선형 축 경로가 지나치게 깁니다. 나선형 동작의 경우 선형 경로는 원형 구성요소의 길이보다 커서는 안 됩니다.
NGC,380.0000,380,0000,"X, Y, A, G49 OR G143 NOT ALLOWED IN G37",G37 may only specify Z-axis and must have tool offset defined. Program the correct tool length compensation when using G37.  ,"X, Y, A, G49 또는 G143은 G37에서 허용되지 않음",G37은 단지 Z축만 지정할 지 모르며 정의된 툴 오프셋을 가져야 합니다. G37을 사용할 때 정확한 공구 길이 보정을 프로그래밍하십시오.
CHC-Mill,401.0000,401,0000,INVALID TANGENT IN GROUP 1 CORNER ROUNDING OR CHAMFERING,The point or angle calculated has yielded invalid results in automatic chamfering or corner rounding. This can be for one of the following: 1.) Tangent of angle was too close to zero. 2.) Cosine of angle was invalid. 3.) Hypotenuse of calculated right triangle was shorter than side. 4.) Calculated point did not line on arc or line. Check your program for geometry error and recalculate your coordinates.,그룹 1 코너 라운딩 또는 모따기의 잘못된 탄젠트,자동 모따기 또는 코너 라운딩에서 계산된 각도 지점이 잘못된 결과입니다. 이는 다음 중 하나일 수 있습니다. 1.) 각도의 탄젠트가 0에 지나치게 가깝습니다. 2.) 각도의 코사인이 잘못되었습니다. 3.) 계산된 직각 삼각형의 빗변이 변보다는 짧습니다. 4.) 계산된 점이 호 또는 라인에 없습니다. 프로그램에 형상 오류가 없는지 확인하고 좌표를 다시 계산하십시오.
NGC,9956.0000,9956,0000,ATM H AND T CODE NOT MATCHED,"A G43 H-code did not match the active tool group. Advanced Tool Management (ATM) requires that the H-code match the active ATM tool group number.
This alarm occurs only if Setting 15, H and T Code Agreement, is turned ON.
To correct this alarm:
Edit the H-codes in the program to match the tool group number.
Edit the T-codes in the program to select the correct tool group.
If the program requires mismatched H and T codes, turn Setting 15 OFF.",ATM H 및 T 코드가 맞지 않음,"G43 H 코드가 활성화된 공구 그룹에 맞지 않았습니다. 고급 공구 관리(ATM)에 H 코드가 활성화된 ATM 공구 그룹 번호가 매치되어야 합니다. 설정 15(H 및 T 코드 협약)이 켜있는 경우에만 경보가 발생합니다. 경보를 수정하는 방법:
프로그램의 H 코드를 편집하여 공구 그룹 숫자를 일치시킵니다. 프로그램의 T 코드를 편집하여 올바른 공구 그룹을 선택합니다. 프로그램에서 맞지 않는 H 및 T 코드를 요구한다면 설정 15를 끄십시오."
NGC,603.0000,603,0000,Z DIRECTION CHANGE IN PQ BLOCKS,"-A Z axis direction change was found in a G71 or G72 canned cycle.  Z direction change is only allowed in a G72 type II canned cycle, and is never allowed in a G71 cycle. Check all of the lines between the P and Q line numbers. Select type II by putting an X and Z move in the P line.  -As an example of how to check your geometry: Remove (or block delete) the G71 line, and run the blocks in question in SINGLE BLOCK mode in graphics. If you see the Z-axis change direction from one block to the next, that block is causing this error.   -Even if the coordinates in the program do not cause a change in direction, certain features like Cutter Compensation (G41/42) can cause changes in Z direction. If you believe this is your issue, move the G41/42/40 commands outside of the P/Q geometry in the program(I.e. enable Cutter Compensation before the G71/G72 and turn it off after the N number corresponding to the Q end of geometry).  ",PQ 블록의 Z 방향 변경,"-Z축 방향 변경이 G71 또는 G72 고정 사이클에서 발견되었습니다. Z 방향 변경은 G72 유형 II 고정 사이클에서만 허용되며, G71 주기에서는 허용되지 않습니다. P 및 Q 라인 숫자 사이의 모든 라인을 검사하십시오. P라인에 X 및 Z 이동을 넣어 유형 II를 선택합니다. -형상을 확인하는 방법의 사례로서 G71 라인을 제거하고(또는 블록 삭제), 그래픽의 싱글 블록(SINGLE BLOCK) 모드의 의문에 있는 블록을 실행합니다. Z축의 방향이 한 블록에서 다음 블록으로 변경되는 것이 확인되는 경우 해당 블록으로 인해 오류가 발생한 것입니다. -프로그램의 좌표가 방향 변경을 일으키지 않더라도 컷터 보정(G41/42)과 같은 일부 기능은 Z 방향 변화를 일으킬 수 있습니다. 이것이 문제라고 생각되면 프로그램의 P/Q 형상 외부로 G41/42/40 명령을 이동합니다(즉, G71/G72 전에 컷터 보정을 활성화하고 형상의 Q 끝에 해당하는 N 번호 뒤에 꺼짐)."
CHC-Mill,395.0000,395,0000,NO G107 ROTARY AXIS SPECIFIED,"For axis substitution, a rotary axis must be specified in order to perform cylindrical mapping to function. Check your program for G107 formatting and program the linear axis that is going to be mapped.",G107 회전축이 지정되지 않음,축 대체의 경우 원통형 매핑을 기능에 수행하려면 로터리 축을 지정해야 합니다. 프로그램에 G107 형식이 있는지와 매핑된 선형 축의 프로그램을 확인하십시오.
NGC,102.0000,102,0000,SERVOS TURNED OFF,"The servo motors are off. This can be caused by Emergency Stop, an alarm, or Power-On. Follow instructions from associated alarms and clear the condition which is causing the servo to shut off. RESET button to turn on servos",서보 꺼짐,"서보 모터가 꺼진 상태입니다. 이것은 비상 정지, 경보, 전워 켬이 원인일 수 있습니다. 관련 경보의 지침을 따르고 서보를 정지하게 만드는 상태를 제거하십시오. RESET 버튼으로 서보 켜기"
NGC,2073.0000,2073,0000,AXIS LUBRICATION PRESSURE NOT DETECTED,Axis lubrication pressure was not detected. This might be a switch problem. Check the lubricant reservoir. ,축 윤활 압력이 감지 불능,축 윤활 압력이 감지되지 않았습니다. 이 원인은 스위치 문제일 수 있습니다. 윤활유 탱크를 확인하십시오.
NGC,9974.0000,9974,0000,PARTS CATCHER WILL COLLIDE WITH PROBE ARM,Probe Arm is already extended. Retract Probe Arm before extending Parts Catcher to avoid collision. ,공작물 회수장치가 프로브 암과 충돌함,프로브 암이 이미 펼쳐서 연장되었습니다. 프로브 암을 공작물 회수 장치가 펼쳐지기 전에 후퇴시켜 충돌을 피하십시오.
CHC-Mill,248.0000,248,0000,NUMBER RANGE ERROR,"A WHILE-DO-END statement used an invalid number for the DO-END loop. Macros allow flexibility with the WHILE-DO-END construct. For example:
WHILE [<conditional expression>] DOn ;
<statements>;
ENDn;
This executes the statements between DOn and ENDn as long as the conditional expression evaluates to True. If the expression evaluates to False, then the control next executes the block after ENDn.
Look for errors like these in your program:
The n value that you use with DOn and ENDn can be only 1, 2, or 3.
The n value that you use with DOn and ENDn must be the same for both DOn and ENDn.",번호 범위 오류,"WHILE-DO-END 구성문에서 DO-END 루프에 대해 잘못된 번호를 적용했습니다. 매크로는 WHILE-DO-END 구성문을 통해 유연성을 제공합니다. 예시:
WHILE [<conditional expression>] DOn ;
<statements>;ENDn; 이것은 조건식이 True로 평가되는 한 DOn과 ENDn 사이의 문장들을 실행합니다. 표현식이 False로 평가될 경우 그 다음에 제어는 ENDn 이후의 블록을 다음으로 실행합니다. 프로그램에서 이와 같은 오류를 찾으십시오. DOn 및 ENDn과 함께 사용하는 n 값은 단지 1, 2 또는 3일 수 있습니다. DOn 및 ENDn과 함께 사용하는 n값은 DOn 및 ENDn 모두에 대해 동일해야 합니다."
NGC,9843.0000,9843,0000,SIO - UNDER VOLTAGE,"The serial I/O PCB on board processor detected an overvoltage condition,  check the 115VAC supply to the I/O PCB.   ",SIO - 전압 부족,기판 프로세서의 시리얼 I/O PCB에서 과전압 상태를 감지했습니다. I/O PCB 측 115VAC 공급을 점검하십시오.
CHC-Mill,514.0000,514,0000,ILLEGAL MACRO ADDRESS REFERENCE,"Alphabetic addresses N and O are illegal variables. You cannot declare N#1, etc. See Operator manual macro section for valid variables.",위법 매크로 주소 참조,알파벳 주소인 N 및 O는 위법 변수입니다. N#1 등의 것은 선언할 수 없습니다. 유효한 변수는 운영자 매뉴얼 섹션을 참고하십시오.
CHC-Lathe,736.0000,736,0000,SS–AXIS MOTOR Z FAULT,An Encoder fault has been sensed. The ZReference signal from the encoder was not received as expected.  Cycle power on the machine.,SS축 모터 Z 고장,인코더 고장이 감지되었습니다. 인코더로부터 온 Z 참조 신호는 예상대로 수신되지 않았습니다. 기계의 전원을 껐다 켰다 해주십시오.
NGC,822.0000,822,0000,INVALID AUTO DOOR COMMAND,"The Auto Door was given conflicting commands. This occurs when it is commanded to open while in the process of closing, or commanded to close while in the process of opening. – Press RESET to clear alarms. Do Not press the Auto Door button while the door is moving.",잘못된 자동 도어 명령,자동 도어에 충돌하는 명령이 주어졌습니다. 이것은 닫힘 중에 열림 명령을 받거나 열림 중에 닫힘 명령을 받았을 때 발생합니다. - 경보를 삭제하려면 RESET을 누르십시오. 결코 자동 도어 버튼을 도어가 이동 중에 누르지 마십시오.
CHC-Mill,620.0000,620,0000,C–AXIS DISABLED,There was an attempt to move an axis that is not installed in the machine. Check your program for commands to move a nonexistent axis.  Check your program.,C축 비활성화됨,기계에 설치되지 않은 축을 이동시키려는 시도가 있었습니다. 존재하지 않는 축을 이동시키는 명령이 프로그램에 있는지 확인하십시오. 프로그램을 확인하십시오.
CHC-Lathe,131.0000,131,0000,TOOL NOT CLAMPED,The maximum time for clamping a tool has been exceeded during a tool change.,클램핑 안된 공구,공구 교환 중 공구를 클램핑할 수 있는 최대 시간이 초과되었습니다.
CHC-Lathe,122.0000,122,0000,REGEN OVERHEAT,"The regenerative load temperature is above a safe limit. This alarm will turn off the servos, spindle drive, coolant pump, and tool changer. One common cause of this overheat condition is an input line voltage too high. If this condition persists, an automatic shutdown will begin after the interval specified by Parameter 297. It can also be caused by a high start/stop duty cycle of spindle.",회생 과열,"회생 로딩 온도가 안전 한계 이상입니다. 이 경보로 인해 서보, 스핀들 드라이브, 절삭유 펌프 및 공구 교환장치가 꺼집니다. 이 과열 상태의 일반적인 원인 중 하나는 입력 라인 전압이 너무 높은 경우입니다. 이 상태가 지속되면 파라미터 297에 지정된 간격 후에 자동 종료가 시작됩니다. 또한 스핀들의 높은 시작/중지 듀티 사이클이 원인일 수 있습니다."
NGC,328.0000,328,0000,TOOL NUMBER OUT OF RANGE,  The program called a tool number outside of the allowed range. Make sure that the tool call in the program is correct. The valid tool number range varies by tool changer type:   Machines equipped with Umbrella Tool Changers:   The allowed tool number range is from 1 to the number of pockets in the carousel.   Machines equipped with Side-Mount Tool Changers:   The allowed tool number range is from 1 to 200.     ,범위에서 벗어난 도구 번호,  프로그램이 허용 범위 밖의 공구 번호를 호출했습니다. 프로그램에서 공구 호출이 정확한지 확인하십시오. 유효한 공구 번호 범위는 공구 교환장치 유형에 따라 다양합니다. 우산 공구 교환장치를 장착한 기계:   허용된 공구 번호 번위는 1에서 캐로슬의 포켓 숫자까지 입니다. 측면 장착 공구 교환장치를 장착한 기계:   허용 공구 번호 범위는 1에서 200까지 입니다.
NGC,9868.0000,9868,0000,ANALOG GP20 OVER LIMIT,General Purpose Analog input has exceeded the limit specified by the I/O Configuration file. ,아날로그 GP20 한계 초과,일반 목적 아날로그 입력이 I/O 구성 파일이 지정한 한계를 초과했습니다.
CHC-Mill,126.0000,126,0000,GEARBOX FAULT,"The gearbox switches indicate that the gearbox was not correctly in gear. 
 – Check incoming air to the machine and make sure that it is set to Haas specifications. Press the POWER UP RESTART key to start a gearbox recovery sequence.",기어박스 고장,"기어박스 스위치는 기어박스가 기어 안에 정확히 있지 않은 것을 표시합니다. - 기계에 유입되는 공기를 확인하고, Haas 규격에 맞게 설정되었는지 확인하십시오. 전원 업 재시동(POWER UP RESTART) 키를 눌러 기어박스 복구 시퀀스를 시작하십시오."
NGC,791.0000,791,0000,COMMUNICATION FAILURE WITH MOCON2,A communication failure between the MOCON2 and the main processor has been sensed. – Cycle power to clear all alarms and reset the machine.,MOCON2의 통신 장애 ,MOCON2과 메인 프로세서 사이에 통신 장애가 감지되었습니다. - 기계를 껐다 켰다 하여 모든 경보를 삭제하고 기계를 리셋하십시오.
CHC-Lathe,745.0000,745,0000,TT (Live Tooling) AXIS Z CHANNEL MISSING,An encoder signal integrity error was sensed. The encoder position data may be unreliable. Reset the alarms and zero return the axis. Reset the alarms and zero return the axis.,TT(라이브 툴링) 축 Z 채널 누락,인코더 신호 무결성 오류가 감지되었습니다. 인코더 위치 데이터가 신뢰성이 없는 것일 수도 있습니다. 경보를 리셋하고 축을 영점 복귀시키십시오. 경보를 리셋하고 축을 영점 복귀시키십시오.
NGC,700.0000,700,0000,TOOL CAROUSEL AXIS NOT STOPPED,The internal software detected unexpected movement of the tool carousel.,공구 캐로슬 축이 정지하지 않음,내부 소프트웨어가 공구 캐로슬의 예상치 않은 이동을 감지했습니다.
CHC-Mill,435.0000,435,0000,DISK ABORT,"Could not read disk. Possible corrupted or unformatted disk, pressing reset during transmission. Try a known good disk or a new disk formatted FAT file system. Also caused by dirty drive heads. Use an appropriate cleaning kit.",디스크 중단,"디스크를 읽을 수 없습니다. 디스크가 손상되었거나 포맷되지 않았고, 전송 중에 리셋을 눌렀을 가능성이 있습니다. 확인된 좋은 디스크 또는 FAT 파일 시스템으로 포맷된 새 디스크로 시도해보십시오. 또한 오염된 드라이브 헤드가 원인일 수 있습니다. 적절한 청소 키트로 사용해서 청소하십시오."
NGC,337.0000,337,0000,GOTO OR P LINE NOT FOUND,"  The control could not find the line number defined by an M99 P-code or GOTO statement.   An M99 with a P-code jumps to the line number that the P-code specifies. For example, M99 P20 jumps to N20.   Alarm 337 occurs when the line number that the M99 P-code specifies is not in the program.The line number that you want to jump to must match the P-code commanded with M99.   A GOTO statement jumps to the line number specified in the statement. For example, GOTO20 jumps to N20.   Alarm 337 occurs when the line number that the GOTO statement specifies is not in the program.The line number that you want to jump to must match the number in the GOTO statement.     ",GOTO 또는 P라인 발견 안됨(GOTO OR P LINE NOT FOUND),"  제어가 M99 P코드 또는 GOTO 문에 의해 정의된 라인 번호를 발견할 수 없습니다. P코드를 가진 M99가 P코드가 지정한 라인 번호로 점프합니다. 예를 들어, M99 P20이 N20으로 점프합니다. 경보 337 M99 P코드가 지정하는 라인 번호가 프로그램에 없을 때 발생합니다. 점프하려는 라인 번호는 M99로 명령된 P코드와 일치해야 합니다. GOTO문은 명령문은 명령문에 지정된 행 번호로 점프합니다. 예를 들어, GOTO20이 N20으로 점프합니다. GOTO 문이 지정하는 줄 번호가 프로그램에 없을 때 경보 337이 발생합니다. 점프하려는 라인 번호는 GOTO 문에 있는 번호와 일치해야 합니다."
NGC,9861.0000,9861,0000,ANALOG GP13 OVER LIMIT, General Purpose Analog input has exceeded the limit specified by the I/O Configuration file. ,아날로그 GP13 한계 초과, 일반 목적 아날로그 입력이 I/O 구성 파일이 지정한 한계를 초과했습니다.
CHC-Mill,135.0000,135,0000,X–AXIS MOTOR OVERHEAT,The X–axis motor has overheated. – Allow the motor to cool. Reduce the load on the motor.,X축 모터 과열,X축 모터가 과열되었습니다. -모터가 냉각되도록 하십시오. 모터의 부하를 줄이십시오.
CHC-Lathe,235.0000,235,0000,SPINDLE Z FAULT,Encoder marker pulse count failure. This alarm usually indicates that the encoder mounted on the spindle has been damaged and encoder position data is unreliable. Loose encoder connectors at P1P4 can also cause this.,스핀들 Z 고장,인코더 마커 펄스 카운트 오류. 이 경보는 일반적으로 스핀들에 장착된 인코더가 손상되었고 인코더 위치 데이터가 신뢰할 수 없음을 의미합니다. 또한 P1P4의 느슨한 인코더 커넥터가 이것의 원인일 수 있습니다.
CHC-Mill,239.0000,239,0000,UNKNOWN MOCON1 ALARM,Mocon has reported an alarm to the current software. The current version of software was unable to identify the alarm. Check for loose MOCON cable connections. See MOCON software release notes for additional diagnostics.,알려지지 않은 MOCON1 경보,Mocon이 현재의 소프트웨어에 대한 경보를 보고했습니다. 소프트웨어의 현재 버전으로는 경보를 식별할 수 없었습니다. 느슨한 MOCON 케이블 연결을 확인하십시오. 추가 진단을 위하여 MOCON 소프트웨어의 출시 정보를 알아보십시오.
CHC-Mill,492.0000,492,0000,HARD DRIVE FILE I O FAILED,An error occurred while trying to access a file from the hard drive. Make sure the file has not been removed. Try to delete and reload the file into the hard drive.,하드 드라이브 파일 I/O 실패,하드 드라이브에서 파일에 액세스를 시도하는 중에 오류가 발생했습니다. 파일이 제거되지 않았는지 확인하십시오. 파일을 하드 드라이브에서 삭제하거나 다시 로딩하십시오.
NGC,312.0000,312,0000,NO M99 IN A SUB PROGRAM,A Sub program was called and the program ended without returning to the main program using M99.  ,서브 프로그램에서 M99가 없음,서브 프로그램이 호출되었고 프로그램은 M99를 사용하는 메인 프로그램에 돌아가지 않고 종료됩니다.
NGC,9852.0000,9852,0000,ANALOG GP4 OVER LIMIT,General Purpose Analog input has exceeded the limit specified by the I/O Configuration file. ,아날로그 GP4 한계 초과,일반 목적 아날로그 입력이 I/O 구성 파일이 지정한 한계를 초과했습니다.
NGC,813.0000,813,0000,PROBE NOT CALIBRATED,"The probe must be calibrated using the described Tool Probe Calibration procedure, (Auto Tool Setting Probe Operation Guide).",프로브 보정 안됨,공구 프로브 보정 절차(자동 공구 설정 프로브 작동 가이드)를 사용하여 프로를 보정해야 합니다.
CHC-Mill,611.0000,611,0000,W AXIS SERVO ERROR TOO LARGE,"The W axis cannot move to the commanded position. This can be caused by chips on the tool or toolholder, too much tool pressure, dull tools, or a machine crash. Clean chips from the machine. Check your program for errors and correct speeds and feeds. Check for chips on tools and toolholders. Check for dull tools. Check for a machine crash.",W축 서보 오류가 너무 큼,"W축이 명령된 위치로 이동할 수 없습니다. 이는 공구 또는 공구 홀더의 칩, 지나치게 높은 공구 압력, 무뎌진 공구 또는 기계 충돌로 인해 발생할 수 있습니다. 기계에서 칩을 깨끗이 제거하십시오. 프로그램에 오류가 있는지 확인하고 속도와 이송을 수정하십시오. 공구 및 공구 홀더에 칩이 있는지 확인하십시오. 무뎌진 공구가 있는지 확인하십시오. 기계 충돌이 있는지 확인하십시오."
CHC-Lathe,147.0000,147,0000,Z LIMIT SWITCH," Axis hit limit switch or switch disconnected. Home switch input changed state while machine was in use. Stored stroke limits should stop the slides before they hit the limit switches. Verify the value of Parameter 127, Grid Offset, and check the wiring to the limit switch. Can also be caused by a loose encoder shaft at the back of the motor or coupling of motor to the screw. Z limit switch may need replacement.",Z 리미트 스위치(Z LIMIT SWITCH)," 축 도달 리미트 스위치 또는 스위치 연결이 끊겼습니다. 기계 사용 중에 원점 스위치 입력이 상태를 변경하였습니다. 저장된 스트로크 제한은 리미트 스위치에 도달하기 전에 슬라이드를 중지해야 합니다. 파라미터 127, 그리드 오프셋 값을 확인하고 리미트 스위치에 연결된 배선을 확인합니다. 모터 뒤쪽의 인코더 샤프트가 느슨하거나 나사에 커플링된 모터도 원인일 수 있습니다. Z 리미트 스위치의 교체가 필요할 지 모릅니다."
NGC,224.0000,224,0000,AXIS TRANSITION FAULT,"An Encoder problem has been sensed. The encoder position data may be unreliable.  Check for loose or damaged motor cables. Check for a loose encoder cable connection on the motor, or encoder input on the Mocon PCB.  Press reset and continue.  If the alarm persists,  with the alarm on the screen insert a USB device and press [SHIFT] and the [F3] button to generate an error report.  The error report will be saved to the USB device, e-mail the error report file to your local Haas Factory Outlet for further review. ",A축 전환 고장,인코더 문제가 감지되었습니다. 인코더 위치 데이터가 신뢰성이 없는 것일 수도 있습니다. 느슨하거나 손상된 모터 케이블이 있는지 확인하십시오. 모터에 느슨한 인코더 케이블 연결이 있거나 Mocon PCB에 인코더 입력이 있는지 확인하십시오. 리셋을 누르고 계속하십시오. 경보가 지속되면 화면의 경보가 있는 상태에서 USB 장치를 삽입하고 [SHIFT] 및 [F3] 버튼을 눌러 오류 보고서를 생성하십시오. 오류 보고서는 USB 장치에 저장됩니다. 추가 검토를 위해 오류 보고서 파일을 현지 Haas 직영 창고 매장으로 이메일로 보내십시오.
NGC,9877.0000,9877,0000,ANALOG GP29 OVER LIMIT,General Purpose Analog input has exceeded the limit specified by the I/O Configuration file. ,아날로그 GP29 한계 초과,일반 목적 아날로그 입력이 I/O 구성 파일이 지정한 한계를 초과했습니다.
NGC,9940.0000,9940,0000,AXIS THERMAL SENSOR FAULT,"Axis temperature sensor fault detected. The input from the sensor is outside the minimum or maximum limits, or the apparent temperature is fluctuating rapidly.
This is commonly caused by a failed sensor.  Or noise in the sensor signal.  If the signal is outside the range, then check the sensor and cabling.  If it's fluctuating, then check for the presence of ferrite beads on ALL axis power cables.  It can also be caused by an invalid I/O configuration.",축 열 센서 고장,"축 온도 센서 고장이 감지되었습니다. 센서로부터의 입력이 최소 또는 최대 한계를 벗어나거나 겉보기 온도가 빠르게 변동하고 있습니다. 이것은 일반적으로 고장난 센서가 원인이거나, 또는 센서 신호의 노이즈가 원인입니다. 신호가 범위가 밖으로 벗어나면 센서와 케이블을 확인하십시오. 만일 신호가 변동할 경우 모든 축의 전원 케이블에 페라이트 비드가 있는지 확인합니다. 또한 잘못된 I/O 구성이 원인일 수 있습니다."
CHC-Mill,499.0000,499,0000,DATA VALUE IN PROGRAM OUT OF RANGE,An address code value in the program exceeds the maximum for the data storage type. An integer value was expected. Examine your program and change the value of the address code as necessary.,프로그램이 데이터 값이 범위를 벗어남,프로그램의 주소 코드 값이 데이터 저장 유형의 최대 크기를 초과하였습니다. 정수값이어야 합니다. 프로그램을 검사하고 필요하면 주소 코드의 값을 변경하십시오.
CHC-Lathe,156.0000,156,0000,A (Tool Turret) AXIS Z CHANNEL MISSING,An encoder signal integrity error was sensed. The encoder position data may be unreliable.,A(공구 터렛) 축 Z 채널 누락,인코더 신호 무결성 오류가 감지되었습니다. 인코더 위치 데이터가 신뢰성이 없는 것일 수도 있습니다.
CHC-Mill,823.0000,823,0000,SERVO AUTO DOOR STOPPED,The Servo Auto Door did not open or close as commanded. This is usually caused by an obstruction preventing complete door motion. Check for objects blocking door motion. Check for chip build–up on the door guide rails. Remove chips that may be preventing the door from working correctly.,서보 자동 도어 멈춤,서보 자동 도어가 완전히 열리거나 닫히지 않았습니다. 이것은 보통 장애물이 도어의 움직임을 방해하는 것이 원인입니다. 도어 동작을 막는 대상을 확인하십시오. 도어 가이드 레일에 칩이 쌓였는지 확인하십시오. 도어가 제대로 작동하지 못하게 할 수 있는 칩을 제거하십시오.
NGC,9949.0000,9949,0000,SOFTWARE DETECTED SECONDARY ENCODER FAULT,Cycle power on the machine. ,소프트웨어 2차 인코더 고장 감지함,기계의 전원을 껐다 켰다 해주십시오.
NGC,9834.0000,9834,0000,IOPCB 12V SUPPLY FAULT,"The 12V supply on the IOPCB is outside of its limits of 10 to 14V. If the alarm persists, with the alarm on the screen insert a USB device and press [SHIFT] and the [F3] button to generate an error report. The error report will be saved to the USB device, e-mail the error report file to your local Haas Factory Outlet for further review. ",IOPCB 12V 공급 고장,IOPCB 상의 12V 공급은 10~14V 한계를 벗어난 것입니다. 경보가 지속되면 화면의 경보가 있는 상태에서 USB 장치를 삽입하고 [SHIFT] 및 [F3] 버튼을 눌러 오류 보고서를 생성하십시오. 오류 보고서는 USB 장치에 저장됩니다. 추가 검토를 위해 오류 보고서 파일을 귀하의 현지 Haas 직영 창고 매장으로 이메일로 보내십시오.
CHC-Mill,654.0000,654,0000,W-AXIS ZERO RETURN MARGIN IS TOO SMALL,The home switch is too close to the motor encoder reference mark.,W축 영점 복귀 마진이 너무 적음,원점 스위치가 모터 인코더 참조 표시에 너무 가깝습니다.
CHC-Mill,338.0000,338,0000,INVALID IJK AND XYZ IN G02 OR G03,"Intersection points in G02 and G03 start and end must have an accuracy of 0.0010 inches (0.010 mm.). Check your geometry check plane selection G17, G18 or G19.",잘못된 IJK 및 G02 또는 G03의 XYZ,"G02 및 G03 시작 및 끝의 교차점은 0.010mm(0.0010인치)의 정확도를 가져야 합니다. 형상 검사 평면 선택 G17, G18 또는 G19를 확인하십시오."
NGC,856.0000,856,0000,ATC SHUTTLE DRIVE TRAIN FAILURE,"During a tool–change, the ATC shuttle did not get to the commanded position. Use the recovery function to reset the tool changer to it's home position. ",ATC 셔틀 구동 트레인 고장,공구 교환 중 ATC 셔틀이 명령받은 위치에 도달하지 못했습니다. 복구 기능을 사용하여 공구 교환장치를 원점 위치로 가도록 리셋하십시오.
NGC,5.103,5,103,A-AXIS SERVO ERROR TOO LARGE,The axis cannot move to the commanded position and the error grew too large.,A축 서보 오류가 너무 큼,축이 명령된 위치로 움직일 수 없으며 오류가 너무 커집니다.
CHC-Lathe,488.0000,488,0000,INTERNAL CPU BUS ERROR,This a control software error. Record conditions when it occurs.,내부 CPU 버스 오류,이것은 제어 소프트웨어 오류입니다. 이 오류가 발생하면 조건을 기록하십시오.
NGC,9947.0000,9947,0000,AXIS SECONDARY ENCODER TRANSITION FAULT,"Quadrature encoder A and B signals transistioned at the same time.  Usually noise induced.  Resolve by checking grounding and adding ferrites.  Press reset and continue. If necessary power cycle the machine.   If the alarm persists,  with the alarm on the screen insert a USB device and press [SHIFT] and the [F3] button to generate an error report.  The error report will be saved to the USB device, e-mail the error report file to your local Haas Factory Outlet for further review. ",축 2차 인코더 전환 고장,직교 인코더 A 및 B 신호가 동시에 전환됩니다. 일반적으로 노이즈에 의해 발생합니다. 접지와 페라이트를 추가하여 해결합니다. 리셋을 누르고 계속하십시오. 필요한 경우 기계의 전원을 껐다 켜십시오. 경보가 지속되면 화면의 경보가 있는 상태에서 USB 장치를 삽입하고 [SHIFT] 및 [F3] 버튼을 눌러 오류 보고서를 생성하십시오. 오류 보고서는 USB 장치에 저장됩니다. 추가 검토를 위해 오류 보고서 파일을 귀하의 현지 Haas 직영 창고 매장으로 이메일로 보내십시오.
CHC-Lathe,754.0000,754,0000,SP–AXIS DRIVE FAULT,"General Alarm: A fault was reported by the SP–axis servo drive. The servos have been turned off. There will be a secondary alarm which will display more specific information, with repair details. – Investigate any secondary alarms.",SP축 드라이브 고장,일반 경보: SP축 서보 드라이브에 의해 오류가 보고되었습니다. 서보가 꺼져 있었습니다. 수리 세부 사항과 더불어 더 구체적인 정보를 표시하는 2차 경보가 있을 것입니다. - 모든 2차 경보를 조사하십시오.
CHC-Mill,408.0000,408,0000,NUMBER RANGE ERROR,Check your program. The program will be stored but the bad data is turned into a comment. Check program for comment ( ?) or message screen for displayed block with error.,번호 범위 오류,프로그램을 확인하십시오. 프로그램이 저장되지만 잘못된 데이터는 의견으로 바뀝니다. 프로그램에 의견( ?)이 있는지 또는 메시지 스크린에 오류를 가진 블록이 표시되는지 확인하십시오.
NGC,890.0000,890,0000,BOTH CHUCKS ARE CLAMPED," An operation was attempted while both chucks were clamped. Unclamping one chuck, when safe, will allow the operation to be performed.",두 개의 척 모두 클램핑 되었음, 척 두 개 모두 클램핑 되는 동안 작업이 시도되었습니다. 안전한 경우 척 한 개의 클램핑을 해제한 후에 작업이 수행되도록 하십시오.
NGC,3.993,3,993,Z-AXIS AMPLIFIER SHORT CIRCUIT,An amplifier short has been reported on the specified axis. This can be caused by any of the motor leads being shorted together or shorted to the 320V return.,,
NGC,186.0000,186,0000,SPINDLE NOT TURNING," The program commanded an interpolated motion while the spindle speed was zero and G95(Mill)/G99(Lathe) Feed per Revolution was active.  To calculate the desired feedrate in G95(Mill)/G99(Lathe), the spindle must be turning.  To correct this alarm:    Edit the program to turn on the spindle at the desired RPM  Replace the G95(Mill)/G99(Lathe) with G94(Mill)/G98(Lathe), Feed per Minute, and update the F-value to the desired feedrate (in units per minute).  Make sure that correct G14/G15 mode is specified for the spindle     ",회전을 안하는 스핀들," 프로그램이 보간된 움직임에 명령을 내린 한편, 스핀들 회전수는 0이 되었고, 회전당 G95(밀)/G99(선반) 이송은 활성화되었습니다. G95(밀)/G99(선반)의 원하는 이송량을 계산하려면 스핀들이 돌아야 합니다. 경보를 수정하는 방법:    프로그램을 편집하여 원하는 RPM에서 스핀들을 켜십시오. G95(밀)/G99(선반)를 G94(밀)/G98(선반)으로 교체하고 분당 이송 F-값을 원하는 이송량으로 업데이트합니다(in 분당 단위). 스핀들에 대해 정확한 G14/G15 모드가 지정되었는지 확인하십시오."
NGC,3.991,3,991,Z-AXIS AMPLIFIER TEMPERATURE,"An Amplifier's temperature is above it's limit. 
– A preceding alarm will indicate which amplifier is above it's temperature limit.  This can be caused by high axis load for an extended period of time.  High shop temperature can cause this alarm to occur more often.  Allow time for the amplifier to cool.  Adjust your program to reduce axis loads.  Clear all alarms.",Z축 증폭기 온도(Z-AXIS AMPLIFIER TEMPERATURE),증폭기의 온도가 한계를 초과했습니다. -선행 경보가 어떤 증폭기가 온도 한계를 초과하는지 나타냅니다. 이것은 연장된 시간 동안 축에 고부하가 걸린 것이 원인일 수 있습니다. 높은 온도가 이 경보를 더 자주 발생하게 한 원인일 수 있습니다. 증폭기에 냉각될 수 있는 시간을 주십시오. 프로그램을 조정하여 축 부하를 줄이십시오. 모든 경보를 삭제하십시오.
NGC,9123.0000,9123,0000,APL FINISH GRIPPER CLAMPED,APL Finish gripper was clamped and a command expected an unclamped state. ,APL 마감 그리퍼 클램핑 됨,APL 마감 그리퍼가 클램핑 되고 명령은 클램핑 해제 상태를 예상했습니다.
NGC,5.108,5,108,A-AXIS SERVO OVERLOAD,This can occur if the load on the motor is over 100% for a period of several seconds or even minutes. Reduce load on the axis by adjusting the feeds and speeds. Check for dull or broken tools.,A축 서보 과부하,이것은 모터의 부하가 몇 초 또는 심지어 몇 분 동안 100%를 초과하는 경우 발생할 수 있습니다. 이송 및 속도를 조정하여 축에 걸리는 부하를 줄이십시오. 무뎌졌거나 부서진 공구를 확인하십시오.
NGC,3.994,3,994,Z-Axis Amplifier Overload,"The Amplifier has sensed a high load for an extended period of time. This can be caused by running the amplifier at high loads for an excessive amount of time. 
– A preceding alarm will indicate which axis has overloaded. Check that your program has the correct speeds and feeds for the material and the cutting tool. Make sure the correct tool for the application is being used. Check for dull or broken tools.",Z축 증폭기 과부하,증폭기가 연장된 시간 동안 높은 부하를 감지하였습니다. 이것은 과도한 시간 동안 높은 부하에서의 증폭기 작동이 원인일 수 있습니다. – 선행 경보가 축에 과부하가 걸렸음을 표시합니다. 재료 및 절삭 공구에 대한 사용자 프로그램의 정확한 속도 및 이송을 갖고 있는지 확인하십시오. 응용 장치에 대한 정확한 공구가 사용되고 있는지 확인하십시오. 무뎌졌거나 부서진 공구를 확인하십시오.
CHC-Lathe,154.0000,154,0000,Y AXIS Z CH MISSING,"Z Reference signal from encoder was not received as expected. All servos are turned off. Can be caused by loose connections, encoder contamination, or parameter error.",Y축 Z 채널 누락,"인코더로부터 Z 참조 신호가 예상대로 수신되지 않았습니다. 모든 서보가 꺼져 있습니다. 느슨한 연결, 인코더 오염 또는 파라미터 오류가 원인일 수 있습니다."
NGC,143.0000,143,0000,SPINDLE ROTATED DURING A TOOL CHANGE,"The spindle rotated during a tool change. Check for chips on the tool and on the tool-changer. Remove the chips  from the tool or tool-changer. Check the tool-holder for damage. Change damaged tool-holders. Recover the tool changer. On carousel tool-changers check the carousel for damaged tool-holding fingers. On side-mount tool-changers, check the arm for damage. ",공구 교환 도중 스핀들 회전됨,공구 교환 도중 스핀들이 회전하였습니다. 공구 및 공구 교환장치 위의 칩을 확인하십시오. 공구 또는 공구교환기에서 칩을 제거하십시오. 공구 홀더가 손상되었는지 확인하십시오. 손상된 공구 홀더는 교체하십시오. 공구 교환장치를 복구시키십시오. 캐로슬 공구 교환장치에서 캐로슬에 손상된 공구 홀딩 핑거가 있는지 확인하십시오. 측면 장착 공구 교환장치에서 암이 손상되었는지 확인하십시오.
CHC-Mill,541.0000,541,0000,MACRO ALARM,This alarm was generated by a macro command in a program.,매크로 경보,이 경보는 프로그램의 매크로 명령에 의해 생성되었습니다.
NGC,314.0000,314,0000,SUBPROGRAM NOT IN MEMORY,"Check that a sub-program called by the P code in M98 or G65 is in memory. When calling a sub program with FNC the sub program must reside on the same device and in the same directory as the main program, which calls them. Also, for files that were transferred from USB to hard drive check the case of the file name on the hard drive, sub programs called must have upper case O and lower case extensions. For example: O1234.nc.  ",메모리에 있지 않은 서브프로그램,M98 또는 G65의 P코드에 의해 호출된 서브프로그램이 메모리에 있는지 확인하십시오. FNC를 사용하여 서브프로그램을 호출할 때 서브프로그램은 호출하는 메인 프로그램과 동일한 장치 및 동일한 디렉토리에 있어야 합니다. 또한 USB에서 하드 드라이브로 전송된 파일의 경우 하드 드라이브에 있는 파일 이름의 대소문자를 확인하십시오. 호출된 하위 프로그램은 대문자 O와 소문자 확장자를 가져야 합니다. 예시: O1234.nc.
NGC,206.0000,206,0000,ERROR READING PROGRAM, The subprogram became unavailable during execution. Possible causes are:   The USB device was removed during program execution from the control.    The program was deleted from the Net Share folder during program execution from the folder.   Network connection loss during program execution from the Net Share folder.      ,오류 읽기 프로그램, 서브프로그램이 실행 중에 이용할 수 없게 되었습니다. 가능한 원인은 다음과 같습니다. USB 기기가 제어에서 프로그램을 실행하는 중에 제거되었습니다. 프로그램이 폴더에서 프로그램 실행 중에 넷 공유 폴더에서 삭제 되었습니다. 넷 공유 폴더에서 네트워크 연결이 끊어졌습니다.
NGC,522.0000,522,0000,ILLEGAL ASSIGNMENT VAR OR VALUE,A variable was referenced for writing. The variable referenced is read only. See Operator manual macro section for valid variables. Parameter and setting variables are read only.  ,위법 할당 변수 또는 값,변수가 쓰기에 참조되었습니다. 참조된 변수는 읽기 전용입니다. 유효한 변수는 운영자 매뉴얼 매크로 섹션을 참고하십시오. 파라미터 및 설정 변수는 읽기 전용입니다.
NGC,9999.0000,9999,0000,G198 INCOMPATIBLE WITH G96,"G198 (Disengage Synchronous Spindle Control) is incompatible with G96 (Constant Surface Speed ON).  If both G96 and G199 are active, G97 (Constant Surface Speed OFF) must be used prior to G198.",G198 G96과 호환되지 않음,G198(동기식 스핀들 제어 분리)는 G96(일정한 표면 절삭 속도 켜짐)과 호환되지 않습니다. G96과 G199 모두 활성화된 경우 G97(일정 표면 속도 꺼짐)이 G198에 앞서 사용되어야 합니다.
CHC-Lathe,4016.0000,4016,0000,Live Tool Orient Timeout,The live tool drive was unable to orient.,라이브 공구 방향 시간 초과,라이브 공구 드라이브가 방향을 잡을 수 없었습니다. 
CHC-Mill,160.0000,160,0000,LOW INCOMING AC LINE VOLTAGE,The incoming voltage to the machine is less than 80% of the expected value.  Check your voltage and transformer taps.,낮은 인입 AC 라인 전압,기계로 들어오는 전압이 예상 값의 80% 미만입니다. 전압 및 변압기 탭을 확인하십시오.
NGC,9906.0000,9906,0000,CHIP CONVEYOR MALFUNCTION,"Make sure conveyor is clear of debris and not jammed. Then press RESET to clear any alarms. If necessary, cycle power on the machine. ",칩 컨베이어 오작동,컨베이어에 찌꺼기나 걸린 것이 없는지 반드시 확인하십시오. 경보를 삭제하려면 RESET을 누르십시오. 필요한 경우 기계의 전원을 껐다 켜십시오.
NGC,1086.0000,1086,0000,PATH OBSTRUCTED,Clear the obstruction and start again from a safe position.,장애물이 있는 경로,장애물을 치우고 안전한 위치에서 다시 시작하십시오.
CHC-Mill,273.0000,273,0000,C–AXIS MOTOR Z FAULT,An Encoder fault has been sensed. The ZReference signal from the encoder was not received as expected.  Cycle power on the machine.,C축 모터 Z 고장,인코더 고장이 감지되었습니다. 인코더로부터 온 Z 참조 신호는 예상대로 수신되지 않았습니다. 기계의 전원을 껐다 켰다 해주십시오.
NGC,2066.0000,2066,0000,TOOL CHANGER HOME POSITION FAULT,"     Press    to play video related to this content.   Tool changer is not in a safe position.   Possible Causes:       Tool changer interrupted by machine operator    Power loss during tool change cycle      To fix press RECOVER, the control will automatically attemp to recover.   If it cannot be automatically recovered press M to enter manual recovery.   Manual Recovery:       Remove tools from double arm, if necessary    Press ATC REVERSE to rotate double arm to Origin    Press F3 to raise pocket up    Press E to exit tool change recovery   ",공구 교환장치 원점 위치 오류,"     이 콘텐츠와 관련하여 영상 재생 버튼을 누르십시오. 공구 교환장치가 안전한 위치에 있지 않습니다. 가능한 원인:       기계 운영자에 의해 공구 교환장치가 중단되었고, 공구 교환 주기 중 전력 손실이 있으며, 이를 수정하기 위해 복구(RECOVER)를 누르면 제어장치가 자동으로 복구를 시도합니다. 자동으로 복구되지 않으면 M을 눌러 수동 복구를 시작합니다. 수동 복구:       필요 시 더블 암에서 공구 제거하고, ATC REVERSE를 눌러 더블 암을 원점으로 회전시키며, F3을 눌러 포켓 위로 올리고, E를 눌러 공구 교환 복구를 종료합니다."
CHC-Mill,112.0000,112,0000,NO INTERRUPT,Electronics fault. No communication between processor and Mocon. Power failure can be verified if Status LED on Mocon blinks four times at power up. Test +12 / 12 VDC to Mocon PCB from LVPS.,차단 없음(NO INTERRUPT),전기장치 고장. 프로세서와 Mocon사이에 통신이 없습니다. 전원 고장은 Mocon 상의 상태 LED가 전원을 올리면 4번 깜박거림으로서 확인될 수 있습니다. LVPS로부터 Mocon PCB에 대한 +12 / 12 VDC에 들어가는 것을 테스트하십시오.
CHC-Lathe,445.0000,445,0000,SERVO BAR FAULT, Servobar program error.,서보 환봉 고장, 서보 환봉 프로그램 오류입니다.
NGC,9100.0000,9100,0000,NON RESETTABLE SYSTEM ERROR,"Power cycle the machine. If the alarm persists, with the alarm on the screen insert a USB device and press [SHIFT] and the [F3] button to generate an error report. The error report will be saved to the USB device, e-mail the error report file to your local Haas Factory Outlet for further review. ",리셋 가능한 시스템 오류가 없음,기계의 전원을 껐다 켰다 해주십시오. 경보가 지속되면 화면의 경보가 있는 상태에서 USB 장치를 삽입하고 [SHIFT] 및 [F3] 버튼을 눌러 오류 보고서를 생성하십시오. 오류 보고서는 USB 장치에 저장됩니다. 추가 검토를 위해 오류 보고서 파일을 귀하의 현지 Haas 직영 창고 매장으로 이메일로 보내십시오.
CHC-Lathe,923.0000,923,0000,LOW OIL PRESSURE, Oil Pump for platter gear has no pressure. Check that pump is pumping oil through lines. Check to make sure filter next to pump is not plugged. Parameter 618 determines delay to check pressure after start.,오일 압력 부족, 플랫터 기어용 오일 펌프에 압력이 없습니다. 펌프가 라인을 통해 오일을 펌핑하는지 확인하십시오. 펌프 옆의 필터가 플러그 연결이 되었는지 확인하십시오. 파라미터 618은 딜레이를 결정하여 시동 후의 압력을 확인합니다.
NGC,912.0000,912,0000,INVALID P OR Q CODE FOR M46,M46 requires a P code representing an N code in the current program. It must be positive and not contain a decimal point.  Q code is also required. The Q code must be a valid pallet number.  Check your program and restart.,M46에 대한 잘못된 P 또는 Q코드,M46은 P코드가 현재의 프로그램에서 N코드를 대표하기를 요구합니다. 그것은 양수여야 하며 소수점을 포함하지 않습니다. Q코드도 필요합니다. Q코드는 유효한 팔레트 숫자여야 합니다. 프로그램을 확인하고 재시작하십시오.
CHC-Mill,225.0000,225,0000,Y–AXIS TRANSITION FAULT,An Encoder problem has been sensed. The encoder position data may be unreliable. Cycle power on the machine.,Y축 전환 고장,인코더 문제가 감지되었습니다. 인코더 위치 데이터가 신뢰성이 없는 것일 수도 있습니다. 기계의 전원을 껐다 켰다 해주십시오.
CHC-Mill,433.0000,433,0000,DISK EMPTY PROG,Check your program. Between % and % there was no program found.,디스크 빈 프로그램,프로그램을 확인하십시오. “%”와 “%”사이에 프로그램이 발견되지 않았습니다.
CHC-Lathe,104.0000,104,0000,Y AXIS SERVO ERROR TOO LARGE,"The Y axis cannot move to the commanded position. This can be caused by chips on the tool or toolholder, too much tool pressure, dull tools, or a machine crash. Clean chips from the machine. Check your program for errors and correct speeds and feeds. Check for chips on tools and toolholders. Check for dull tools. Check for a machine crash.
",Y축 서보 오류가 너무 큼,"Y축이 명령된 위치로 이동할 수 없습니다. 이는 공구 또는 공구 홀더의 칩, 지나치게 높은 공구 압력, 무뎌진 공구 또는 기계 충돌로 인해 발생할 수 있습니다. 기계에서 칩을 깨끗이 제거하십시오. 프로그램에 오류가 있는지 확인하고 속도와 이송을 수정하십시오. 공구 및 공구 홀더에 칩이 있는지 확인하십시오. 무뎌진 공구가 있는지 확인하십시오. 기계 충돌이 있는지 확인하십시오.
"
NGC,4020.0000,4020,0000,SPINDLE HAS NOT BEEN POSITIONED,"A live tooling action has been commanded and the spindle has not been pre-positioned. Modify your program to hold spindle rigid with either Spindle Brake, Spindle orient, or C-axis command.  ",스핀들이 배치되지 않음,"라이브 툴 동작이 명령이 이루어졌고 스핀들이 사전 배치되지 않았습니다. 스핀들 브레이크, 스핀들 오리엔테이션, C축 명령 중 하나를 사용하여 스핀들을 견고하게 고정할 수 있도록 프로그램을 수정합니다."
CHC-Lathe,438.0000,438,0000,TAILSTOCK MOVED WHILE HOLDING PART,The part moved while turning a part. Check Setting 107 and the actual position of the B axis as compared to setting 107.,공작물을 고정한 채로 심압대가 이동함,공작물을 돌리는 동안 공작물이 이동하였습니다. 설정 107과 설정 107과 비교한 B축의 실제 위치를 확인하십시오.
NGC,2091.0000,2091,0000,SOFTWARE ERROR,"Press reset and continue. If necessary power cycle the machine.   If the alarm persists,  with the alarm on the screen insert a USB device and press [SHIFT] and the [F3] button to generate an error report.  The error report will be saved to the USB device, e-mail the error report file to your local Haas Factory Outlet for further review. ",소프트웨어 오류,리셋을 누르고 계속하십시오. 필요한 경우 기계의 전원을 껐다 켜십시오. 경보가 지속되면 화면의 경보가 있는 상태에서 USB 장치를 삽입하고 [SHIFT] 및 [F3] 버튼을 눌러 오류 보고서를 생성하십시오. 오류 보고서는 USB 장치에 저장됩니다. 추가 검토를 위해 오류 보고서 파일을 현지 Haas 직영 창고 매장으로 이메일로 보내십시오.
NGC,9012.0000,9012,0000,ETHERNET ADAPTER ERROR,"The ethernet adapter used to communicate with a robot has experienced an error.

Troubleshooting:

Check that the Ethernet adapter is plugged into the USB port on the main processor board.
Remove any USB sticks if inserted since a bad USB stick can cause this alarm.
Check ethernet cable connection to robot, grounding, and associated connections.
Cycle power to machine and robot.
Disable the robot and it's adapter and contact service if the issue persists.",이더넷 어댑터 오류,"로봇과 통신하는 데 사용되는 이더넷 어댑터에 오류가 발생했습니다. 고장 조치:

이더넷 어댑터가 메인 프로세서 보드의 USB 포트에 꽂혀 있는지 확인하십시오. USB 스틱 불량으로 인해 이 경보가 발생할 수 있으므로 USB 스틱을 삽입한 경우 이를 제거하십시오. 로봇에 대한 이더넷 케이블 연결, 접지 및 관련 연결을 확인하십시오. 기계와 로봇의 전원을 껐다 켜십시오. 문제가 지속될 경우 로봇과 로봇의 어댑터를 비활성화하고 서비스 팀에 문의하십시오."
CHC-Lathe,190.0000,190,0000,B MOTOR Z FAULT,Encoder marker pulse count failure. It usually indicates that the encoder has been damaged and encoder position data is unreliable. This can also be caused by loose encoder connectors.,B 모터 Z 고장,인코더 마커 펄스 카운트 오류. 이 경보는 일반적으로 인코더가 손상되었고 인코더 위치 데이터가 신뢰할 수 없음을 의미합니다. 또한 느슨한 인코더 커넥터가 원인일 수 있습니다.
CHC-Mill,345.0000,345,0000,INVALID R VALUE IN M19 OR G105,R value must be positive.,M19 또는 G105의 잘못된 R값,R값은 양수여야 합니다.
CHC-Lathe,971.0000,971,0000,FAILED LOAD,"The on board device computer failed to load network drivers. This is from an invalid network setting. Cycle power. CNC should go into Drivers not Loaded mode, change network settings and try again. The default network settings can be restored if needed. Press Prgrm Convers during power up.  Wait about 3 minutes then Press P Enter, then P5 Enter.

For machines with a PC104 PCB:
disconnect the e-enet, usb, floppy and Rs-232 cables and power back on,  if problem goes away troubleshoot the external devices.
check that stack ribbon cables are properly seated.
check the 5 VDC supply voltage to the PC104 PCB.

For machines with a Maincon:
disconnect the e-enet, usb, and Rs-232 cables from the Maincon PCB and power back on,  if problem goes away troubleshoot the external devices.

Note:  If this alarm occurs after a communications system firmware upgrade,  the communications firmware is corrupted.  There is no recovery from this condition the PC104 or Maincon must be replaced.",실패한 로드,"온 보드 장치 컴퓨터가 네트워크 드라이버 로드에 실패했습니다. 이것은 잘못된 네트워크 설정 때문입니다. 전원을 껐다 켜십시오. CNC가 ‘로드되지 않은 드라이버’ 모드에 들어가야 합니다, 네트워크 설정을 바꾸고 다시 시도하십시오. 기본 네트워크 설정이 필요하면 복구될 수 있습니다. 전원을 켜는 동안 ‘프로그램 전환’을 누르십시오. 3분 정도 기다린 후 P Enter를 누르고, 그런 다음 P5 Enter를 누르십시오. PC104 PCB가 있는 기계의 경우: E-Enet, USB, 플로피 및 Rs-232 케이블의 연결을 끊었다가 문제가 해결되면 전원을 다시 켭니다. 스택 리본 케이블이 올바르게 장착되었는지 확인합니다. PC104 PCB 측 5 VDC 공급 전압을 확인합니다. Maincon이 있는 기계의 경우: Maincon PCB에서 E-Enet, USB 및 Rs-232 케이블을 분리했다가 문제가 해결되면 전원을 다시 켭니다. 참고:  경보가 통신 시스템 펌웨어 업그레이드 후에 발생하면 통신 펌웨어가 손상된 것입니다. 이 조건은 복구가 안되면 PC104 또는 Maincon이 교체되어야 합니다."
CHC-Lathe,810.0000,810,0000,PROBE ARM CHUCK CONFLICT,There must be no part in the chuck when the automatic probe arm is lowered (extended). Unclamp the spindle chuck and remove the part.,프로브 암 척 충돌,자동 프로브 암이 낮추어 질(확장될) 때 척안에 공작물이 없었음이 분명합니다. 스핀들의 클램핑을 해제하고 공작물을 제거하십시오.
NGC,635.0000,635,0000,APC LOADED PALLET NUMBER FAULT,A pallet related M code determined that the loaded pallet does not agree with the pallet number in the Pallet Schedule Table. It can also occur if the pallet number is invalid.  Do one of the following:  Correct the Pallet Schedule Table. Run M50 to correct the alarm. Remove M48 from the program.  Verify that the program and the pallet are compatible. ,APC 적재된 팔레트 번호 오류,팔레트 관련 M 코드가 적재된 팔레트가 팔레트 일정표에 있는 팔레트 번호와 일치하지 않는 것으로 판단하였습니다. 또한 팔레트 번호가 잘못된 경우도 원인이 될 수 있습니다. 다음 중 하나를 수행하십시오. 팔레트 일정표를 수정하십시오. M50을 실행하여 암을 수정하십시오. M48을 프로그램에서 제거합니다. 프로그램과 팔레트가 상호 적합한지 확인하십시오.
NGC,4.333,4,333,SP-AXIS DISABLED,The program commanded motion for an axis that is not installed in the machine. Edit the program to remove the commands for the disabled axis.,SP축 비활성화됨,프로그램이 기계에 설치되지 않은 축에 대하여 동작을 명령하였습니다. 프로그램을 편집하여 비활성화된 축에 대한 명령을 제거하십시오.
CHC-Mill,830.0000,830,0000,Z AXIS SERIAL DATA COMMUNICATION FAULT," Check that the cable from the mocon to the indicated axis encoder is undamaged and securely connected. A serial communications fault has occurred between the indicated encoder and the mocon. This is most commonly due to a loose connector or a bad cable between the mocon and the encoder. Check the cable and connections. If the problem persists, check the motor.",Z축 시리얼 데이터 통신 고장, 모콘에서 표시된 축 인코더와 연결된 케이블이 손상되지 않았는지와 확실하게 연결되었는지 확인하십시오. 시리얼 통신 고장이 표시된 인코더 및 모콘 사이에서 발생했습니다. 가장 흔한 원인은 모콘과 인코더 사이에 있는 느슨한 커넥터나 손상된 케이블 때문입니다. 케이블과 연결을 확인하십시오. 문제가 지속되면 모터를 확인하십시오.
NGC,9990.0000,9990,0000,C AXIS DISENGAGED UNEXPECTEDLY,The C Axis engage mechanism became disengaged unexpectedly during operation.  This alarm can be caused by low pressure or may be related to a faulty input switch (Input 57).,C축 예기치 않은 분리 ,C축 개입 메커니즘은 작동 중에 예기치 않게 분리될 수 있습니다. 이 알람은 저압이 원인이거나 고장난 입력 스위치(입력 57)와 관련이 있을 수 있습니다.
CHC-Lathe,664.0000,664,0000,U AXIS DISABLED,Parameter has disabled this axis.,U축 비활성화됨,파라미터가 이 축을 비활성화 하였습니다.
CHC-Mill,629.0000,629,0000,APC-PIN CLEAR HOME SWITCH FAULT, A pin clear switch was contacted when all pallets were at their home positions. The most likely cause is debris on a switch. Check for accumulation of debris on the pin clear switches and the pallet home switches. Check switches and their electrical wiring for damage. After correcting the condition run M50 (with P code for the pallet to be loaded) to continue machining.,APC 핀 클리어/원점 스위치 고장, 핀 클리어 스위치가 모든 팔레트가 그 원점에 있을 때 접촉되었습니다. 가장 흔히 있을 것 같은 원인은 스위치에 부스러기가 있는 경우입니다. 핀 클리어 스위치와 팔레트 원점 스위치에 부스러기가 쌓였는지 확인하십시오. 스위치와 스위치 배선에 손상이 있는지 확인하십시오. 상황을 바로잡은 후에 가공을 계속하려면 M50(로드할 팔레트에 대한 P코드 포함)을 실행하십시오.
NGC,9191.0000,9191,0000,MACHINE MOVED,"It has been detected that the machine has moved from it's previous location. To continue machine operation, navigate to the Activation Box and contact your Haas Dealer for instructions on re-arming the Machine Tracker sensor.",,
CHC-Mill,476.0000,476,0000,EXTERNAL MEMORY BUS ERROR,"A bus error occurred on the external bus. This can result from a loose bus cable, faulty hardware, or errant system software.",외부 메모리 버스 오류,외부 버스에서 버스 오류가 발생했습니다. 이것은 느슨한 버스 케이블 또는 잘못된 시스템 소프트웨어로 인한 결과일 수 있습니다.
NGC,2041.0000,2041,0000,VECTOR DRIVE OR SPINDLE AMPLIFIER–OVERLOAD,The Vector Drive or Spindle Amplifier has sensed a high load for an extended period of time. This can be caused by running the spindle at high loads for an excessive amount of time. – Check that your program has the correct speeds and feeds for the material and the cutting tool. Make sure the correct tool for the application is being used. Check for dull or broken tools.,벡터 드라이브 또는 스핀들 증폭기 과부하,벡터 드라이브 또는 스핀들 증폭기가 연장된 시간 동안 높은 부하를 감지하였습니다. 이것은 과도한 시간 동안 높은 부하에서의 스핀들 작동이 원인일 수 있습니다. - 재료 및 절삭 공구에 대한 사용자 프로그램의 정확한 속도 및 이송을 갖고 있는지 확인하십시오. 응용 장치에 대한 정확한 공구가 사용되고 있는지 확인하십시오. 무뎌졌거나 부서진 공구를 확인하십시오.
CHC-Mill,162.0000,162,0000,Y–AXIS DRIVE FAULT,"General Alarm: A fault was reported by the Y–axis servo drive. The servos have been turned off. There will be a secondary alarm which will display more specific information, with repair details. – Investigate any secondary alarms.",Y축 드라이브 고장,일반 경보: Y축 서보 드라이브에 의해 오류가 보고되었습니다. 서보가 꺼져 있었습니다. 수리 세부 사항과 더불어 더 구체적인 정보를 표시하는 2차 경보가 있을 것입니다. - 모든 2차 경보를 조사하십시오.
CHC-Mill,546.0000,546,0000,SERIAL KEYBOARD BUFFER OVERFLOW,"Communication problem between RJH, SKBIF, and Main processor. If RJH is installed, make sure it is plugged in and functioning. Check the RJH cables. Verify that machine is properly grounded. Cycle power on the machine.",시리얼 키보드 버퍼 넘침,"RJH, SKBIF 및 메인 프로세스 사이에 통신 문제. RJH가 설치되면 플러그를 연결해서 기능하는지 확인하십시오. RJH 케이블을 확인하십시오. 기계가 적절하게 접지되었는지 확인하십시오. 기계의 전원을 껐다 켰다 해주십시오."
CHC-Lathe,179.0000,179,0000,LOW PRESSURE TRANS OIL, Transmission oil is low or low pressure condition in oil lines.,저압 변속기 오일, 변속기 오일이 오일 라인에서 낮거나 또는 저압 상태입니다.
CHC-Lathe,795.0000,795,0000,TT (Live Tooling) AXIS LIMIT SWITCH,Not Used.,TT(라이브 툴링) 축 리미트 스위치(TT (Live Tooling) AXIS LIMIT SWITCH),사용하지 않습니다.
NGC,9811.0000,9811,0000,TOOL CHANGER CABLE SHORT CIRCUIT,One of the tool changer outputs has detected a short circuit.    Check all tool changer motor outputs for possible short circuits. ,공구 교환장치 케이블 단락,공구 교환장치 출력 중 하나가 단락을 감지했습니다. 모든 공구 교환장치 모터 출력에 가능한 단락이 있는지 확인하십시오.
NGC,2.333,2,333,Y-AXIS DISABLED,The program commanded motion for an axis that is not installed in the machine. Edit the program to remove the commands for the disabled axis.,Y축 비활성화됨,프로그램이 기계에 설치되지 않은 축에 대하여 동작을 명령하였습니다. 프로그램을 편집하여 비활성화된 축에 대한 명령을 제거하십시오.
NGC,962.0000,962,0000,UNABLE TO RETRIEVE FILE INFORMATION,File functions taking to long to process. Try reloading.,파일 정보 검색 불능,파일 함수가 처리하기에는 너무 김. 다시 로딩해보십시오.
CHC-Lathe,551.0000,551,0000,SECONDARY SPINDLE COMMANDED WHEN G14 ACTIVE,"A secondary spindle command (M143, M144, M145, M119, M114, or M115) was used when G14 is active. G14 converts all main spindle commands to the same function on the subspindle.",G14가 활성화 시 2차 스핀들에 대한 명령,"G14가 활성화될 때 2차 스핀들 명령(M143, M144, M145, M119, M114, or M115)이 사용되었습니다. G14 서브 스핀들에 대한 동일한 기능에 모든 메인 스핀들 명령어를 서브스핀들에 동일한 기능으로 전환합니다."
NGC,9125.0000,9125,0000,APL FINISH GRIPPER UNCLAMPED,APL Finish gripper was unclamped and a command expected an clamped state. ,APL 마감 그리퍼 클램핑 해제됨,APL 마감 그리퍼가 클램핑 해제되고 명령은 클램핑 상태를 예상했습니다.
CHC-Mill,250.0000,250,0000,PROG DATA ERROR,"Possible corrupt program in Memory. Prog List shows bad program with a ""!"". Change Setting 8 to OFF, setting 23 to OFF, save all programs to disk, delete all programs, and then reload. If alarm returns, call for service.",프로그램 데이터 오류,"메모리 상에 손상되 프로그램이 있을 수 있습니다. Prog List에서 ""!""가 포함된 불량 프로그램이 있습니다,. 설정 8을 OFF로 변경하고 설정 23을 OFF로 변경하고, 모든 프로그램을 디스크에 저장하고, 모든 프로그램을 삭제한 다음, 다시 로드합니다. 경보가 다시 보이면 서비스 센터에 연락하십시오."
NGC,452.0000,452,0000,BAR FEEDER MOTION TIMEOUT,"The motor which loads bars and the push rod did not complete its motion in the allowed time. Check for jammed bar stock preventing the bar load fingers from moving, then press RECOVER and follow the instructions to restore the bar feeder. Continue normal operation.  ",봉재 이송장치 동작 타임아웃,"환봉을 적재하는 모터 및 푸시 로드는 주어진 시간에 동작을 완료하지 못했습니다. 봉재가 걸려 환봉 로드 핑거가 움직이지 않는지 점검한 다음, 복구(RECOVER)를 누르고 지침에 따라 봉재 이송장치를 복구합니다. 일반 작동을 계속하십시오."
CHC-Mill,659.0000,659,0000,V–AXIS PHASING ERROR,An error occurred during the phasing initialization of the brushless motor. This error cannot be reset. – Cycle power to clear alarm.,V축 페이징 오류,브러시리스 모터의 페이징 초기화 동안에 오류가 발생하였습니다. 이 오류는 리셋될 수 없습니다. - 전원을 껐다 켜서 경보를 삭제하십시오.
CHC-Mill,760.0000,760,0000,SP–AXIS DISABLED,There was an attempt to move an axis that is not installed in the machine. Check your program for commands to move a nonexistent axis.  Check your program.,SP축 비활성화됨,기계에 설치되지 않은 축을 이동시키려는 시도가 있었습니다. 존재하지 않는 축을 이동시키는 명령이 프로그램에 있는지 확인하십시오. 프로그램을 확인하십시오.
NGC,362.0000,362,0000,TOOL-LIFE LIMIT REACHED,"  A tool has expired and there are no additional tools to replace it.  Inspect the expired tool, and replace it if necessary. Update the tool offset. Reset the tool life in the Advanced Tool Management (ATM) tab. The tab is under the CURRENT COMMANDS tab. Highlight the usage counter for the expire tool, press [0] (zero), and then press [ENTER].    ",공구 수명 한계 도달,  공구가 만료되고 그것을 대체할 추가 공구가 없습니다. 만료된 공구를 검사하고 필요하면 교체하십시오. 툴 오프셋을 업데이트하십시오. 고급 공구 관리(ATM) 탭에서 공구 수명을 리셋하십시오. 현재 명령 탭 아래에 탭이 있습니다. 만료 도구의 사용 계수기를 강조 표시하고 [0](영)을 누른 다음 [ENTER]를 누릅니다.
CHC-Lathe,463.0000,463,0000,V–AXIS OVER TRAVEL RANGE,The V–axis was commanded to move farther than travel limits allow. – Reset the machine. Check your program for errors. Check for improper Work Offsets.,V축의 이동거리 범위,V축에 대해 이동거리 제한이 허용하는 것보다 더 멀리 이동하라는 명령이 내려졌습니다. - 기계를 리셋합니다. 프로그램에 오류가 있는지 확인하십시오. 부적절한 워크 오프셋을 확인하십시오.
CHC-Mill,878.0000,878,0000,DC MOTOR CABLE SHORT–CIRCUIT,"A short–circuit has been sensed in a DC cable or motor when it was commanded to run. – Check the program to determine which motor was commanded. Make sure all DC motor wires and cables are dry, tight, and undamaged.",DC 모터 케이블 단락,단락이 실행 명령이 내려졌을 때 DC 케이블 및 모터에서 감지되었습니다. - 프로그램이 모터에 명령이 내려졌는지를 결정하는지 확인하십시오. 모든 DC 모터 배선과 케이블이 건조하고 타이트하며 손상이 안된 상태인지 확인하십시오.
NGC,696.0000,696,0000,ATC MOTOR TIME OUT,"The ATC shuttle motor or double arm motor failed to complete the commanded movement within the time allowed by Parameter 60. Check for mechanism binding, correct motor and switch operation, damaged gear motor control board relays, damaged electrical wiring, or blown fuses on the gear motor control board. Use Tool Changer Restore to recover the ATC, then resume normal operation.  ",ATC 모터 타임아웃,"ATC 셔틀 모터 또는 더블 암 모터가 파라미터 60에서 허용하는 시간 내에 명령된 이동을 완료하지 못했습니다. 메커니즘 결속, 모터 및 스위치 정상 작동, 손상된 기어 모터 컨트롤 보드 릴레이, 손상된 전기 배선 또는 기어 모터 컨트롤 보드의 끊어진 퓨즈가 있는지 점검하십시오. 공구 교환장치 복구를 사용하여 ATC를 복구하고, 일반 작동을 다시 시작하십시오."
NGC,8113.0000,8113,0000,TURRET FAILED TO REACH UNCLAMP SWITCH,The tool turret attempted to unclamp but failed to reach the unclamp switch. Check for any obstructions or problems with the unclamp mechanism. ,터렛이 클램프 해제 스위치에 도달 못함,공구 터렛이 클램핑을 해제하려 하였으나 클램프 해제 스위치를 벗어나는데 실패하였습니다. 클램핑 해제 메커니즘과 함께 모든 장애물 또는 문제를 확인하십시오.
CHC-Mill,275.0000,275,0000,C–AXIS ZERO CHANNEL MISSING,An encoder signal integrity error was sensed. The encoder position data may be unreliable. All servos are turned off. – Reset the alarms and zero return the axis.,C축 영점 채널 누락,인코더 신호 무결성 오류가 감지되었습니다. 인코더 위치 데이터가 신뢰성이 없는 것일 수도 있습니다. 모든 서보가 꺼져 있습니다. – 경보를 리셋하고 축을 영점 복귀시키십시오.
NGC,9002.000,9002,000,INVALID P Q OR K IN G167,The specific missing parameter should be displayed by the control for this alarm text. Check G167 to make sure all parameters are there and the Settings page to make sure that setting exists in the software.,,
CHC-Lathe,106.0000,106,0000,A (Tool Turret) AXIS SERVO ERROR TOO LARGE,"The tool turret cannot move to the commanded position. This can be caused by chips on the tool or toolholder, too much tool pressure, dull tools, or a machine crash. Clean chips from the machine. Check your program for errors and correct speeds and feeds. Check for chips on tools and toolholders. Check for dull tools. Check for a machine crash.",A(공구 터렛) 축 서보 오류가 너무 큼,"공구 터렛이 명령된 위치로 이동할 수 없습니다. 이는 공구 또는 공구 홀더의 칩, 지나치게 높은 공구 압력, 무뎌진 공구 또는 기계 충돌로 인해 발생할 수 있습니다. 기계에서 칩을 깨끗이 제거하십시오. 프로그램에 오류가 있는지 확인하고 속도와 이송을 수정하십시오. 공구 및 공구 홀더에 칩이 있는지 확인하십시오. 무뎌진 공구가 있는지 확인하십시오. 기계 충돌이 있는지 확인하십시오."
NGC,9010.0000,9010,0000,TOUCH SCREEN MODULE ERROR,"The touch screen has experienced an error.

Troubleshooting:

Remove USB stick if inserted.
Cycle power.
If the issue persist disable the touch screen via Setting 381 and contact service.",터치 스크린 모듈 오류,"터치 스크린에 오류가 발생했습니다. 고장 조치:

USB 스틱이 삽입된 경우 이를 제거하십시오. 전원을 껐다 켜십시오. 문제가 지속될 경우 설정 381을 통해 터치 스크린을 비활성화하고 서비스 팀에 문의하십시오."
CHC-Mill,1088.0000,1088,0000,NO FEED RATE,Protected Positioning Cycle only.  Insert the F code input and start again from a safe position.  Recommended protected positioning feed rate is 120 in/min. ,이송량 없음,보호되는 위치 설정 사이클만 해당합니다. F코드 입력을 삽입하고 안전한 위치에서 다시 시작하십시오. 보호되는 위치 설정 권장 이송량은 120in/min 입니다.
NGC,9301.0000,9301,0000,BROKEN TOOL DETECTION FAULT,"There was an issue with Broken Tool Detection (BTD) software that resulted in the control not being able to run Broken Tool Detection.

Press [RESET] to continue. Power cycle if necessary. If the issue persists, take a [SHIFT]-[F3] and send the results to your local Haas Factory Outlet for further review.",,
NGC,1.994,1,994,X-Axis Amplifier Overload,"The Amplifier has sensed a high load for an extended period of time. This can be caused by running the amplifier at high loads for an excessive amount of time. 
– A preceding alarm will indicate which axis has overloaded. Check that your program has the correct speeds and feeds for the material and the cutting tool. Make sure the correct tool for the application is being used. Check for dull or broken tools.
",X축 증폭기 과부하,"증폭기가 연장된 시간 동안 높은 부하를 감지하였습니다. 이것은 과도한 시간 동안 높은 부하에서의 증폭기 작동이 원인일 수 있습니다. – 선행 경보가 축에 과부하가 걸렸음을 표시합니다. 재료 및 절삭 공구에 대한 사용자 프로그램의 정확한 속도 및 이송을 갖고 있는지 확인하십시오. 응용 장치에 대한 정확한 공구가 사용되고 있는지 확인하십시오. 무뎌졌거나 부서진 공구를 확인하십시오.
"
NGC,1011.0000,1011,0000,OMP40 NOT CALIBRATED,The work probe is not calibrated.,보정되지 않은 OMP40,공작물 검사가 보정되지 않았습니다.
NGC,1.993,1,993,X-AXIS AMPLIFIER SHORT CIRCUIT,An amplifier short has been reported on the specified axis. This can be caused by any of the motor leads being shorted together or shorted to the 320V return.,,
NGC,9884.0000,9884,0000,ANALOG FAST4 OVER LIMIT,General Purpose Fast Analog input has exceeded the limit specified by the I/O Configuration file. ,아날로그 FAST4 한계 초과,일반 목적 빠른 아날로그 입력이 I/O 구성 파일이 지정한 한계를 초과했습니다.
NGC,967.0000,967,0000,SKBIF COMMUNICATION FAULT,Serial communication between the main processor and the serial keyboard interface (SKBIF) was interrupted.  Any machine motion in progress at the occurrence of the interruption has been stopped.  This fault can be caused by a break in the power or serial data cables.  It can also occur when the SKBIF is reset for an unknown reason.  Verify that the power and serial data cables are seated properly in their mating connectors.  Replace as necessary.  Restart the control by cycling power on the machine.  If this alarm persists replace the SKBIF. The main processor is located in the control cabinet. The SKBIF is located in the front panel.  ,SKBIF 통신 고장,메인 프로세서와 시리얼 키보드 인터페이스(SKBIF) 사이의 시리얼 통신이 차단되었습니다. 차단이 발생할 때 진행 중인 모든 기계 움직임이 정지되었습니다. 이러한 고장은 전원 또는 시리얼 데이터 케이블에서의 차단이 원인일 수 있습니다. 또한 SKBIF가 알지 못하는 이유로 리셋될 때 발생할 수도 있습니다. 전원 및 시리얼 데이터 케이블이 그것과 맞는 커넥터에 적절히 위치했는지 확인하십시오. 필요하면 교체하십시오. 기계의 전원을 껐다 켰다함으로써 제어를 다시 시작하십시오. 이 경보가 지속하면 SKBIF를 교체하십시오. 메인 프로세서가 제어 캐비닛 안에 위치하고 있습니다. SKBIF가 프론트 패널에 위치하고 있습니다.
CHC-Mill,604.0000,604,0000,V–AXIS LIMIT SWITCH,The Vaxis home switch input changed state while the machine was in use. There may be chips on an exposed home switch.  Remove chips on exposed home switches. Reset the machine.,V축 리미트 스위치,기계 사용 중에 V축 원점 스위치 입력이 상태를 변경하였습니다. 노출된 원점 스위치 위에 칩이 있을지 모릅니다. 노출된 원점 스위치에서 칩을 제거하십시오. 기계를 리셋합니다.
NGC,2.316,2,316,Y-Axis Over Travel Range,"An axis was commanded to move outside of its travel limit.

Use this list to help resolve the alarm:

Make sure that the work offsets are correct.
Check the G52 and G92 offsets.
G52 and G92 offsets are used to shift all other work offsets. For most applications, these offsets should be zero.
If user-defined travel limits are active, make sure that the programmed coordinates are within the defined limits.
Make sure that your Tool Offsets are correct.
Check your program for errors.
Mills: Make sure that G90 or G91 is correctly selected.
Make sure that the program calls the correct work offset.
Make sure that the programmed axis coordinates are correct.",Y축의 이동거리 범위,축에 이동 거리 한계 바깥으로 이동하라는 명령이 내려졌습니다. 경보를 해결하는데 도움이 되는 목록을 사용하십시오. 워크 오프셋이 올바른지 확인하십시오. G52 및 G92 오프셋을 확인하십시오. G52 및 G92 오프셋이 모든 기타 워크 오프셋을 변경하는데 사용됩니다. 대부분의 응용장치에서 이 오프셋은 0이 되어야 합니다. 사용자 정의 이동거리 한계가 활성화되었으면 프로그래밍된 좌표가 정의된 한계 내에 있는지 확인하십시오. 툴 오프셋이 정확한지 확인하십시오. 프로그램에 오류가 있는지 확인하십시오. 밀: G90 또는 G91이 정확하게 선택되었는지 확인하십시오. 프로그램이 정확한 워크 오프셋을 호출했는지 확인하십시오. 프로그래밍된 축 좌표가 정확한지 확인하십시오.
NGC,161.0000,161,0000,AXIS DRIVE FAULT,General Alarm: A fault was reported by the axis servo drive. There will be a secondary alarm which will display more specific information. Investigate any secondary alarms. ,축 드라이브 고장(B AXIS DRIVE FAULT),일반 경보: 축 서보 드라이브에 의해 고장이 보고되었습니다. 더 구체적인 정보를 표시하는 2차 경보가 있을 것입니다. 모든 2차 경보를 조사하십시오.
CHC-Mill,388.0000,388,0000,CUTTER COMP NOT ALLOWED WITH G10,Coordinates cannot be altered while Cutter Comp is active. Move the G10 outside of Cutter Compensation enablement.,컷터 보정이 G10으로 허용이 안됨,컷터 보정이 활성화되어 있는 동안에는 좌표가 변경되어서는 안 됩니다. 컷터 보정 활성화를 벗어나도록 G10을 이동하십시오.
CHC-Lathe,729.0000,729,0000,TT (Live Tooling) AXIS OVER TRAVEL RANGE,Not Used.,TT(라이브 툴링) 축 과도한 이동거리 범위TT (Live Tooling) AXIS OVER TRAVEL RANGE,사용하지 않습니다.
NGC,9972.0000,9972,0000,FPGA CONFIGURATION FAULT,"FPGA was not configured at time of power up.  Cycle machine power. If the problem persists, machine requires software reload. ",FPGA 구성 고장,FPGA가 전원을 켤 때 구성되지 않았습니다. 기계 전원을 껐다 켰다 하십시오. 문제가 지속되면 기계에 소프트웨어를 다시 로드해야 합니다.
NGC,854.0000,854,0000,ATC CAROUSEL DRIVE TRAIN FAILURE,"During a tool–change, the ATC carousel did not get to the commanded position. ",ATC 캐로슬 드라이브 트레인 고장,공구 교환 중 ATC 캐로슬이 명령된 위치에 도달하지 못했습니다.
NGC,2096.0000,2096,0000,HPU OIL TEMPERATURE TOO HIGH,"The HPU hydraulic oil temperature is too high.  When the oil temperature on the GAUGES display falls below the red alarm level, press RESET and continue operation. This alarm will clear only after the oil temperature has returned to a safe level. To avoid overheating: Optimize hydraulic pump usage by adjusting chuck clamp and tail stock forces, reduce spindle RPM; Check that air flow around the machine is not restricted; Check hydraulic oil level in HPU reservoir; Clean oil and debris from the HPU unit; Check spindle fan is operational.",HPU 오일 온도가 지나치게 높음,"HPU 유압 오일 온도가 너무 높습니다. 게이지 디스플레이의 오일 온도가 적색 경보 레벨 아래로 떨어지면 RESET을 누르고 작동을 계속하십시오. 이 경보는 오일 온도가 안전한 수준으로 돌아온 후에만 해제됩니다. 과열을 피하는 방법: 척 클램프와 심압대 힘을 조정함으로써 유압 펌프 사용을 최적화하고, 스핀들 RPM을 줄이며, 기계 주변의 공기 흐름이 제한되지 않았는지 확인하고, HPU 저장소의 유압 오일 레벨을 확인하며, HPU 장치에서 기름과 찌꺼기를 청소하고, 스핀들 팬이 작동하는지 확인하십시오."
CHC-Mill,142.0000,142,0000,A–AXIS MOTOR Z FAULT,An Encoder fault has been sensed. The ZReference signal from the encoder was not received as expected.  Cycle power on the machine. Check the A–axis connections at the side of the control cabinet.,A축 모터 Z 고장,인코더 고장이 감지되었습니다. 인코더로부터 온 Z 참조 신호는 예상대로 수신되지 않았습니다. 기계의 전원을 껐다 켰다 해주십시오. A축이 제어 캐비닛 측면에 연결되었는지 확인하십시오.
CHC-Mill,652.0000,652,0000,U-AXIS ZERO RETURN MARGIN IS TOO SMALL,The home switch is too close to the motor encoder reference mark.,U축 영점 복귀 마진이 너무 적음,원점 스위치가 모터 인코더 참조 표시에 너무 가깝습니다.
CHC-Mill,516.0000,516,0000,ILLEGAL CONDITIONAL OR NO THEN,"A conditional expression was found outside of an IF-THEN, WHILE, or M99 block. Check macro formatting.",위법 조건문 또는 이면(THEN) 없음,"IF-THEN, WHILE 또는 M99 블록 외부에 조건 표현식이 발견되었습니다. 매크로 형식을 확인하십시오."
NGC,9836.0000,9836,0000,120VAC PHASE C NO CURRENT,An output was turned on but no change in current was detected.    Check for broken wires/cables. ,120VAC 위상 C 전류 없음,출력은 켜졌으나 전류 상의 변경이 감지되지 않았습니다. 파손된 배선/케이블을 확인하십시오.
NGC,9997.0000,9997,0000,CHUCK CLAMP SETTLE TIME CHECK FAILURE,Chuck clamp was incomplete. Press chuck clamp button to clamp or manually clamp chuck with lever.,척 클램프 해결 시간 확인 고장,척 클램프가 맞지 않습니다. 척 클램프 버튼을 눌러 척을 레버에 클램핑하거나 수동으로 클램핑합니다.
CHC-Lathe,704.0000,704,0000,SP–AXIS POSITION ERROR,The SP–axis cannot move to the commanded position.  Check that the axis is free from obstructions. Push the RESET button to clear the alarm and to turn on the servomotors.,SP축 위치 오류,SP축이 명령된 위치로 이동할 수 없습니다. 축이 장애물로부터 자유로운지 확인하십시오. RESET(리셋) 버튼을 눌러 경보를 삭제하고 서보 모터를 켜십시오.
CHC-Mill,255.0000,255,0000,NO TOOL IN SPINDLE,"There is an invalid tool number in the spindle entry of the PocketTool table. The spindle entry cannot be 0 and must be listed in the body of the table. If there is no tool in the spindle, enter the number for an empty pocket into the spindle entry. If there is a tool number in the spindle entry, make sure that it is in the body of the table and that the pocket is empty.",스핀들에 공구 없음(NO TOOL IN SPINDLE),포켓 툴 테이블의 스핀들 항목에 잘못된 공구 번호가 있습니다. 스핀들 항목은 0이 되어서는 안되고 표 본문에 나열되어야 합니다. 스핀들 항목에 공구가 없다면 빈 포켓 번호를 스핀들 항목에 입력하십시오. 스핀들 항목에 공구가 있다면 표 본문에 있는지 그리고 포켓이 비었는지 확인하십시오.
CHC-Mill,403.0000,403,0000,TOO MANY PROGS,Control memory program storage cannot exceed 500 individual program numbers.,너무 많은 프로그램,제어 메모리 프로그램 스토리지는 500개의 개별 프로그램 숫자를 초과해서는 안 됩니다.
CHC-Lathe,752.0000,752,0000,V–AXIS DRIVE FAULT,"General Alarm: A fault was reported by the V–axis servo drive. The servos have been turned off. There will be a secondary alarm which will display more specific information, with repair details. – Investigate any secondary alarms.",V축 드라이브 고장,일반 경보: V축 서보 드라이브에 의해 오류가 보고되었습니다. 서보가 꺼져 있었습니다. 수리 세부 사항과 더불어 더 구체적인 정보를 표시하는 2차 경보가 있을 것입니다. - 모든 2차 경보를 조사하십시오.
NGC,9502.0000,9502,0000,AUTO DOOR EDGE SENSOR TRIPPED,"Auto door was attempting&nbsp;to open/close while the door edge sensor is enabled and tripped.

Ensure that there are no objects blocking or tripping the sensor.

Check the wiring for any short circuits.
",자동 동어 에지 센서 동작됨,"자동 도어가&nbsp;열리고/닫히려고 하는 한편, 도어 에지 센서가 활성화되고 동작됩니다. 센서를 막고 있거나 동작시키는 센서가 있는지 확인하십시오. 단락이 없는지 배선을 확인하십시오.
"
NGC,9105.0000,9105,0000,IO BOARD COMMAND EXECUTION FAILURE,"IO board failed to execute a requested command from the control. This alarm typically occurs when the IO board is in a faulted state. Review the alarm history to see if there are any other IO board reported faults. If there is a fault, fix the fault and press [ RESET ] to retry.",IO 보드 명령 실행 실패,I/O 보드가 제어에서 요청된 명령을 실행하지 못했습니다. 이 경보는 일반적으로 I/O 보드가 고장 상태일 때 발생합니다. 알람 이력을 검토하여 또 다른 I/O 보드 고장 리포트가 있었는지 찾아보십시오. 고장이 있다면 고장을 고치고 [RESET]을 눌러 다시 시도하십시오.
NGC,2023.0000,2023,0000,TURRET FAILED TO LEAVE UNCLAMP SWITCH,The tool turret attempted to clamp but failed to leave the unclamp switch. Check for any obstructions or problems with the unclamp mechanism.,터렛이 클램프 해제 스위치를 벗어나는 데 실패,공구 터렛이 클램핑하려고 하였으나 클램프 스위치를 벗어나는데 실패하였습니다. 클램핑 해제 메커니즘과 함께 모든 장애물 또는 문제를 확인하십시오.
NGC,2048.0000,2048,0000,D–AXIS ZERO RETURN MARGIN IS TOO SMALL,The home switch is too close to the motor encoder reference mark.,D축 영점 복귀 마진이 너무 적음,원점 스위치가 모터 인코더 참조 표시에 너무 가깝습니다.
NGC,605.0000,605,0000,INVALID TOOL NOSE ANGLE,"An invalid angle for cutting tool tip was specified. This will occur in a G76 block if the ""A"" address code has a value that is not from 0 to 120.",잘못된 공구 노즈 A각,절삭 공구 팁에 대한 잘못된 각도가 지정되었습니다. 이것은 “A” 주소 코드가 0에서 120이 아닌 값이 G76 블록에서 발생합니다.
NGC,369.0000,369,0000,TOOL TOO BIG,  The tool geometry offset specified in the D-code is too large for the programmed radius in this tool path.   Make sure that the tool diameter offset of the selected D-code is correct on the tool offset page. Note: The total diameter of the radius offset is the sum of the geometry and wear columns.  Make sure that the program uses the correct D-code. Use a smaller-diameter tool and update the tool diameter or radius offset in the offset page.       ,너무 큰 공구(TOOL TOO BIG),  D코드에서 지정된 직경 또는 반경 오프셋은 이 공구 경로의 프로그래밍된 반경을 위해서는 너무 큽니다. 툴 오프셋 페이지에서 선택한 D코드의 공구 직경 오프셋이 정확합니다. 참고: 반경 오프셋의 총 직경은 형상과 마모 컬럼의 합계입니다. 프로그램이 정확한 D코드를 쓰는지 확인하십시오. 더 작은 직경의 공구를 사용하고 오프셋 페이지에서 공구 직경이나 반경 오프셋을 업데이트하십시오.
CHC-Mill,986.0000,986,0000,AMPLIFIER SELF–CALIBRATION FAILED,"The Amplifier self–calibration failed. Try RESET key first to clear alarms. If necessary, cycle power on the machine.",증폭기 자체 보정 실패,증폭기가 자체 보정에 실패했습니다. 먼저 RESET 키로 경보를 삭제하십시오. 필요한 경우 기계의 전원을 껐다 켜십시오.
CHC-Lathe,616.0000,616,0000,CANNED CYCLE USING P & Q IS ACTIVE,A canned cycle using P & Q is already executing. A canned cycle cannot be executed by another PQ canned cycle.,P와 Q 사용 고정 사이클 활성화됨,P와 Q 사용 고정 사이클이 이미 실행 중 고정 사이클은 또 다른 PQ 공정 사이클에 의해 실행될 수 없습니다.
NGC,9924.0000,9924,0000,CONTROL AND IO BOARD COMMUNICATION LOST,"Communication failure was detected. Press RESET. If failure persists, check circuit breaker on IO board; check that communication cables are secure.",제어 및 IO 기판 통신 두절,"통신 장애가 감지되었습니다. RESET을 누르십시오. 장애가 지속되면 IO 기판의 회로 차단기를 확인하고, 통신 케이블이 안전한지 확인합니다."
CHC-Mill,167.0000,167,0000,Z-AXIS ZERO RETURN MARGIN IS TOO SMALL,The home switch is too close to the motor encoder reference mark.  Make Sure your offsets are correct before using the machine.,Z축 영점 복귀 마진이 너무 적음,원점 스위치가 모터 인코더 참조 표시에 너무 가깝습니다. 기계 사용 전에 오프셋이 올바른 지 확인하십시오.
NGC,9951.0000,9951,0000,SECONDARY ENCODER SERIAL COMMUNICATION FAULT,"Try RESET key first to clear alarms. If necessary, cycle power on the machine. ",2차 인코더 시리얼 통신 고장,먼저 RESET 키로 경보를 삭제하십시오. 필요한 경우 기계의 전원을 껐다 켜십시오.
NGC,9804.0000,9804,0000,240VAC GROUND FAULT,"A ground fault condition was detected by the power card and IOPCB on the 240VAC system.  Check all 240V outputs for possible shorts to earth ground.  This includes short circuits in any amplifier or vector drive output as well as any 240V pumps or chip converyor.  Power cycle the machine.   If the alarm persists,  with the alarm on the screen insert a USB device and press [SHIFT] and the [F3] button to generate an error report.  The error report will be saved to the USB device, e-mail the error report file to your local Haas Factory Outlet for further review. ",240VAC 접지 고장,접지 고장 상태가 파워 카드와 240VAC의 IOPCB에 의해 감지되었습니다. 모든 240V가 접지에 단락이 되었는지 확인하십시오. 여기에는 모든 240V 펌프 또는 칩 컨베이어뿐만 아니라 모든 증폭기 또는 벡터 드라이브에서의 단락회로가 포합됩니다. 기계의 전원을 껐다 켰다 해주십시오. 경보가 지속되면 화면의 경보가 있는 상태에서 USB 장치를 삽입하고 [SHIFT] 및 [F3] 버튼을 눌러 오류 보고서를 생성하십시오. 오류 보고서는 USB 장치에 저장됩니다. 추가 검토를 위해 오류 보고서 파일을 귀하의 현지 Haas 직영 창고 매장으로 이메일로 보내십시오.
NGC,125.0000,125,0000,SHUTTLE FAULT,The tool–changer was not at Home position during Power On. – Clear all alarms. Press the tool–change recover button and follow the instructions on the screen. Check for chips in the tool–changer area. ,셔틀 고장,공구 교환장치는 전원이 들어오는 동안에 원점 위치에 있지 않습니다. - 모든 경보를 삭제하십시오. 공구 교환 복구 버튼을 누르고 화면의 지침을 따르십시오. 공구 교환장치 안의 칩을 확인하십시오.
CHC-Lathe,309.0000,309,0000,EXCEEDED MAX FEEDRATE,"Use a feed rate less than or equal to parameter 59. Check setting 9 for correct dimensional units, this can be caused by trying to run MM program in INCH.",최대 이송량 초과,파라미터 59 보다 낮거다 동일한 이송량을 적용하십시오. 올바른 치수 단위에 대해 설정 9를 확인하십시오. 이는 인치(INCH)에서 밀리미터(MM) 프로그램을 실행하려고 하기 때문에 발생할 수 있습니다.
NGC,339.0000,339,0000,MULTIPLE CODES," A line in the program contains multiple codes from the same group. Check your program for:   Two or more M-codes in the same program line. Two or more I, J, K, F, P, Q, T, N... in the same program line. A group 1 or 9 canned cycle and a G-code that blocks group 1 motion Two or more G-codes from the same group* in the same program line, for example:  Motion Commands (G01, G02, G03, etc.) Work Offset G-codes (G54, etc.) Plane Selection (G17, G18, G19) Canned Cycles (G80, G81, G82, etc.)   * Note: For a full list of G-codes and the groups that they belong to, refer to the G-code section of your Operator's Manual.   ",다중 코드(MULTIPLE CODES)," 프로그램의 라인은 동일 그룹으로부터 다중 코드를 포함합니다. 프로그램에 다음이 있는지 확인하십시오. 동일한 프로그램 라인에 둘 이상의 M 코드. 동일한 프로그램 라인에 둘 이상의 I, J, K, F, P, Q, T, N…가 있음. 그룹 1 또는 9 고정 사이클 및 그룹 1 동작을 차단하는 G코드, 동일한 프로그램 라인에 있는 동일한 그룹*의 두 개 이상의 G코드, 예시:  동작 명령(G01, G02, G03 등) 워크 오프셋 G코드(G54 등) 평면 선택(G17, G18, G19) 고정 사이클(G80, G81, G82 등)   * 참고: G코드 및 G코드가 속한 그룹의 완전한 목록을 위해서 운영자 매뉴얼의 G코드 섹션을 참조하십시오."
NGC,486.0000,486,0000,NETWORK FILE I O FAILED,  An error occurred during a data transfer to or from the Net Share folder. Check the network connection. ,네트워크 파일 I/O 고장,  Net Share 폴더와 데이터를 주고받는 동안 오류가 발생했습니다. 네트워크 연결을 확인하십시오.
CHC-Lathe,709.0000,709,0000,J AXIS SERVO ERROR TOO LARGE,The J axis cannot move to the commanded position. Check your program for errors. Check for the axis running into a mechanical stop.,J축 서보 오류 과도함,J축이 명령된 위치로 이동할 수 없습니다. 프로그램에 오류가 있는지 확인하십시오. 축이 기계의 멈춤장치와 충돌했는지 확인하십시오.
NGC,9850.0000,9850,0000,ANALOG GP2 OVER LIMIT,General Purpose Analog input has exceeded the limit specified by the I/O Configuration file. ,아날로그 GP2 한계 초과,일반 목적 아날로그 입력이 I/O 구성 파일이 지정한 한계를 초과했습니다.
CHC-Mill,424.0000,424,0000,Y–AXIS SECONDARY ENCODER POSITION MISMATCH,The Position reported by the secondary encoder does not match the position reported by the primary encoder. This alarm cannot be reset. – Turn the machine off and back on.,Y축 2차 인코더 위치 불일치,2차 인코더에 의해 보고된 위치는 1차 인코더에 의해 보고된 위치와 맞지 않습니다. 이 경보는 리셋할 수 없습니다. -기계를 끄고 다시 켜십시오.
CHC-Mill,199.0000,199,0000,NEGATIVE RPM,A negative spindle RPM was entered. Spindle speed commands must always be a positive value.,음의 값 RPM,음의 값 스핀들 RPM이 입력되지 않았습니다. 스핀들 회전수 명령은 항상 양의 값이어야 합니다.
NGC,9703.0000,9703,0000,CAN NODE ERROR,"Caused by a hardware/firmware malfunction with a CAN node, which results in the node not being able to continue normal operation. A sentence containing the specific CAN device name will be appended: ""Cannot recover from error: [CAN Device name].""
It is not a communication loss error, it has separate alarm. ",CAN 노드 오류,"CAN 노드와의 하드웨어/펌웨어 오작동이 원인이며, 이것으로 인하여 노드의 일반적인 작동을 불가능하게 합니다. 특정 CAN 장치 이름을 포함한 문장을 부착합니다. ""다음 오류 복구 불가능: [CAN 장치명]."" 이것은 통신 두절 오류가 아니라 분리된 경보입니다."
NGC,9303.0000,9303,0000,BTD CAMERA COMMUNICATION LOST,"The Broken Tool Detection(BTD) board has detected a loss of communication with the BTD camera.
Double check that the camera is connected to the BTD board.
Then press [RESET] to continue. If the issue persists, contact your local Haas Factory Outlet.",,
NGC,9156.217,9156,217,SRVO-217 E-STOP Board not found,This alarm is generated when either the E-Stop PCB or Safety I/O PCB is missing from the Safety buss. Check that the Safety I/O PCB is fully seated. Check the cable is connected to the E-Stop PCB & Safety I/O PCB.,,
NGC,9156.219,9156,219,SRVO-219 Safety I O brd fuse%d blown %s,Failed to successfully execute a robot command. A fuse on the additional Safe I/O board has blown. The number of the safe I/O device that the alarm occurs is displayed in the end  the message such as (1). The safe I/O device number is displayed in DCS Safe I/O device menu. Replace the fuse on the additional Safe I/O board or the additional Safe I/O board. ,SRVO-219 안전 I/O 보드 퓨즈%d 끊어짐 %s,로봇 명령을 성공적으로 실행하지 못했습니다. 추가 안전 I/O 보드의 퓨즈가 끊어졌습니다. 경보가 발생하는 안전 I/O 장치의 번호는 (1)과 같은 메시지 끝에 표시됩니다. DCS 안전 I/O 장치 메뉴에 안전 I/O 장치 번호가 표시됩니다. 추가 안전 I/O 보드의 퓨즈 또는 추가 안전 I/O 보드를 교체하십시오.
NGC,113.0000,113,0000,SHUTTLE IN FAULT,Tool-changer shuttle did not complete movement to the right.  Check for chips on the tool and on the tool-changer and remove them. Use the RECOVERY function. If there is a tool held in the carousel pocket  facing the spindle it must be removed. ,셔틀 인 고장,공구 교환장치 셔틀이 오른쪽으로 완전히 이동하지 않았습니다. 공구 및 공구 교환장치 위의 칩을 확인하고 칩을 제거하십시오. 복구(RECOVERY) 기능을 사용하십시오. 스핀들에 향해 있는 캐로슬 포켓 안에 고정된 공구가 있으면 그 공구를 제거되어야 합니다.
NGC,626.0000,626,0000,TOOL CHANGER FAULT,"RUN TOOL CHANGE RECOVERY  The carousel pocket was not in the correct position, or did not move to a commanded position, as expected. &ndash; Make sure the supplied air system is adequate. Check for a pocket motion obstruction. ",공구 교환장치 고장,"공구 교환 복구 실행: 캐로슬 포켓이 정확한 위치에 없거나, 명령된 위치로 기대대로 이동하지 않았습니다. &ndash; 공급된 공기 시스템이 적절한지 확인하십시오. 포켓 동작 장애물이 있는지 확인하십시오."
CHC-Mill,205.0000,205,0000,PROGRAMS CRC ERROR,The poweron consistency check of program memory failed. This can happen after a software update. It can also be a symptom of a software problem. Edit a program. This will recalculate the CRC.,프로그램 CRC 오류,프로그램 메모리의 전원 켜짐 유지하는지에 대한 확인에 실패했습니다. 이것은 소프트웨어 업데이트 후에 발생할 수 있습니다. 또한 소프트웨어의 증상일 수도 있습니다. 프로그램 편집 이렇게 하면 CRC를 다시 계산합니다.
NGC,2046.0000,2046,0000,D–AXIS Z CHANNEL MISSING,An Encoder fault has been sensed. The Z–Reference signal from the encoder was not received as expected. – Cycle power on the machine.,D축 Z 채널 누락,인코더 고장이 감지되었습니다. 인코더로부터 온 Z 참조 신호는 예상대로 수신되지 않았습니다. - 기계의 전원을 껐다 켰다 해주십시오.
CHC-Mill,1010.0000,1010,0000,OTS NOT CALIBRATED,OTS Not Calibrated.  The tool probe is not calibrated.,보정되지 않은 OTS,보정되지 않은 OTS  공구 프로브가 보정되지 않았습니다.
CHC-Mill,352.0000,352,0000,AUX AXIS POWER OFF,"Aux C, U, V, or W axis indicate servo off. Check auxiliary axes. Status from control was Off.",보조 축 전원 꺼짐,"보조 C, U, V 또는 W 축은 서보 오프를 나타냅니다. 보조 축을 확인하십시오. 제어에서 상태는 꺼져 있습니다."
NGC,9202.0000,9202,0000,ROTARY AXIS FAILURE TO REACH UNCLAMP SWITCH,"There was an issue with the rotary axis that is using an indexer. The axis face gear was unable to clamp in a reasonable amount of time.
Press [RESET] and attempt to jog the axis.",,
NGC,655.0000,655,0000,"AXIS MISMATCH WITH I, K CHAMFERING","When using I, K address codes with G01 for chamfering, do not use ""I"" on the same block with ""X"", or ""K"" on the same block with ""Z"". Make corrections to your program.","축과 I, K 모따기의 불일치","모따기를 위해 G01과 함께 I, K 주소 코드를 사용할 경우 ""I""를 ""X""와 같은 블록에 사용하거나 ""K""를 ""Z""와 같은 블록에 사용하지 마십시오. 프로그램을 수정하십시오."
NGC,9421.0000,9421,0000,RJH EMERGENCY STOP SWITCH ERROR,The emergency stop circuit in the RJH has failed. Check RJH emergency stop switch contacts and wiring. Check the E-STOP jumpers on the SKBIF PCB. They should be in the vertical position to enable the RJH-XL E-STOP. Fix the problem and then cycle power to clear this alarm.,RJH 비상 정지 스위치 오류,RJH의 비상 정지 회로가 작동하지 않습니다. RJH 비상 정지 스위치의 접촉과 배선을 확인하십시오. SKBIF PCB에 비상 정지 점퍼가 있는지 확인합니다. 점퍼는 수직 위치에 있어서 RJH-XL 비상 정지가 가능해야 합니다. 문제를 고친 다음에 경보를 삭제하기 위해 전원을 껐다 켰다 하십시오.
NGC,508.0000,508,0000,DIVISION BY ZERO,A division in a macro expression attempted to divide by zero. Re-configure the macro expression. Check macro formatting for a calculation or call that is referencing a zero value variable.  ,0으로 나누기,매크로 표현식 나누기에서 0으로 나누려는 시도가 있었습니다. 매크로 표현식을 재구성하십시오. 매크로 형식이 값이 0인 변수를 참조하는 계산이거나 호출인지를 확인합니다.
NGC,11.103,11,103,TA-AXIS - AXIS SERVO ERROR TOO LARGE,"The axis cannot move to the commanded position and the error grew too large.  Clean chips from the machine. 
Check your program for errors and correct speeds and feeds. 
Check for chips on tools and tool-holders. 
Check for dull tools.  Check for a machine crash.",TA축 - 축 서보 오류가 너무 큼,축이 명령된 위치로 움직일 수 없으며 오류가 너무 커집니다. 기계에서 칩을 깨끗이 제거하십시오. 프로그램에 오류가 있는지 확인하고 속도와 이송을 수정하십시오. 공구 및 공구 홀더에 칩이 있는지 확인하십시오. 무뎌진 공구가 있는지 확인하십시오. 기계 충돌이 있는지 확인하십시오.
CHC-Mill,525.0000,525,0000,VAR. REF. ILLEGAL DURING MOVEMENT,Variable cannot be read during axis movement.,VAR. REF. 이동 중 위법,변수는 축 이동 중에 읽어서는 안 됩니다.
CHC-Lathe,490.0000,490,0000,CONFLICTING AXES WITH LINEAR RAPID ENABLED,"U, V, W move are not allowed in the same block of G code as X, Y, Z, A, or B when both APL, or Barfeeder, and LINEAR RAPID are enabled.",축과 선형 급속 충돌 활성화됨,"U, V, W 이동은 APL 또는 환봉 공급장치 및 선형 급속(LINEAR RAPID)이 모두 활성화된 경우 X, Y, Z, A 또는 B와 동일한 G코드 블록에서 허용되지 않습니다."
NGC,9929.0000,9929,0000,NO VERTICAL AXIS SPECIFIED FROM MACHINE,"Parameter issue.  At least one axis must be designated as vertical even if it doesn't make sense.  The factory must correct the parameter file.  Power cycle the machine.  If the alarm persists,  with the alarm on the screen insert a USB device and press [SHIFT] and the [F3] button to generate an error report.  The error report will be saved to the USB device, e-mail the error report file to your local Haas Factory Outlet for further review. ",기계로 부터 지정된 수직 축이 없음,파라미터 문제. 적어도 한 개의 축이 이유를 모르더라도 수직으로서 목적지가 정해질 수 있습니다. 공장은 파라미터 파일을 수정합니다. 기계의 전원을 껐다 켰다 해주십시오. 경보가 지속되면 화면의 경보가 있는 상태에서 USB 장치를 삽입하고 [SHIFT] 및 [F3] 버튼을 눌러 오류 보고서를 생성하십시오. 오류 보고서는 USB 장치에 저장됩니다. 추가 검토를 위해 오류 보고서 파일을 귀하의 현지 Haas 직영 창고 매장으로 이메일로 보내십시오.
NGC,11.108,11,108,TA-AXIS SERVO OVERLOAD,This can occur if the load on the motor is over 100% for a period of several seconds or even minutes.  Review the Cambox Troubleshooting guide.,,
CHC-Mill,149.0000,149,0000,SPINDLE TURNING,"Try to command spindle to stop and then recover tool changer. If necessary, cycle power on the machine and repeat spindle stop and recover.",스핀들 회전,스핀들에 정지하라는 명령을 보낸 후에 공구 교환장치를 복원하도록 하십시오. 필요한 경우 기계를 껐다 켜서 스핀들 정지와 복구를 반복하십시오.
CHC-Lathe,722.0000,722,0000,V–AXIS MOTOR OVERHEAT,The V–axis motor has overheated. – Allow the motor to cool. Reduce the load on the motor.,V축 모터 과열,V축 모터가 과열되었습니다. -모터가 냉각되도록 하십시오. 모터의 부하를 줄이십시오.
NGC,8152.0000,8152,0000,G112 ENABLED WITH ACTIVE CUTTER COMPENSATION,G112 cannot be enabled while cutter compensation is active. Cancel cutter compensation with G40 before enabling G112,G112에 활성화된 컷터 보정이 있음,G112는 컷터 보정이 활성화된 동안에는 활성화 될 수 없습니다. G112를 활성화 하기 전에 G40으로 컷터를 보정하는 것을 취소하십시오.
NGC,9854.0000,9854,0000,ANALOG GP6 OVER LIMIT,General Purpose Analog input has exceeded the limit specified by the I/O Configuration file. ,아날로그 GP6 한계 초과,일반 목적 아날로그 입력이 I/O 구성 파일이 지정한 한계를 초과했습니다.
NGC,9901.0000,9901,0000,IOPCB INTERNAL FAULT,"NGC Internal I/O PCB error.  Update to the latest software.  If the alarm persists,  with the alarm on the screen insert a USB device and press [SHIFT] and the [F3] button to generate an error report.  The error report will be saved to the USB device, e-mail the error report file to your local Haas Factory Outlet for further review. ",IOPCB 내부 고장,NGC 내부 I/O PCB 오류. 최신 소프트웨어로 업데이트하십시오. 경보가 지속되면 화면의 경보가 있는 상태에서 USB 장치를 삽입하고 [SHIFT] 및 [F3] 버튼을 눌러 오류 보고서를 생성하십시오. 오류 보고서는 USB 장치에 저장됩니다. 추가 검토를 위해 오류 보고서 파일을 현지 Haas 직영 창고 매장으로 이메일로 보내십시오.
NGC,2075.0000,2075,0000,AXIS LUBRICATION RESERVOIR EMPTY,The lubrication pressure dropped faster than expected. Refill the lubricant reservoir. If the reservoir has recently been refilled this alarm may appear for several lubrication cycles until the air has been purged from the system. ,축 윤활유 저장소 비워짐,윤활 압력이 정상보다 빠르게 떨어졌습니다. 윤활유 탱크를 다시 채우십시오. 탱크를 최근에 다시 채운 경우 이 경고는 공기가 시스템에서 제거될 때까지 여러 윤활 주기 동안 나타날 수 있습니다.
NGC,7.103,7,103,C-AXIS SERVO ERROR TOO LARGE,The axis cannot move to the commanded position and the error grew too large.,C축 서보 오류가 너무 큼,축이 명령된 위치로 움직일 수 없으며 오류가 너무 커집니다.
NGC,992.0000,992,0000,AMPLIFIER OVER CURRENT,"An Amplifier has sensed excessive current going to the motor. – A preceding axis alarm will indicate which axis amplifier had the fault. This can be caused by a stalled motor, a high motor load for a short duration, Entering a heavy cut with a dull or broken tool can cause this alarm. Check your tools. Check your speeds and feeds. ",전류가 높은 증폭기(AMPLIFIER OVER CURRENT),"증폭기가 모터에 지나친 전류가 흐르는지를 감지했습니다. – 선행 축 경보는 어떤 축 증폭기에 오류가 있었는지를 나타냅니다. 이것은 정지된 모터, 짧은 시간 동안 높은 모터 부하가 원인일 수 있습니다. 무뎌졌거나 부러진 공구로 무거운 절단을 입력하면 이 경보가 발생할 수 있습니다. 공구를 확인하십시오. 속도와 이송을 확인하십시오."
NGC,7.108,7,108,C-AXIS SERVO OVERLOAD,This can occur if the load on the motor is over 100% for a period of several seconds or even minutes. Reduce load on the axis by adjusting the feeds and speeds. Check for dull or broken tools.,C축 서보 과부하,이것은 모터의 부하가 몇 초 또는 심지어 몇 분 동안 100%를 초과하는 경우 발생할 수 있습니다. 이송 및 속도를 조정하여 축에 걸리는 부하를 줄이십시오. 무뎌졌거나 부서진 공구를 확인하십시오.
NGC,175.0000,175,0000,GROUND FAULT DETECTED,A ground fault condition was detected in the AC supply. Most of the machine outputs have been shut off for your safety.    Check for ground faults in both the 120VAC supply and the 240VAC supply.   Check all AC outputs.   Check the spindle and axis motors for ground faults.   Check for a shorted cable to earth ground. ,접지 고장 감지됨,접지 고장 상태가 AC 공급장치에서 감지되었습니다. 기계 출력장치의 대부분이 안전상의 이유로 정지되었습니다. 120VAC 공급장치 및 240VAC 공급장치 모두에서 접지 고장이 있는지 확인하십시오. 모든 AC 출력장치를 확인하십시오. 스핀들 및 축 모터에 접지 고장이 있는지 확인하십시오. 접지하는 케이블이 단락되었는지 확인하십시오.
NGC,6.333,6,333,B-AXIS DISABLED,The program commanded motion for an axis that is not installed in the machine. Edit the program to remove the commands for the disabled axis.,B축 비활성화됨,프로그램이 기계에 설치되지 않은 축에 대하여 동작을 명령하였습니다. 프로그램을 편집하여 비활성화된 축에 대한 명령을 제거하십시오.
NGC,9800.0000,9800,0000,SIO - INTERNAL CIRCUIT ERROR,"The serial I/O PCB on board processor detected an internal error.  Press reset and continue.  If the alarm persists,  with the alarm on the screen insert a USB device and press [SHIFT] and the [F3] button to generate an error report.  The error report will be saved to the USB device, e-mail the error report file to your local Haas Factory Outlet for further review. ",SIO - 내부 회로 오류,보드 프로세서에 있는 시리얼 I/O PCB가 내부 오류를 발견했습니다. 리셋을 누르고 계속하십시오. 경보가 지속되면 화면의 경보가 있는 상태에서 USB 장치를 삽입하고 [SHIFT] 및 [F3] 버튼을 눌러 오류 보고서를 생성하십시오. 오류 보고서는 USB 장치에 저장됩니다. 추가 검토를 위해 오류 보고서 파일을 귀하의 현지 Haas 직영 창고 매장으로 이메일로 보내십시오.
CHC-Lathe,731.0000,731,0000,U–AXIS MOTOR Z FAULT,An Encoder fault has been sensed. The ZReference signal from the encoder was not received as expected.  Cycle power on the machine.,U축 모터 Z 고장,인코더 고장이 감지되었습니다. 인코더로부터 온 Z 참조 신호는 예상대로 수신되지 않았습니다. 기계의 전원을 껐다 켰다 해주십시오.
NGC,937.0000,937,0000,INPUT LINE POWER FAULT,Power was interrupted to this machine for more than 60 milliseconds. Cycle power to continue.,입력 라인 전원 고장,이 기계에 들어오는 전원이 60밀리초를 초과하는 동안 차단되었습니다. 전원을 껐다 켰다하여 계속하십시오.
NGC,267.0000,267,0000,TOOL DOOR OUT OF POSITION,A tool–changer door out of position error was sensed. – Check for something blocking the tool door. Run Tool–Changer recovery. ,위치를 벗어난 공구 도어,위치를 벗어난 공구 교환장치 오류가 감지되었습니다. - 공구 도어를 막는 무엇인가가 있는지 확인하십시오. 공구 교환장치 복구를 실행하십시오.
NGC,9922.0000,9922,0000,MOTION CHANNEL FAULT DETECTED,"The encoder has reported an internal fault of a type that is not recognized by the control. Cycle power on the machine. 
	
Alarm is obsolete 

New alarm for encoder faults updated in software. Update to latest version 100.21.000.1130 or Higher",소프트 웨어가 인코더 고장을 감지함,인코더가 제어에 의해 감지하지 않은 유형의 내부 고장을 보고했습니다. 기계의 전원을 껐다 켰다 해주십시오.
CHC-Lathe,461.0000,461,0000,APL GRIPPER TIMEOUT,The gripper failed to reach its target position within the allowed time.,APL 그리퍼 타임아웃,그리퍼가 허용된 시간 안에 목표 위치에 도달하지 못했습니다.
NGC,20013.0000,20013,0000,PALLET POOL NOT RUN,"Missing Program, Pallet missing. This is an informational message only. No parts need to be replaced.",팔레트 풀 실행 안함,"누락된 프로그램, 팔레트 누락. 이것은 단지 정보 메시지입니다. 교체해야 할 공작물이 없습니다."
NGC,2005.0000,2005,0000,AUXILIARY EMERGENCY STOP ERROR,The auxiliary stop circuit has failed. Check the emergency stop switch contacts and wiring. Fix the problem and then cycle power to clear this alarm.    ,보조 비상정지 오류,보조 정지 회로가 고장났습니다. 비상 정지 스위치의 접촉 및 배선을 확인하십시오. 문제를 고친 다음에 경보를 삭제하기 위해 전원을 껐다 켰다 하십시오.
CHC-Lathe,646.0000,646,0000,VAC INPUT PHASE,"VAC Input Phase Fault. A phase loss or drop of the frequency in the incoming AC line was detected. This occurs when the incoming frequency is lower than 45Hz or higher than 65Hz, or a power brownout. Check your incoming AC line. Cycle Power to Continue",VAC 입력 페이스,"VAC입력 위상 고장 인입 AC 전선에서 페이스 누락 또는 주파수 강하가 감지되었습니다. 이것은 인입 주파수가 45Hz 또는 65Hz 이상, 또는 전원 브라운아웃일 경우 발생합니다. 인입 AC 전선을 확인하십시오. 전원을 껐다 켰다하여 계속하십시오."
CHC-Mill,137.0000,137,0000,Z–AXIS MOTOR OVERHEAT,The Z–axis motor has overheated. – Allow the motor to cool. Reduce the load on the motor.,Z축 모터 과열,Z축 모터가 과열되었습니다. -모터가 냉각되도록 하십시오. 모터의 부하를 줄이십시오.
NGC,9866.0000,9866,0000,ANALOG GP18 OVER LIMIT, General Purpose Analog input has exceeded the limit specified by the I/O Configuration file. ,아날로그 GP18 한계 초과, 일반 목적 아날로그 입력이 I/O 구성 파일이 지정한 한계를 초과했습니다.
NGC,20022.0000,20022,0000,COOLANT LEVEL FELL BELOW 50%,Coolant level dropped below 50%. This is an informational message only. No parts need to be replaced.,,
CHC-Lathe,136.0000,136,0000,Y-AXIS MOTOR OVERHEAT,Servo motor overheat. The temperature sensor in the motor indicates over 150F (65C). This can be caused by an extended overload of the motor; such as leaving the slide at the stops for several minutes.,Y축 모터 과열,"서보 모터 과열. 모터의 온도 센서가 65℃(150℉)를 초과하였음을 표시합니다. 이것은 예를 들어, 슬라이드를 몇 분 동안 정지 위치에 그대로 두는 것과 같은 모터의 늘어난 과부하가 원인일 수 있습니다."
NGC,5.9948,5,9948,A-AXIS SECONDARY ENCODER INTERNAL DATA ERROR,"The secondary (scales) encoder has reported an internal error or that it's internal position data is incorrect.

Reset or cycle power on the machine.",A축 2차 인코더 내부 데이터 오류,2차 (스케일) 인코더가 내부 오류를 보고했거나 인코더의 내부 위치 데이터가 올바르지 않다고 보고했습니다. 기계를 리셋하거나 전원을 껐다 켜주십시오.
CHC-Mill,146.0000,146,0000,Y-AXIS LIMIT SWITCH,The Y-axis home switch input changed state while the machine was in use. There may be chips on an exposed home switch.  Remove chips on exposed home switches. Reset the machine.,Y축 리미트 스위치,기계 사용 중에 Y축 원점 스위치 입력이 상태를 변경하였습니다. 노출된 원점 스위치 위에 칩이 있을지 모릅니다. 노출된 원점 스위치에서 칩을 제거하십시오. 기계를 리셋합니다.
NGC,9857.0000,9857,0000,ANALOG GP9 OVER LIMIT,General Purpose Analog input has exceeded the limit specified by the I/O Configuration file. ,아날로그 GP9 한계 초과,일반 목적 아날로그 입력이 I/O 구성 파일이 지정한 한계를 초과했습니다.
CHC-Lathe,702.0000,702,0000,V-AXIS POSITION ERROR,The Vaxis cannot move to the commanded position. This can be caused by something jamming the bar feeder. Make sure the bar enters the spindle liner smoothly. Check the alignment of the bar feeder to the machine. Push the RESET button to clear the alarm and to turn on the servomotors.,V축 위치 오류,V축이 명령된 위치로 이동할 수 없습니다. 이것은 무언가가 봉재 이송장치를 방해하는 것이 원인일 수 있습니다. 환봉이 스핀들 라이너에 부드럽게 들어가는지 확인하십시오. 봉재 이송장치가 기계에 맞추어 정렬되었는지 확인하십시오. RESET(리셋) 버튼을 눌러 경보를 삭제하고 서보 모터를 켜십시오.
CHC-Lathe,994.0000,994,0000,AMPLIFIER OVERLOAD,"The amplifier has detected a high load for an extended period of time. This can be caused by running the amplifier at more than 100% load for an excessive amount of time. Check the programmed feeds and spindle speed, and for dull tools. This can also be caused by a faulty amplifier.",증폭기 과부하,증폭기가 연장된 시간 동안 높은 부하를 감지하였습니다. 이것은 과도한 시간 동안 100%를 초과한 부하에서의 증폭기를 작동한 것이 원인일 수 있습니다. 프로그래밍된 이송 및 스핀들 회전수 그리고 무뎌진 공구를 확인하십시오. 이것은 고장난 증폭기가 원인일 수도 있습니다.
NGC,2025.0000,2025,0000,D–AXIS SECONDARY ENCODER Z FAULT,An encoder signal integrity error was sensed. The encoder position data may be unreliable.  Reset the alarms and zero return the axis.,D축 보조 인코더 Z 고장,인코더 신호 무결성 오류가 감지되었습니다. 인코더 위치 데이터가 신뢰성이 없는 것일 수도 있습니다. 경보를 리셋하고 축을 영점 복귀시키십시오.
NGC,2055.0000,2055,0000,D–AXIS SECONDARY ENCODER POSITION MISMATCH,The Position reported by the secondary encoder does not match the position reported by the primary encoder. This alarm cannot be reset. – Turn the machine off and back on.,D축 2차 인코더 위치 불일치,2차 인코더에 의해 보고된 위치는 1차 인코더에 의해 보고된 위치와 맞지 않습니다. 이 경보는 리셋할 수 없습니다. -기계를 끄고 다시 켜십시오.
CHC-Mill,832.0000,832,0000,B AXIS SERIAL DATA COMMUNICATION FAULT," Check that the cable from the mocon to the indicated axis encoder is undamaged and securely connected. A serial communications fault has occurred between the indicated encoder and the mocon. This is most commonly due to a loose connector or a bad cable between the mocon and the encoder. Check the cable and connections. If the problem persists, check the motor.",B축 시리얼 데이터 통신 고장, 모콘에서 표시된 축 인코더와 연결된 케이블이 손상되지 않았는지와 확실하게 연결되었는지 확인하십시오. 시리얼 통신 고장이 표시된 인코더 및 모콘 사이에서 발생했습니다. 가장 흔한 원인은 모콘과 인코더 사이에 있는 느슨한 커넥터나 손상된 케이블 때문입니다. 케이블과 연결을 확인하십시오. 문제가 지속되면 모터를 확인하십시오.
CHC-Mill,192.0000,192,0000,B–AXIS ZERO CHANNEL MISSING,An encoder signal integrity error was sensed. The encoder position data may be unreliable. All servos are turned off. – Cycle power on the machine. Check the B–axis connections at the side of the control cabinet.,B축 영점 채널 누락,인코더 신호 무결성 오류가 감지되었습니다. 인코더 위치 데이터가 신뢰성이 없는 것일 수도 있습니다. 모든 서보가 꺼져 있습니다. -기계의 전원을 껐다 켰다 해주십시오. B축이 제어 캐비닛 측면에 연결되었는지 확인하십시오.
NGC,9886.0000,9886,0000,PALLET SLIDE AXIS NOT AT SAFE POSITION,The Pallet Rotate (PR) axis attempted to rotate while the Pallet Slide (PS) axis was not in the safe position. Re-zero the PS axis before attempting to command the pallet pool again. ,팔레트 슬라이드 축 안전 위치 아님,팔레트 로테이트(PR) 축은 팔레트 슬라이드(PS) 축이 안전 위치에 없는 중에 회전하려고 시도했습니다. 팔레트 풀 명령을 다시 명령하려고 하기 전에 PS 축의 영점을 다시 맞추십시오.
CHC-Lathe,549.0000,549,0000,INTERNAL FEED ERROR DETECTED,"This indicates the control software has a problem with a feed rate being too high or near zero. Check your program. On controls prior to L11.26A, this could be caused by a Cutter Comp entry stroke equal to the tool radius.",내부 이송 오류 감지됨,"이는 제어 소프트웨어가 너무 높거나 0에 가까울 정도의 이송량에 문제가 있음을 표시합니다. 프로그램을 확인하십시오. L11.26A에 앞선 제어에 있어서, 이것은 공구 반경과 동일한 컷터 보정(Cutter Comp) 진입 스트로크가 원인일 수 있습니다."
CHC-Mill,234.0000,234,0000,SPINDLE ENCODER CABLE FAULT,The spindle encoder cable does not have valid differential signals. Check the spindle encoder cable for damage.,스핀들 인코더 케이블 고장,스핀들 인코더 케이블에는 유효한 차별적 신호가 없습니다. 스핀들 인코더 케이블에 손상이 있는지 확인하십시오.
CHC-Lathe,666.0000,666,0000,W AXIS DISABLED,Parameter has disabled this axis.,W축 비활성화됨,파라미터가 이 축을 비활성화 하였습니다.
CHC-Mill,280.0000,280,0000,Y–AXIS SECONDARY ENCODER Z FAULT,An encoder signal integrity error was sensed. The encoder position data may be unreliable.  Reset the alarms and zero return the axis.,Y축 2차 인코더 Z 고장,인코더 신호 무결성 오류가 감지되었습니다. 인코더 위치 데이터가 신뢰성이 없는 것일 수도 있습니다. 경보를 리셋하고 축을 영점 복귀시키십시오.
NGC,9813.0000,9813,0000,TOOL CHANGER REGEN SHORTED,The IOPCB experienced a short circuit on the tool changer regen circuit.    Check for a short circuit on it's external regen resistor at P57. ,공구 교환장치 회생 단락됨,IOPCB은 공구 교환장치 회생 회로의 단락이 있었습니다. P57에서 외부 회생 레지스터에서 단락이 있는지 확인하십시오.
CHC-Lathe,447.0000,447,0000,SERVO BAR BAR IN WAY," The end of bar switch was depressed and a load or unload bar was commanded. Remove the bar. Check the function of the switch in diagnostics display. End of Bar Switch input should normally be 0, then change to 1 when depressed.",서보 환봉 방해하는 환봉," 환봉 스위치 끝이 눌렸고 환봉 적재 또는 내리기 명령이 내려졌습니다. 환봉을 제거하십시오. 진단 디스플레이에서 스위치의 기능을 확인하십시오. 환봉 스위치 끝 입력은 보통 0이고, 그 다음에 눌렸을 때는 1로 변경됩니다."
CHC-Mill,528.0000,528,0000,PARAMETER PRECEDES G65,"On G65 lines, all parameters must follow the G65 Gcode. Place parameters after G65.",G65에 선행하는 파라미터,"G65 라인에, 모든 파라미터는 G65 G코드 다음에 있어야 합니다. G65 후에 파라미터를 배치합니다."
NGC,946.0000,946,0000,APC PALLET CLAMP TIMEOUT,The pallet in the mill did not clamp in the time allowed.  Check for foreign objects under the pallet and between the pallet and the clamp plate.   Recover the pallet changer and restart.,APC 팔레트 클램프 타임아웃,밀의 팔레트가 허용된 시간에 클램핑되지 않았습니다. 팔레트 아래와 팔레트와 클램프 플레이트 사이에 외부 물체가 있는지 확인하십시오. 팔레트 교환장치를 복구하고 재시작하십시오.
NGC,116.0000,116,0000,SPINDLE ORIENTATION FAULT,Mills:  The spindle has misaligned with the tool–changer.  – Check for anything mechanically binding the spindle. ,스핀들 오리엔테이션 고장,밀:  스핀들이 공구 교환장치에 제대로 정렬되지 않았습니다. - 스핀들에 기계적으로 묶여 것이 있는지 확인하십시오.
NGC,551.0000,551,0000,SECONDARY SPINDLE COMMANDED WHEN G14 ACTIVE,"A secondary spindle command (M143, M144, M145, M119, M114, or M115) was used when G14 is active. G14 converts all main spindle commands to the same function of the sub-spindle. Do not use secondary spindle commands when G14 is active.",G14가 활성화 시 2차 스핀들에 명령 지정,"G14가 활성화 시 2차 스핀들 명령(M143, M144, M145, M119, M114, or M115)이 사용되었습니다. G14는 서브 스핀들의 동일한 기능에 대한 모든 메인 스핀들 명령을 전환해야 합니다. G14가 활성화 시 2차 스핀들 명령을 사용하지 마십시오."
NGC,20026.0000,20026,0000,SURGE PROTECTOR FAULT HAS BEEN DETECTED REPAIRED,A Surge Protector Fault has been detected or repaired. This is an informational message only. No parts need to be replaced.,서지 보호기 고장이 감지/수리됨,서지 보호기 고장이 감지되거나 수리되었습니다. 이것은 단지 정보 메시지입니다. 교체해야 할 공작물이 없습니다.
CHC-Mill,117.0000,117,0000,SPINDLE HIGH GEAR FAULT,"While changing from low gear to high gear, the gearbox did not move into high gear. Press the POWER UP RESTART key to start a gearbox recovery sequence.",스핀들 고속기어 고장,저속 기어에서 고속기어로 변경하는 동안 기어박스가 고속 기어 안으로 이동하지 않았습니다. 전원 업 재시동(POWER UP RESTART) 키를 눌러 기어박스 복구 시퀀스를 시작하십시오.
NGC,332.0000,332,0000,H AND T NOT MATCHED,"  A G43 H-code in the program did not match the tool in the spindle. This alarm occurs only if Setting 15, H and T Code Agreement, is turned ON. To correct this alarm:   Edit the H-codes in the program to match the tool numbers. Edit the program to select the correct tool. If the program requires mismatched H- and T-codes, turn OFF Setting 15.    ",H 및 T와 맞지 않음(H AND T NOT MATCHED),  프로그램의 G43 H코드는 스핀들의 도구와 맞지 않습니다. 설정 15(H 및 T 코드 협약)이 켜있는 경우에만 경보가 발생합니다. 경보를 수정하는 방법:   프로그램의 H를 편집하여 도구 번호와 일치시키십시오. 프로그램을 편집하여 정확한 도구를 선택하도록 하십시오. 프로그램이 맞지 않는 H코드 및 T코드를 요구할 경우 설정 15를 끄십시오.
NGC,9101.004,9101,004,RESETTABLE SOFTWARE ERROR,This alarm indicates the I/O PCB lost communications with the Main PCB.  The problem may be a loss of I/O PCB power or a problem with the RJ-45 cable between the processor and the I/O PCB.,리셋 가능한 소프트웨어 오류,이 경보는 I/O PCB가 메인 PCB와의 통신이 끊겼음을 나타냅니다. 이 문제의 원인은 I/O PCB 전원 손실 또는 프로세서와 I/O PCB 사이에 있는 RJ-45 케이블일 수 있습니다.
CHC-Mill,130.0000,130,0000,TOOL UNCLAMPED,"The tool was found to be unclamped when the system expected it to be clamped. This is checked during a spindle command, a gear change, a speed change, and TSC startup. Check the tool and spindle for proper operation.",공구 고정 해제,"장치가 시스템이 클램핑되어야 할 때 클램핑이 해제된 것이 발견되었습니다. 스핀들 명령, 기어 변경, 속도 변경 및 TSC 시동 동안에 확인됩니다. 공구와 스핀들이 적절히 작동되는지 확인하십시오."
NGC,145.0000,145,0000,AXIS LIMIT SWITCH,The specified-axis home switch input changed state while the machine was in use. There may be chips on an exposed home switch.  - Remove chips on exposed home switches. Reset the machine. ,축 한계 스위치,기계 사용 중에 지정 축 원점 스위치 입력이 상태를 변경하였습니다. 노출된 원점 스위치 위에 칩이 있을지 모릅니다. -노출된 원점 스위치에서 칩을 제거하십시오. 기계를 리셋합니다.
NGC,861.0000,861,0000,SPINDLES PHASE SYNCHRONIZATION LOST ,&lt;p&gt;This alarm is only generated during G199 operation. It happens when the phase error (difference in relative position between the two spindles) exceeds a preset value. Recommended action is to lower G199 synchronization speed&lt;p&gt; ,스핀들 위상 동기화 누락 ,&lt;p&gt;이 알람은 G199 작동 중에만 생성됩니다. 이는 위상 오차(두 스핀들 간의 상대 위치 차이)가 사전 설정된 값을 초과할 때 발생합니다. 권장 조치는 G199 동기화 속도를 낮추는 것입니다&lt;p&gt; 
NGC,9101.010,9101,010,RESETTABLE SOFTWARE ERROR,"Press reset and continue. If necessary power cycle the machine. If the alarm persists,  with the alarm on the screen insert a USB device and press [SHIFT] and the [F3] button to generate an error report. The error report will be saved to the USB device, e-mail the error report file to your local Haas Factory Outlet for further review.",리셋 가능한 소프트웨어 오류,리셋을 누르고 계속하십시오. 필요한 경우 기계의 전원을 껐다 켜십시오. 경보가 지속되면 화면의 경보가 있는 상태에서 USB 장치를 삽입하고 [SHIFT] 및 [F3] 버튼을 눌러 오류 보고서를 생성하십시오. 오류 보고서는 USB 장치에 저장됩니다. 추가 검토를 위해 오류 보고서 파일을 현지 Haas 직영 창고 매장으로 이메일로 보내십시오.
NGC,9931.0000,9931,0000,UNDEFINED HIGH VOLTAGE POWER SUPPLY FAULT,Power supply reported a fault condition. Power cycle the machine.,정의되지 않은 고압 전원 공급장치 고장,전원 공급장치가 고장 상태를 보고했습니다. 기계의 전원을 껐다 켰다 해주십시오.
CHC-Lathe,784.0000,784,0000,SP–AXIS TRANSITION FAULT,An Encoder problem has been sensed. The encoder position data may be unreliable. Cycle power on the machine.,SP축 전환 고장,인코더 문제가 감지되었습니다. 인코더 위치 데이터가 신뢰성이 없는 것일 수도 있습니다. 기계의 전원을 껐다 켜 주십시오.
NGC,9101.019,9101,019,RESETTABLE SOFTWARE ERROR,"Press reset and continue. If necessary power cycle the machine. If the alarm persists, with the alarm on the screen insert a USB device and press [SHIFT] and the [F3] button to generate an error report. The error report will be saved to the USB device, e-mail the error report file to your local Haas Factory Outlet for further review.",,
CHC-Lathe,431.0000,431,0000,DISK NO PROG NAME,"Need name in programs when receiving All; if not, no way to store them.",디스크 프로그램 명,"모두(All) 수신을 하면 프로그램의 이름이 필요하고, 이름이 없으면 프로그램을 저장할 수 없습니다."
NGC,9137.0000,9137,0000,MISSING I CODE IS REQUIRED,One of the following commands requires an I-code on the same line. The I-code definition is different for each G- or M-code:    G266     I defines the machine position to move the axis to.      ,누락된 I 코드가 필요함,다음 명령 중 하나는 I 코드가 동일한 선상에 있을 필요가 있습니다. I 코드 정의는 각 G-또는 M-코드에 대해 다릅니다. G266   I는 축을 이동하는 기계 위치를 정의합니다.
CHC-Mill,365.0000,365,0000,P DEFINITION ERROR,"P value not defined, or P value out of range. An M29, M59, or M69 must have a P value between the range of 00 and 255. If using G154 command, then P value must be between 1 and 99. Check your program for formatting of the code.",P 정의 오류,"P값이 정의되지 않았거나 P값이 범위를 벗어 났습니다. M29, M59, 또는 M69는 00과 255 범위의 한 개의 P값을 가져야 합니다. G154 명령을 적용할 경우 P값은 1과 99.사이에 있어야 합니다. 해당 코드 포맷 작업을 위한 프로그램을 확인하십시오."
NGC,9101.011,9101,011,RESETTABLE SOFTWARE ERROR,"Insert a USB device and then press [Shift] + [F3] to generate an error report.  E-mail this error report to your HFO.  To recover press the [RESET] button first to clear alarms. If necessary, cycle power on the machine.",리셋 가능한 소프트웨어 오류,USB 장치를 삽입하고 [Shift] + [F3]를 눌러 오류 리포트를 생성합니다. 이 오류 보고서를 Haas 직영 창고 매장에 이메일로 보냅니다. 복구하려면 [RESET] 버튼을 먼저 눌러 경보를 삭제하십시오. 필요한 경우 기계의 전원을 껐다 켜십시오.
NGC,400.0000,400,0000,SKIP SIGNAL DURING RESTART,"A skip signal G-code (G31, G35, G36, G37, G136) was found during program restart. Graphics mode and program restart cannot simulate skip function. Use block delete in program blocks with skip functions for graphic simulation of tool path.  ",재시작 중 신호 건너뛰기,"프로그램 재시작 중에 스킵 신호 G코드(G31, G35, G36, G37, G136)가 발견되었습니다. 그래픽 모드와 프로그램 재시작은 스킵 기능을 시뮬레이션할 수 없습니다. 공구 경로의 그래픽 시뮬레이션을 위해 건너뛰기 기능이 있는 프로그램 블록에서 블록 삭제를 사용합니다."
NGC,9798.0000,9798,0000,CAN NODE CONFIGURATION CRC MISMATCH,The main IO configuration CRC does not match one of the CAN Bus node configuration CRC.  The most likely cause is that configuration files were loaded which contain updated I/O values.   These new values must be downloaded to the CANBus node.,CAN 노드 구성 CRC 불일치,메인 IO 구성 CRC가 CAN 버스 노드 구성 CRC중 하나와 맞지 않습니다. 대부분의 경우 구성 파일이 업데이트된 I/O 값을 포함하여 로드됩니다. 이 새로운 값이 CAN 버스 노드에 다운로드되어야 합니다.
CHC-Lathe,937.0000,937,0000,INPUT LINE POWER FAULT,"Power was interrupted to this machine for more than 60 milliseconds. Cycle power to continue.
",입력 라인 전원 고장,"이 기계에 들어오는 전원이 60밀리초를 초과하는 동안 차단되었습니다. 전원을 껐다 켰다하여 계속하십시오.
"
NGC,9908.0000,9908,0000, IOPCB REPORTED AN ERROR,The IO board has reported a failure.  Cycle power on the machine. , IOPCB에 의한 오류 보고,IO 기판이 고장을 보고했습니다. 기계의 전원을 껐다 켜 주십시오.
NGC,504.0000,504,0000,UNBALANCED BRACKETS IN EXPRESSION,"Unbalanced brackets, [ or ], were found in an expression. Add or delete a bracket. Check the macro formatting.  ",표현식에 불균형 괄호,불균형 브라켓 [ 또는 ]이 표현식에서 발견되었습니다. 괄호를 더하거나 삭제하십시오. 매크로 형식을 확인하십시오.
NGC,999.0000,999,0000,SERVOS POWERED DOWN,The servos have been powered down to save energy. The machine was idle for longer than the number of minutes specified in Setting 216. Press RESET to re-activate the servos.  ,서보 전압 강하,서보의 전원을 줄여 에너지를 절약했습니다. 기계의 유휴 상태가 설정 216에 지정한 분(minutes)보다 길어졌습니다. RESET을 눌러 서보를 재활성화하십시오.
CHC-Mill,444.0000,444,0000,REGEN REMAINED ON TOO LONG,The regen resistor has stayed on too long. Make sure the line voltage to the machine's transformer is correct by referencing the installation instructions.,지나치게 길게 지연된 회생,회생 저항기가 너무 오래 켜진 채로 있었습니다. 설치 지침을 참조하여 기계의 변압기에 연결된 라인 전압이 정확한지 확인하십시오. 
NGC,646.0000,646,0000,ELECTRICAL SUPPLY ERROR,"The electrical supply to the machine does not meet the requirements to run it. One phase of the three–phase power supplied to the machine has been disconnected. The voltage or frequency of the incoming power is not normal.  – Make sure the power supplied to the machine is adequate, as described in the User Manual. ",전기 공급장치 오류,기계의 전기 공급장치가 기계를 실행시키기 위한 요건을 충족시키지 않습니다. 기계에 공급되는 3상 전원 중 하나의 위상의 연결이 끊어져 있습니다. 인입 전원의 전압이나 주파수가 정상이 아닙니다. - 기계에 공급되는 전원이 사용자 매뉴얼의 설명대로 적절한지 확인하십시오.
NGC,9730.000,9730,000,SPINDLE BEARING OVERHEAT,This alarm is regulated by related parameters and the voltage detected from the analog sensor.  Check parameters value.  Check connection to the sensor.  Check sensor.,,
CHC-Lathe,657.0000,657,0000,NOT ONE AXIS MOVE WITH CHAMFERING,"Consecutive blocks commanded with chamfering or corner rounding, for example: G01 Xb Kk G01 Zb Ii. After each chamfering or corner rounding block, there must be a single move perpendicular to the one with chamfering or corner rounding.",모따기는 단일 축 이동이 아님,모따기 또는 모서리 라운딩으로 명령된 연속 블록의 예시: G01 Xb Kk G01 Zb Ii. 각 모따기 또는 블록 모서리 라운딩 후에 모따기 또는 코너 라운딩 중인 블록에 수직인 단일 이동이 있어야 합니다.
CHC-Mill,356.0000,356,0000,AUX AXIS TRAVEL LIMIT,Aux axes are attempting to travel past their limits.,보조 축 이동거리 한계,보조 축이 한계를 넘어 이동하려고 합니다.
CHC-Lathe,440.0000,440,0000,SERVO BAR MAX PARTS REACHED, Job Complete. Reset Current # Parts Run on Servobar current commands page.,서보 환봉 최대 공작물 도달, 작업이 완료되었습니다. 서보 환봉에서 실행 중인 현재의 #공작물(Current # Parts Run on Servobar) 현재 명령어 페이지를 리셋하십시오.
NGC,385.0000,385,0000,"INVALID L, P, OR R CODE IN G10","G10 was used to changes offsets but L, P, or R code is missing or invalid. Check your program format.  ","G10에서 L, P 또는 R코드 유효하지 않음","G10은 오프셋 변경에 사용되었지만 L, P, R코드가 누락되었거나 잘못되었습니다. 프로그램 형식에 다음이 있는지 확인하십시오."
CHC-Mill,183.0000,183,0000,Y–AXIS CABLE FAULT,The Yaxis encoder cable does not have valid signals.,Y축 케이블 고장,Y축 인코더 케이블 신호가 유효하지 않습니다.
CHC-Mill,214.0000,214,0000,NO. OF PROGRAMS CHANGED,Indicates that the number of programs disagrees with the internal variable that keeps count of the loaded programs. Possible processor problem.,변경된 프로그램의 수는,프로그램 수가 로드된 프로그램 수를 유지하는 내부 변수와 일치하지 않음을 나타냅니다. 예상 가능한 프로세서 문제.
NGC,9820.0000,9820,0000,TSC HEAT SINK OVER TEMP,The TSC Heat sink temperature is over the limit of 85�C.    Check for a damaged fan. ,TSC 히트 싱크의 과도한 온도,HTC 히트 싱크의 과도한 온도가 한계인 85�C를 초과했습니다. 팬이 손상되었는지 확인하십시오.
NGC,910.0000,910,0000,APC PROGRAM CONFLICT,"M48 detected that the Pallet Schedule Tables' program assigned to the loaded pallet was not the same as the running program.  Do one of the following:  Enter the program name, that the M48 was called from, into the Program Name column of the loaded pallet in the Pallet Schedule Table. Remove M48 from the program.  Verify that the program and the pallet are compatible.  ",APC 프로그램 충돌,M48이 적재된 팔레트에 할당된 팔레트 일정표 프로그램이 실행 중인 프로그램과 동일하지 않음을 감지했습니다. 다음 중 하나를 수행하십시오. 팔레트 일정표에서 로드된 팔레트 프로그램 이름 열에 M48이 호출된 프로그램 이름을 입력합니다. M48을 프로그램에서 제거합니다. 프로그램과 팔레트가 상호 적합한지 확인하십시오.
CHC-Mill,110.0000,110,0000,Z AXIS SERVO OVERLOAD,This can occur if the load on the motor is over 100% for a period of several seconds or even minutes. Reduce load on the axis by adjusting the feeds and speeds. Check for dull or broken tools.,Z축 서보 과부하,이것은 모터의 부하가 몇 초 또는 심지어 몇 분 동안 100%를 초과하는 경우 발생할 수 있습니다. 이송 및 속도를 조정하여 축에 걸리는 부하를 줄이십시오. 무뎌졌거나 부서진 공구를 확인하십시오.
CHC-Mill,271.0000,271,0000,C AXIS SERVO OVERLOAD,This can occur if the load on the motor is over 100% for a period of several seconds or even minutes. Reduce load on the axis by adjusting the feeds and speeds. Check for dull or broken tools.,C축 서보 과부하,이것은 모터의 부하가 몇 초 또는 심지어 몇 분 동안 100%를 초과하는 경우 발생할 수 있습니다. 이송 및 속도를 조정하여 축에 걸리는 부하를 줄이십시오. 무뎌졌거나 부서진 공구를 확인하십시오.
NGC,473.0000,473,0000,INVALID THREADING CYCLE GEOMETRY,"The geometry specified by the G-code parameters is invalid. If using G76 or G92, either reduce Setting 95 (Thread Chamfer Size) or increase the number of threads. ",유효하지 않는 나사선 사이클 형상,G코드 파라미터에 의해 지정된 형상은 유효하지 않습니다. G76 또는 G92를 사용하는 경우 설정 95(나사산 챔퍼 사이즈)를 감소시키거나 또는 나사산 수를 증가시키는 것 둘 중에 하나를 하십시오.
CHC-Lathe,725.0000,725,0000,TT (Live Tooling) AXIS MOTOR OVERHEAT,The TT (Live Tooling) axis motor has overheated. Allow the motor to cool. Reduce the load on the motor.,TT(라이브 툴링) 축 모터 과열,TT(라이브 툴링) 축 모터가 과열되었습니다. 모터가 냉각되도록 하십시오. 모터의 부하를 줄이십시오.
NGC,341.0000,341,0000,CUTTER COMP END WITH G02 OR G03, -Cutter compensation must end with a linear move. Check program and turn off cutter compensation on in a G01 block.  ,G02 또는 G03과 함께 끝나는 컷터 보정, -컷터 보정은 선형 이동으로 끝나야 합니다. 프로그램을 확인하고 G01 블록에서 컷터 보정을 끄십시오.
NGC,2016.0000,2016,0000,GREASE RESERVOIR IS EMPTY,The axes lubrication grease reservoir is low or empty. refill the reservoir with the grease specified for your machine. Extended use of the machine with an empty grease reservoir could lead to damage to the machine.,그리스 탱크가 비어 있음,축 윤활 그리스 탱크가 낮거나 비어있습니다. 기계에 지정된 그리스로 탱크를 채우십시오. 빈 그리스 탱크로 기계를 연장 사용하면 기계에 손상이 갈 수 있습니다.
NGC,2002.0000,2002,0000,OPERATOR'S PENDANT EMERGENCY STOP SWITCH ERROR,The emergency stop circuit in the control pendant has failed. ,운영자의 펜던트 비상 정치 스위치 오류,제어 펜던트의 비상 정지 회로가 고장입니다.
CHC-Lathe,711.0000,711,0000,U AXIS SERVO OVERLOAD,Excessive load on U axis motor. This can occur if the load on the motor over a period of several seconds or even minutes is large enough to exceed the continuous rating of the motor. The servos will be turned off when this occurs. This can be caused by running into the mechanical stops but not much past them. It can also be caused by anything that causes a very high load on the motors.,U축 서보 과부하,"U축 모터에 과도한 부하가 걸렸습니다. 이것은 몇 초 또는 몇 분 동안 모터의 부하가 모터의 연속 정격을 초과할 만큼 충분히 큰 경우가 원인이 될 수 있습니다. 이런 일이 발생하면 서보는 꺼지게 됩니다. 기계 멈춤장치와 부딪힌게 원인일 수 있지만, 그다지 큰 일은 아닙니다. 또한 모터에 지나치게 높은 부하를 준 모든 것이 원인일 수 있습니다."
CHC-Lathe,274.0000,274,0000,C LIMIT SWITCH,Axis hit limit switch or switch disconnected. Stored stroke limits should stop the slides before they hit the limit switches. Verify the value of parameter Grid Offset and check wiring to the limit switch. Can also be caused by a loose encoder shaft at the back of the motor or coupling of motor to the screw.,C 리미트 스위치,축 도달 리미트 스위치 또는 스위치 연결이 끊겼습니다. 저장된 스트로크 제한은 리미트 스위치에 도달하기 전에 슬라이드를 중지해야 합니다. 파라미터 그리드 오프셋 값을 확인하고 리미트 스위치에 연결된 배선을 확인합니다. 모터 뒤쪽의 인코더 샤프트가 느슨하거나 나사에 커플링된 모터도 원인일 수 있습니다.
CHC-Lathe,9117.0000,9117,0000,CHECK TAILSTOCK PRESSURE,Hydraulic tailstock pressure is low.,심압대 압력 점검,유압 심압대 압력이 낮습니다.
CHC-Lathe,127.0000,127,0000,DOOR FAULT,The machine has detected a problem with the Auto Door. The door either did not Close or Open as commanded. An obstruction or a faulty proximity switch can cause this.,도어 고장,기계가 자동 도어에 문제가 있음을 감지했습니다. 도어가 명령되어 닫히거나 열리지 않았습니다. 장애물이나 결함이 있는 근접 스위치가 이 문제의 원인일 수 있습니다.
CHC-Lathe,607.0000,607,0000,INVALID W CODE,In the context that the W code was used it had an invalid value. Was it positive?,잘못된 W 코드,W 코드가 사용된 컨텍스트에 잘못된 값이 사용되었습니다. 양의 값입니까?
NGC,538.0000,538,0000,MATCHING END NOT FOUND,"While-Do statement does not contain a matching ""End"" statement. Add the proper ""End"" statement.  ",일치하는 END가 발견되지 않음,"While-Do 문은 일치하는 ""End"" 문을 포함하지 않습니다. 적절한 ""End"" 문을 추가하십시오."
NGC,9150.0000,9150,0000,FANUC ROBOT ALARM,Fanuc robot is at fault state. Sub-alarm number indicates fault ID and is provided by Fanuc robot. Check Fanuc operational manual for current robot type.,FANUC 로봇 경보,Fanuc 로봇이 고장 상태입니다. 서브 경보 번호는 고장 ID를 표시하고 Fanuc 로봇에 의해 제공됩니다. Fanuc 운영 매뉴얼에서 현재의 로봇 유형을 확인하십시오.
CHC-Mill,336.0000,336,0000,A-AXIS DISABLED,There was an attempt to move an axis that is not installed in the machine. Check your program for commands to move a nonexistent axis.  Check your program.,A축 비활성화됨,기계에 설치되지 않은 축을 이동시키려는 시도가 있었습니다. 존재하지 않는 축을 이동시키는 명령이 프로그램에 있는지 확인하십시오. 프로그램을 확인하십시오.
NGC,699.0000,699,0000,INVALID PLANE SELECTED,The plane selected is not allowed when used with G codes on this block. Check that the correct plane is selected.,잘못된 평면 선택,선택된 평면이 G코드와 함께 이 블록에서 사용하면 안 됩니다. 정확한 평면을 선택하였는지 확인하십시오.
NGC,2062.0000,2062,0000,TCPC OR DWO INCOMPATIBLE CODE,"A G-code on the current program block is incompatible with Tool Center Point Compensation (TCPC, G234) or Dynamic Work Offsets (DWO, G254). Use G255 to cancel G254 (DWO) or use G49, G43 or G44 to cancel G234 (TCPC). Cancel TCPC or DWO in a block prior to the block that caused this alarm. ",TCPC 또는 DWO 비호환 코드,"현재 프로그램 블록의 G코드는 공구 중심점 보정(TCPC, G234) 또는 동적 워크 오프셋(DWO, G254)과 호환되지 않습니다. G255를 사용하여 G254(DWO)를 취소하거나 G49, G43 또는 G44를 사용하여 G234 (TCPC)를 취소하십시오. 블록에서 이런 경보의 원인이 되는 블록에 앞서서 TCPC 또는 DWO를 취소하십시오."
NGC,770.0000,770,0000,SS–AXIS DISABLED,There was an attempt to move an axis that is not installed in the machine. Check your program for commands to move a nonexistent axis.  Check your program.,SS축 비활성화됨,기계에 설치되지 않은 축을 이동시키려는 시도가 있었습니다. 존재하지 않는 축을 이동시키는 명령이 프로그램에 있는지 확인하십시오. 프로그램을 확인하십시오.
CHC-Mill,309.0000,309,0000,EXCEEDED MAX FEEDRATE,"Use a feed rate less than or equal to machine specified limits. Check setting 9 for correct dimensional units, this can be caused by trying to run MM program in INCH.",최대 이송량 초과,기계가 지정한 한계보다 적거나 동일한 이송량을 적용하십시오. 올바른 치수 단위에 대해 설정 9를 확인하십시오. 이는 인치(INCH)에서 밀리미터(MM) 프로그램을 실행하려고 하기 때문에 발생할 수 있습니다.
CHC-Mill,656.0000,656,0000,V–AXIS CABLE FAULT,The V–axis encoder cable does not have valid signals.,V축 케이블 고장,V축 인코더 케이블 신호가 유효하지 않습니다.
NGC,9870.0000,9870,0000,ANALOG GP22 OVER LIMIT,General Purpose Analog input has exceeded the limit specified by the I/O Configuration file. ,아날로그 GP22 한계 초과,일반 목적 아날로그 입력이 I/O 구성 파일이 지정한 한계를 초과했습니다.
NGC,9405.0000,9405,0000,ELECTRIC VISE NOT ADVANCED,"This alarms occurs because the user has tried to start the main spindle while a program was running and the main electric vise was not in the advanced state  To troubleshoot this issue:    Set the main electric vise is in the advanced state  Check setting 384, it denotes whichVise is the main one      ",전기 바이스 전진 위치 아님,이 경보는 프로그램이 실행중이고 메인 전기 바이스가 전진 상태에 있지 않을 때 사용자가 메인 스핀들을 시동하려고 할 때 발생합니다. 이 문제를 고장 수리하려면:    메인 전기 바이스를 전진한 상태로 놓으십시오. 설정 384를 확인해서 어떤 바이스가 메인 바이스인지 확인하십시오.
CHC-Mill,497.0000,497,0000,DATA VALUE ERROR DETECTED IN PROGRAM,An address code value in the program exceeds the maximum for the data storage type. The value must not exceed 8380.000 nor be less than 8380.000. Examine your program and change the value of the address code as necessary.,데이터 값 오류가 프로그램에서 감지됨,프로그램의 주소 코드 값이 데이터 저장 유형의 최대 크기를 초과하였습니다. 값은 8380.000를 초과하거나 8380.000보다 작아서는 안 됩니다. 프로그램을 검사하고 필요하면 주소 코드의 값을 변경하십시오.
NGC,858.0000,858,0000,ATC CAROUSEL MOTOR ELECTRICAL FAULT,"No motor current was measured after the ATC carousel was commanded ON.  Check the motor power cables for any breaks, severe crimping, or loose connections that can cause an open circuit. Make sure the cable connectors do not have damaged pins. On the I/O board, make sure the 4–pin jumper is plugged into P87. Measure the resistance of the motor. If the electrical resistance measures less than 1 Ohm, or more than 50 Ohms, replace the motor.  Power cycle the machine.   If the alarm persists,  with the alarm on the screen insert a USB device and press [SHIFT] and the [F3] button to generate an error report.  The error report will be saved to the USB device, e-mail the error report file to your local Haas Factory Outlet for further review. ",ATC 캐로슬 모터 전기 고장,"ATC 캐로슬의 명령이 켬으로 된 후에 모터 전류가 측정되지 않았습니다. 모터 전원 케이블에 개방 회로를 발생하게 하는 절단, 심한 크림핑 또는 느슨한 연결이 있는지 확인하십시오. 케이블 연결에 손상된 핀이 없는지 반드시 확인하십시오. I/O 보드에 4핀 점퍼가 P87에 플러그 연결되었는지 반드시 확인하십시오. 모터의 저항을 측정하십시오. 모터 저항이 1오옴 미만이거나 50오옴을 초과하면 모터를 교체하십시오. 기계의 전원을 껐다 켰다 해주십시오. 경보가 지속되면 화면의 경보가 있는 상태에서 USB 장치를 삽입하고 [SHIFT] 및 [F3] 버튼을 눌러 오류 보고서를 생성하십시오. 오류 보고서는 USB 장치에 저장됩니다. 추가 검토를 위해 오류 보고서 파일을 현지 Haas 직영 창고 매장으로 이메일로 보내십시오."
NGC,524.0000,524,0000,END FOUND WITH NO MATCHING DO,An END was encountered without encountering a previous matching DO. DO-END numbers must agree. Check macro formatting.  ,일치하는 DO와 발견된 END,END는 이전의 일치한 DO가 발생하지 않은 상태에서 발생했습니다. DO-END 숫자가 일치해야 합니다. 매크로 형식을 확인하십시오.
CHC-Lathe,113.0000,113,0000,TURRET FAILURE TO REACH UNCLAMP SWITCH,The tool–turret failed to extend completely. – Check for any obstructions.,터렛이 클램프 해제 스위치에 도달 못함,공구 터렛이 완전히 확장되지 않았습니다. - 장애물이 있는지 확인하십시오.
CHC-Lathe,140.0000,140,0000,Y-AXIS MOTOR Z FAULT,Encoder marker pulse count failure. This alarm usually means that the encoder has been damaged and encoder position data is unreliable. It can also be caused by damaged motor cable or a loose encoder cable connection on motor or encoder input on the Mocon PCB.,Y축 모터 Z 고장,인코더 마커 펄스 카운트 오류. 이 경보는 일반적으로 인코더가 손상되었고 인코더 위치 데이터가 신뢰할 수 없음을 의미합니다. 또한 모터 케이블이 손상되었거나 모터의 인코더 케이블 연결이 느슨하거나 Mocon PCB의 엔코더 입력이 원인일 수도 있습니다.
CHC-Mill,509.0000,509,0000,ILLEGAL MACRO VARIABLE USE,See Operator manual macro section for valid variables.,위법 매크로 변수 사용,유효한 변수는 운영자 매뉴얼 매크로 섹션을 참고하십시오.
CHC-Mill,322.0000,322,0000,SUB PROG WITHOUT M99,Add M99 code to end of program called as a subroutine. Check program.,M99 없는 서브 프로그램,M99 코드를 서브루틴으로 불리는 프로그램의 끝에 더합니다. 프로그램을 확인하십시오.
CHC-Mill,483.0000,483,0000,FPU IDE ERROR,A BSUN exception has occurred on the floationg point unit. The execution address where this occurred can be found in the FPU ERR field of the LL DEBUG screen.,FPU IDE 오류,BSUN 예외가 부동점 유닛에서 발생했습니다. 이것이 발생한 실행 어드레스가 LL DEBUG 화면의 FPU ERR에서 발견될 수 있습니다.
CHC-Mill,512.0000,512,0000,ILLEGAL ASSIGNMENT USE,Attempted to write to a readonly macro variable. See Operator manual macro section for valid variables. Parameter and setting variables are read only.,위법 할당 사용,읽기 전용 매크로 변수를 쓰려고 시도하였습니다. 유효한 변수는 운영자 매뉴얼 매크로 섹션을 참고하십시오. 파라미터 및 설정 변수는 읽기 전용입니다.
CHC-Mill,490.0000,490,0000,CONFLICTING AXES,"U, V, W move are not allowed in the same block of G code as X, Y, Z, A, or B.",충돌하는 축,"U, V, W 이동이 X, Y, Z, A 또는 B로서 G코드의 동일한 블록에서는 허용되지 않습니다."
NGC,9156.266,9156,266,SRVO-266 FENCE1 status abnormal,A chain alarm was detected with the EAS (FENCE) signal. Check that the signal cables for the fence is not damaged or miswired. TBOP20 connector and cables in the Fanuc Control Box or the Interface Box M12 connector Robot Signals.,SRVO-266 FENCE1 상태 비정상,EAS(FENCE) 신호로 체인 경보가 감지되었습니다. 펜스의 신호 케이블이 손상되거나 잘못 배선되지 않았는지 확인하십시오. Fanuc 제어 박스 또는 인터페이스 박스 M12 커넥터 로봇 신호의 TBOP20 커넥터 및 케이블.
NGC,9156.267,9156,267,SRVO-267 FENCE2 status abnormal,A chain alarm was detected with the EAS (FENCE) signal. Check that the signal cables for the fence is not damaged or miswired. TBOP20 connector and cables in the Fanuc Control Box or the Interface Box M12 connector Robot Signals.,SRVO-267 FENCE2 상태 비정상,EAS(FENCE) 신호로 체인 경보가 감지되었습니다. 펜스의 신호 케이블이 손상되거나 잘못 배선되지 않았는지 확인하십시오. Fanuc 제어 박스 또는 인터페이스 박스 M12 커넥터 로봇 신호의 TBOP20 커넥터 및 케이블.
CHC-Lathe,470.0000,470,0000,W–AXIS LIMIT SWITCH,The Waxis home switch input changed state while the machine was in use. There may be chips on an exposed home switch.  Remove chips on exposed home switches. Reset the machine.,W축 리미트 스위치,기계 사용 중에 W축 원점 스위치 입력이 상태를 변경하였습니다. 노출된 원점 스위치 위에 칩이 있을지 모릅니다. 노출된 원점 스위치에서 칩을 제거하십시오. 기계를 리셋합니다.
NGC,531.0000,531,0000,MACRO NESTING TOO DEEP,"  The program exceeded 9 levels of nesting. When a program calls a G65 macro program, that program is nested one level deep. If that G65 program then calls another G65 program, the nesting is now two levels deep. The control limits G65 program nesting to 9 levels deep. Edit your program to limit the nesting to 9 levels or fewer.     ",매크로 중첩이 너무 깊음,  그 프로그램은 9단계 중첩을 넘었습니다. 프로그램이 G65 매크로 프로그램을 호출하면 프로그램이 한 단계 깊이 중첩됩니다. 만약 그 G65 프로그램이 다른 G65 프로그램을 호출한다면 그 중첩은 이제 두 단계 깊이가 됩니다. 제어는 G65 프로그램 중첩을 9레벨 깊이로 제한합니다. 프로그램을 편집하여 9레벨 이하로 중첩을 제한하십시오.
CHC-Mill,218.0000,218,0000,Y–AXIS PHASING ERROR,An error occurred during the phasing initialization of the brushless motor. This error cannot be reset. – Cycle power to clear alarm.,Y축 페이징 오류,브러시리스 모터의 페이징 초기화 동안에 오류가 발생하였습니다. 이 오류는 리셋될 수 없습니다. - 전원을 껐다 켜서 경보를 삭제하십시오.
NGC,9945.0000,9945,0000,AXIS SECONDARY ENCODER Z CH MISSING,All servos have been turned off due to a missing signal from the secondary encoder.  Reset the alarms and zero return the axis. ,축 2차 인코더 Z 채널 누락,모든 서보는 2차 인코더에서 온 누락된 신호때문에 꺼졌습니다. 경보를 리셋하고 축을 영점 복귀시키십시오.
NGC,953.0000,953,0000,APC MISLOCATED PALLET CLAMP,"The pallet changer clamp plate is not in the expected position. The clamp plate must be unclamped while the pallet changer is rotating or before the pallet is lifted.  Common problems that could cause this error  Inadequate supply of hydraulic pressure Clamp mechanism air solenoids not operating correctly Pallet clamped position switch is not operating correctly Damage to switches or wiring Invalid pallet alignment Damage to the pallet clamp plate   After correcting the cause, recover the pallet changer.",APC 팔레트 클램프 잘못 위치됨,"플레이트를 클램힝하는 팔레트 교환장치는 기대한 위치에 있지 않습니다. 클램프 플레이트는 팔레트 교환장치가 회전하는 동안이나 팔레트가 들어 올려지기 전에 클램핑이 해제되어서는 안 됩니다. 이 오류를 일으킬 수 있는 일반적인 문제는 유압 클램프 메커니즘 에어 솔레노이드가 제대로 공급되지 않음, 팔레트 클램프 위치 스위치가 올바르게 작동하지 않음, 스위치 또는 배선이 잘못됨 및 팔레트 클램프 플레이트 손상입니다. 원인을 해결한 후 팔레트 교환장치를 복구하십시오."
CHC-Lathe,183.0000,183,0000,LT–AXIS LIVE TOOLING CABLE FAULT,The Live Tooling LT–axis encoder cable does not have valid signals.,LT–축 라이블 툴링 케이블 고장,라이브 툴링 LT–축 인코더 케이블 신호가 유효하지 않습니다.
NGC,122.0000,122,0000,REGEN OVERHEAT,"The regenerative load temperature is above the safe limit. This has resulted in the shutdown of the servos, the spindle drive, the coolant pump, and the tool-changer.  - Check your program for too many start/stop duty cycles of the spindle. Check for an input line voltage that is higher than recommended for the machine. Continue normal operation. ",회생 과열,"회생 로딩 온도가 안전 한계를 초과했습니다. 이는 서보, 스핀들 드라이브, 절삭유 펌프 및 공구 교환장치를 종료시켰습니다. - 프로그램에 스핀들의 지나치게 많은 시작/정지 부하 사이클이 있는지 확인하십시오. 기계에 권장하는 것보다 더 높은 입력 라인 전압인지 확인하십시오. 일반 작동을 계속하십시오."
NGC,11.994,11,994,TA-AXIS AMPLIFIER OVERLOAD,The Amplifier has sensed a high load for an extended period of time. This can be caused by running the amplifier at high loads for an excessive amount of time.  ,,
CHC-Lathe,653.0000,653,0000,V ZERO RET MARGIN TOO SMALL,"This alarm will occur if the home/limit switches move or are misadjusted. This alarm indicates that the zero return position may not be consistent from one zero return to the next. The encoder Z channel signal must occur between 1/8 and 7/8 revolution of where the home switch releases. This will not turn the servos off, but will stop the zero return operation.",V 영점 복귀 마진이 너무 작음,이 경보는 원점 리미트 스위치가 이동하거나 잘못 조정되었을 경우 발생합니다. 이 경보는 영점 복귀 위치가 한 번의 영점 복귀에서 다음 영점 복귀까지 일관되지 않을 수 있음을 나타냅니다. 인코더 Z 채널 신호는 원점 스위치가 해제되는 위치의 1/8과 7/8 회전 사이에서 발생해야 합니다. 이렇게 하면 서보가 꺼지지 않지만 영점 복귀 작동은 중지됩니다.
CHC-Lathe,715.0000,715,0000,TT (Live Tooling) AXIS SERVO OVERLOAD,Excessive load on Live Tooling motor. This can occur if the load on the motor over a period of several seconds or even minutes is large enough to exceed the continuous rating of the motor. The servos will be turned off when this occurs. This can be caused by running into a fixture. It can also be caused by anything that causes a very high load on the motors.,TT(라이브 툴링) 축 서보 과부하,라이브 툴링 모터에 과도한 부하가 걸렸습니다. 이것은 몇 초 또는 몇 분 동안 모터의 부하가 모터의 연속 정격을 초과할 만큼 충분히 큰 경우가 원인이 될 수 있습니다. 이런 일이 발생하면 서보는 꺼지게 됩니다. 고정 장치에 부딪힌게 원인일 수 있습니다. 또한 모터에 지나치게 높은 부하를 준 모든 것이 원인일 수 있습니다.
NGC,20006.0000,20006,0000,Info Message,The control is reporting an Info Message. This is an informational message only. No parts need to be replaced.,정보 메시지,제어가 Info Message(정보 메시지)를 보고합니다. 이것은 단지 정보 메시지입니다. 교체해야 할 공작물이 없습니다.
NGC,9003.0000,9003,0000,INSUFFICIENT SPINDLE COOLANT CHILLER FLOW,Spindle chiller coolant (glycol) flow was not detected while spindle is running. Check for low spindle coolant level. Check for restrictions or obstructions in the hoses.,스핀들 절삭유 칠러 흐름 부족,스핀들이 작동 중일 때 스핀들 칠러 절삭유(글리콜) 흐름이 감지되지 않습니다. 스핀들 절삭유 레벨이 낮은지 점검하십시오. 호스에 방해물 또는 장애물이 있는지 점검하십시오.
CHC-Mill,153.0000,153,0000,X–AXIS ZERO CHANNEL MISSING,An encoder signal integrity error was sensed. The encoder position data may be unreliable. All servos are turned off. – Reset the alarms and zero return the axis.,X축 영점 채널 누락,인코더 신호 무결성 오류가 감지되었습니다. 인코더 위치 데이터가 신뢰성이 없는 것일 수도 있습니다. 모든 서보가 꺼져 있습니다. – 경보를 리셋하고 축을 영점 복귀시키십시오.
CHC-Lathe,876.0000,876,0000,DC MOTOR OVERLOAD,,DC 모터 과부하,
NGC,720.0000,720,0000,S AXIS Overtravel,"Commanded Saxis move would exceed allowed machine range. Coordinates are in the negative direction, and indicates an error in the user’s program or improper offsets.",S축 초과 이동,명령된 S 축 이동이 허용된 기계 범위를 지나쳤을 수 있습니다. 좌표가 음의 방향이고 사용자 매뉴얼에서 오류 또는 부적절한 오프셋으로 표시합니다.
NGC,2012.0000,2012,0000,INSUFFICIENT SPINDLE GEAR BOX OIL FLOW,Add recommended oil to the gear box. Press the RESET button. ,불충분한 스핀들 기어 박스 오일 흐름,권장 오일을 기어박스에 추가하십시오. RESET(리셋) 버튼을 누르십시오.
NGC,868.0000,868,0000,ATC TURRET DRIVE TRAIN FAILURE,"During a tool–change, the ATC turret did not get to the commanded position.  Try RESET key first to clear alarms, and if successful perform tool changer recovery. If necessary, cycle power on the machine and repeat. ",ATC 터렛 드라이브 트레인 고장,"공구 교환 중에 ATC 터렛이 명령된 위치에 도달하지 못했습니다. RESET 키를 먼저 눌러 경보를 삭제하고, 성공하면 공구 교환장치 복구를 수행하십시오. 필요한 경우 기계 전원을 껐다 켰다를 반복해주십시오."
CHC-Mill,666.0000,666,0000,W–AXIS DISABLED,There was an attempt to move an axis that is not installed in the machine. Check your program for commands to move a nonexistent axis.  Check your program.,W축 비활성화됨,기계에 설치되지 않은 축을 이동시키려는 시도가 있었습니다. 존재하지 않는 축을 이동시키는 명령이 프로그램에 있는지 확인하십시오. 프로그램을 확인하십시오.
CHC-Mill,505.0000,505,0000,VALUE STACK ERROR,The macro expression value stack pointer is in error. Cycle power on the machine. Check macro formatting.,값 스택 오류,매크로 표현식 스택 포인터가 잘못되었습니다. 기계의 전원을 껐다 켰다 해주십시오. 매크로 형식을 확인하십시오.
NGC,9863.0000,9863,0000,ANALOG GP15 OVER LIMIT, General Purpose Analog input has exceeded the limit specified by the I/O Configuration file. ,아날로그 GP15 한계 초과, 일반 목적 아날로그 입력이 I/O 구성 파일이 지정한 한계를 초과했습니다.
NGC,9935.0000,9935,0000,G254 NOT ALLOWED WITH GIMBAL,Dynamic Work Offsets not supported on machines with gimbal head. Fix G-code program and restart. ,G254가 짐벌없이 허용되지 않음,동적 워크 오프셋이 짐벌 헤드를 가진 기계에서 지원되지 않습니다. G코드 프로그램을 고쳐서 다시 시작하십시오.
NGC,182.0000,182,0000,AXIS ENCODER CABLE FAULT,The specified–axis encoder cable does not have valid signals.  Verify the ferrite filters are installed on the encoder and power cables.  See the Axis Servo Motor and Cables - Troubleshooting Guide.,축 인코더 케이블 고장,지정된 축 인코더 케이블 신호가 유효하지 않습니다. 페라이트 필터가 인코더 및 전원 케이블에 설치되었는지 확인하십시오. 고장 조치 가이드의 축 서보 모터 및 케이블을 참조하십시오.
CHC-Mill,430.0000,430,0000,FILE BEGINNING END % MISSING WHILE LOADING,The “%” sign is used to signify the beginning and end of a program. The control did not find the “%” at the beginning or end of the program when it was loaded into memory. Check the program on a PC for the beginning and end of file characters “%”. The “%” should be alone on the very first and very last lines in the program file.,로딩 중에 %누락되는 파일 시작/끝(FILE BEGINNING/END % MISSING WHILE LOADING),“%”기호는 프로그램의 시작과 끝을 표시하기 위해 사용됩니다. 프로그램이 메모리에 로딩될 때 제어에서 “%”가 프로그램의 시작 또는 끝에서 발견되었습니다. PC의 프로그램에서 “%”파일 문자가 시작과 끝에 있는지 확인하십시오. “%”는 프로그램 파일의 맨 처음과 맨 마지막 라인에 단독으로 있어야 합니다.
NGC,217.0000,217,0000,AXIS PHASING ERROR,An error occurred during the phasing initialization of the brushless motor. This error cannot be reset.  – Cycle power to clear alarm. ,축 페이징 오류,브러시리스 모터의 페이징 초기화 동안에 오류가 발생하였습니다. 이 오류는 리셋될 수 없습니다. - 전원을 껐다 켜서 경보를 삭제하십시오.
CHC-Mill,862.0000,862,0000,ATC CAROUSEL CABLE SHORT CIRCUIT,Short circuit was detected in the drive to the tool changer motor. Check wiring.,ATC 캐로슬 케이블 단락,공구 교환장치 모터에 연결된 드라이브에 단락이 감지되었습니다. 배선을 확인하십시오.
NGC,9712.0000,9712,0000,UNDEFINED NOTIFICATION,"System generated a notification that is not yet supported in this version of software. Machine functionality is unaffected, continue operation normally.  It is recommended that software be updated if possible.",정의되지 않은 통보,시스템이 이 버전의 소프트웨어에서 아직 지원되지 않는 경보를 생성했습니다. 기계 기능이 영향이 없었으면 작동을 정상적으로 진행합니다. 가능하면 소프트웨어를 업그레이드할 것을 권장합니다.
NGC,378.0000,378,0000,SKIP SIGNAL FOUND,Skip signal check code included but skip was found when it was not expected.  ,신호 건너뛰기 발견,"신호 건너뛰기 확인 코드가 포함되었으나, 예상되었던 때에 건너뛰기가 발견되지 않았습니다."
NGC,9873.0000,9873,0000,ANALOG GP25 OVER LIMIT,General Purpose Analog input has exceeded the limit specified by the I/O Configuration file. ,아날로그 GP25 한계 초과,일반 목적 아날로그 입력이 I/O 구성 파일이 지정한 한계를 초과했습니다.
CHC-Lathe,120.0000,120,0000,LOW AIR PRESSURE,"The air pressure supplied to the machine is below the minimum required. Check your air source for both pressure and volume capacity. You may have enough pressure but it drops during the higher flow needed for a tool change.

Probable Causes:
 The air pressure or air flow is too low.  
 An analog sensor or cable has a short-circuit.  
",공기 압력 부족,"기계에 공급된 공기 압력이 최소 요구치 보다 낮습니다. 압력과 부피 용량 모두에 대해 공기 공급원을 확인하십시오. 압력이 충분할 수도 있지만, 공구 교환에 더 높은 공기 유동이 필요한 경우에 압력이 떨어집니다

가능한 원인:
 공기 압력 또는 공기 유동이 지나치게 낮습니다. 아날로그 센서 또는 케이블에 단락이 있습니다.
"
CHC-Lathe,781.0000,781,0000,U–AXIS TRANSITION FAULT,An Encoder problem has been sensed. The encoder position data may be unreliable. Cycle power on the machine.,U축 전환 고장,인코더 문제가 감지되었습니다. 인코더 위치 데이터가 신뢰성이 없는 것일 수도 있습니다. 기계의 전원을 껐다 켰다 해주십시오.
CHC-Lathe,133.0000,133,0000,SPINDLE BRAKE ENGAGED,The Spindle was commanded to start while the spindle was clamped (M14) correct your part program (M15) to unclamp the spindle.,스핀들 브레이크 개입,스핀들은 클램핑되는 동안(M14) 스핀들 시작 명령을 받았습니다. 스핀들의 클램프를 해제하기 위해 공작물 프로그램(M15)을 수정하십시오.
CHC-Lathe,434.0000,434,0000,DISK LOAD INSUFFICIENT MEMORY,Program received does not fit. Check the space available in the List Prog mode and possibly delete some programs.,디스크 로딩에 불충분한 메모리,받은 프로그램은 맞질 않습니다. List Prog 모드에서 이용가능한 공간을 확인하고 가능하면 일부 프로그램을 삭제하십시오.
NGC,1093.0000,1093,0000,SURFACE NOT FOUND,This alarm occurs if the probe did not trigger during the probing cycle.  Edit the program and start from a safe position. Adjust work lights so they are not shinning directly into probe or receiver windows. The settings in the work probe may not be correct.,표면을 찾을 수 없음,검사 사이클 동안 프로브가 트리거 되지 않은 경우 이 경보가 발생합니다. 프로그램을 편집하고 안전한 위치에서 시작하십시오. 작업등이 프로브나 수신기 창에 직접 비치지 않도록 조정하십시오. 공작물 검사의 설정이 올바르지 않을 수 있습니다.
CHC-Mill,176.0000,176,0000,OVERHEAT SHUTDOWN,The spindle motor has overheated and the machine will be shut down automatically.,과열 종료,스핀들 모터가 과열되었고 기계가 자동으로 종료될 것입니다.
CHC-Lathe,2005.0000,2005,0000,USER EMERGENCY STOP #2 SWITCH ERROR,The second emergency stop circuit #2 emergency stop failed. The alarm must be checked by an authorized HAAS factory Service Technician.,사용자 비상 정지 #2 스위치 고장,두 번째 비상 정지 회로 #2 비상 정지 고장이 났습니다. 경보는 공인 HAAS 공장 고장 수리 기술자에 의해 확인되어야 합니다.
CHC-Lathe,934.0000,934,0000,BAR 100- CURRENT BAR FINISHED, Load new bar. Reset alarm and press Cycle Start to continue.,환봉 100- 전류 환봉 마감됨(BAR 100- CURRENT BAR FINISHED), 새 환봉을 적재하십시오. 경보를 리셋하고 Cycle Start를 눌러 계속하십시오.
NGC,2039.0000,2039,0000,VECTOR DRIVE OR SPINDLE AMPLIFIER–OVER CURRENT,"The Vector Drive or Spindle Amplifier has sensed too much current going to the motor. This can be caused by a stalled motor, a high motor load for a short duration, or a spindle speed that is too low during a cut. It may also be caused by entering a heavy cut with a dull or broken tool. – Check your speeds and feeds. Check your tools.",벡터 드라이브 또는 스핀들 증폭기 과전류,"벡터 드라이브 또는 스핀들 증폭기가 지나치게 많은 전류가 모터로 들어가는 것을 감지했습니다. 이것은 정지된 모터, 짧은 기간 중의 높은 모터 부하, 또는 절삭 동안에 너무 낮은 스핀들 회전수가 원인일 수 있습니다. 또한 무디거나 부러진 공구로 무거운 절삭을 시작한 것이 원인일 수 있습니다. – 속도와 이송을 확인하십시오. 공구를 확인하십시오."
CHC-Lathe,964.0000,964,0000,TOOL–TURRET ROTATE FAULT,The tool–turret did not rotate to the correct location in the time allowed. – Check for obstructions that would prevent the tool–turret from rotating.,공구 터렛 회전 고장,공구 터렛이 허용된 시간에 정확한 위치로 회전하지 않았습니다. - 공구 터렛의 회전을 방지할 수 있는 장애물을 확인하십시오.
NGC,903.0000,903,0000,CNC MACHINE POWERED UP,"When the machine is powered up, Alarm 903 is added to the alarm history along with the date and time.  Note that this is not a resetable alarm; it is for informational purposes only.  ",CNC 기계 전원 켬,"기계에 전원이 들어오면 경보 903이 알람 이력에 날짜 및 시간과 함께 추가됩니다. 이것은 리셋 가능한 경보가 아니고, 단지 정보 제공이 목적이라는 점에 주목하십시오."
NGC,815.0000,815,0000,ILLEGAL TOOL OFFSET NUMBER,Tool offset T0 is not allowed. If using the T code on the cycle call line check that the value is not zero. Also this alarm may occur if no tool or tool offset was selected in MDI before running the cycle. CAUTION: Make sure the turret is safely away from the tool probe before indexing the turret.,위법한 툴 오프셋 숫자,툴 오프셋 T0은 허용되지 않습니다. 사이클 호출 라인의 T 코드를 사용할 경우 값이 0이 아닌지 확인하십시오. 또한 이 경보는 사이클 실행 전에 선택된 공구가 없거나 툴 오프셋이 MDI에서 선택되어졌을 때 발생할 수도 있습니다. 주의: 터렛이 프로브에서 충분히 안전한 거리만큼 떨어져 있는지 확인한 다음 터렛을 인덱싱하십시오.
CHC-Mill,264.0000,264,0000,ROTARY CRC MISSING,Rotary table parameters have no CRC when loading from disk.,회전 CRC 누락,회전 테이블 파라미터에는 디스크로부터 로딩할 대 CRC가 없습니다.
NGC,9114.0000,9114,0000,HFRAME ROTATE TIMEOUT,"The pallet changerwas commanded to rotate but did not hit the CW/CCW switch before the timeout period. &lt;p&gt;&lt;/p&gt; Check for obstructions, Hydraulic APC types, or hydraulic pressure. ",H 프레임 회전 타임아웃,"팔레트 교환장치에 회전 명령이 내려졌지만 타임아웃 시간 전에 시계방향/반시계방향 스위치에 부딪히지 않았습니다. &lt;p&gt;&lt;/p&gt; 장애물, 유압 APC 유형 또는 유압이 있는지 확인하십시오."
NGC,9958.0000,9958,0000,INVALID CONFIGURATION VALUE,A configuration value contains invalid data.  This value must be updated before continuing.,잘못된 구성 값,구성 값에 잘못된 데이터가 있습니다. 이 값이 계속 진행하기 전에 업데이트되어야 합니다.
CHC-Lathe,2041.0000,2041,0000,VECTOR DRIVE OR SPINDLE AMPLIFIER–OVERLOAD,The Vector Drive or Spindle Amplifier has sensed a high load for an extended period of time. This can be caused by running the spindle at high loads for an excessive amount of time. – Check that your program has the correct speeds and feeds for the material and the cutting tool. Make sure the correct tool for the application is being used. Check for dull or broken tools.,벡터 드라이브 또는 스핀들 증폭기 과부하,벡터 드라이브 또는 스핀들 증폭기가 연장된 시간 동안 높은 부하를 감지하였습니다. 이것은 과도한 시간 동안 높은 부하에서의 스핀들 작동이 원인일 수 있습니다. - 재료 및 절삭 공구에 대한 사용자 프로그램의 정확한 속도 및 이송을 갖고 있는지 확인하십시오. 응용 장치에 대한 정확한 공구가 사용되고 있는지 확인하십시오. 무뎌졌거나 부서진 공구를 확인하십시오.
CHC-Mill,133.0000,133,0000,SPINDLE INOPERATIVE,"Try RESET key first to clear alarms. If necessary, cycle power on the machine.",스핀들 작동하지 않음,먼저 RESET 키로 경보를 삭제하십시오. 필요한 경우 기계의 전원을 껐다 켜십시오.
CHC-Mill,103.0000,103,0000,X AXIS SERVO ERROR TOO LARGE,The axis cannot move to the commanded position and the error grew too large. Clean chips from the machine. Check your program for errors and correct speeds and feeds. Check for chips on tools and tool-holders. Check for dull tools. Check for a machine crash.,X축 서보 오류가 너무 큼,축이 명령된 위치로 움직일 수 없으며 오류가 너무 커집니다. 기계에서 칩을 깨끗이 제거하십시오. 프로그램에 오류가 있는지 확인하고 속도와 이송을 수정하십시오. 공구 및 공구 홀더에 칩이 있는지 확인하십시오. 무뎌진 공구가 있는지 확인하십시오. 기계 충돌이 있는지 확인하십시오.
NGC,9988.0000,9988,0000,TAILSTOCK OVERTRAVEL,The tailstock has reached travel limit.  Check that the part is seated correctly in the chuck Verify that the part is mounted such that the tailstock can reach it  Check the value provided with G00 command does not exceed the travel limits On the user positions tab verify value of Settings 341,심압대 이동거리 초과,심압대가 이동거리 한계에 도달했습니다. 공작물이 척에 정확하게 장착되었는지 확인합니다. 심압대가 닿을 수 있도록 부품을 장착했는지 G00 명령으로 제공되는 값이 이동 한계를 초과하지 않는지 확인합니다. 사용자 위치 탭에서 설정 341의 값을 확인하십시오.
CHC-Mill,480.0000,480,0000,FPU OPERR ERROR,A BSUN exception has occurred on the floating point unit. The execution address where this occurred can be found in the FPE ERR field of the LL DEBUG screen.,FPU OPERR 오류,BSUN 예외가 부동점 유닛에서 발생했습니다. 이것이 발생한 실행 어드레스가 LL DEBUG 화면의 FPE ERR에서 발견될 수 있습니다.
NGC,9893.0000,9893,0000,PALLET POOL SLIDER DOOR OPEN,The pallet pool slider door was detected to be open when it was expected to be closed. Chech the area around the slider door for obstructions. ,팔레트 풀 슬라이더 도어 개방,팔레트 풀 슬라이더 도어가 닫혀 있을거라고 예상할 때 열려 있는 것으로 감지되엇습니다. 슬라이더 도어 근처 구역에 장애물이 있는지 확인하십시오.
NGC,9807.0000,9807,0000,PROG COOLANT GROUND FAULT,"The programmable coolant circuit has detected a ground fault condition and has shut down.     Try the RESET key first to clear alarms.    If necessary, cycle power on the machine.    Check for a shorted cable to earth ground. ",프로그램 절삭유 접지 고장,프로그래밍형 절삭유 회로가 접지 고장 상태를 감지되어 정지되었습니다. 먼저 RESET 키로 경보를 삭제하십시오. 필요한 경우 기계의 전원을 껐다 켜십시오. 접지하는 케이블이 단락되었는지 확인하십시오.
CHC-Lathe,336.0000,336,0000,A (Tool Turret) AXIS DISABLED,An attempt was made to program the A (Tool Turret) axis while it was disabled (Disabled bit in Parameter 43 set to 1).,A(공구 터렛) 축 비활성화됨,A(공구 터렛) 축이 비활성화된 상태에서 프로그래밍을 시도했습니다(파라미터 43의 비활성화 비트가 1로 설정됨).
CHC-Mill,221.0000,221,0000,B–AXIS PHASING ERROR,An error occurred during the phasing initialization of the brushless motor. This error cannot be reset. – Cycle power to clear alarm. Check the B–axis connections at the side of the control cabinet.,B축 페이징 오류,브러시리스 모터의 페이징 초기화 동안에 오류가 발생하였습니다. 이 오류는 리셋될 수 없습니다. - 전원을 껐다 켜서 경보를 삭제하십시오. B축이 제어 캐비닛 측면에 연결되었는지 확인하십시오.
NGC,9915.0000,9915,0000,IO BOARD CONFIGURATION CRC MISMATCH,The main IO configuration CRC does not match the IO board configuration CRC.  The most likely cause is that configuration files were loaded which contain updated I/O values.  These new values must be downloaded to the IO board. To update the IO Board Configuration: 1. Press the [PARAM/DGNOS] key. 2. Navigate to the DIAGNOSTICS tab. 3. Navigate to the IO CONFIG tab. 4. Press E-STOP. 5. Press the [F3] key to update the IO Board Configuration and allow process to complete. 6. The Main CRC and Factory CRC should now match. 7. Release E-STOP 8. Press [RESET] key to clear alarms. ,IO 기판 구성 CRC 불일치,메인 IO 구성 CRC이 IO 구성 CRC과 맞지않습니다. 대부분의 경우 구성 파일이 업데이트된 I/O 값을 포함하여 로드됩니다. 이 새로운 값은 IO 기판에 다운로드 되어야 합니다. IO 기판 구성을 업데이트하려면 1. [PARAM/DGNOS](프로그램 진단)키를 누릅니다. 2. 진단 탭을 찾습니다. 3. IO 구성 탭을 찾습니다. 4. 비상 정지를 누릅니다. 5. [F3] 키를 눌러 IO 기판 구성을 업데이트하고 계속 진행해서 종료되도록 합니다. 6. 메인 CRC 및 Factory CRC가 이제 일치되어야 합니다. 7. 비상 정지 8을 해제하십시오. 경보를 소거하려면 [RESET]을 누르십시오.
NGC,845.0000,845,0000,AIR IN GREASE HOSE,"The pressure switch changed condition in less time than allowed.  – Check the grease reservoir. If it is empty, follow the GREASE RESERVOIR REFILL procedure. – Check the grease hose for air pockets. Initiate a lubrication cycle to push out the air bubbles. ",그리스 호스 안의 공기,압력 스위치가 허용한 것보다 짧은 시간에 상태를 변경했습니다. - 그리스 저장 탱크를 확인하십시오. 비어있으면 그리스 저장 탱크 재급유 절차를 따르십시오. - 그리스 호스에 공기 포켓이 있는지 확인하십시오. 윤활 사이클을 시작하여 공기 거품을 밖으로 밀어냅니다.
CHC-Mill,904.0000,904,0000,ATC–AXIS IS VISIBLE,An error has been sensed with the ATC axis parameters.,ATC 축은 가시성이 있음,ATC 축 파라미터에서 오류가 감지되었습니다.
NGC,2019.0000,2019,0000,INCOMPATIBLE TOOL-LENGTH OFFSET USED,An incorrect Setting 64 was referenced by a G–Code requiring positive tool–length offsets. Commands G234 and G254 may generate this alarm. – Set Setting 64 to ON. Make sure the tool length offsets are referenced from the active Z–axis work offset. Remove the G–Code from your program or make sure the proper work offset and tool H–Code has been selected. ,부적합한 공구 길이 오프셋이 사용됨,올바르지 않은 설정 64가 양수의 공구 길이 오프셋이 필요한 G-Cod에 의해 참조되었습니다. 명령어 G234와 G254가 이 알람을 생성할 지도 모릅니다. - 설정 64을 켬으로 설정하십시오. 공구 길이 오프셋은 활성화된 Z축 워크 오프셋으로부터 참조되었습니다. G-Code를 프로그램에서 제거하고 적절한 워크 오프셋 및 공구 H-Code가 선택되었는지 확인하십시오.
NGC,423.0000,423,0000,AXIS SECONDARY ENCODER POSITION MISMATCH,The Position reported by the secondary encoder does not match the position reported by the primary encoder.  This alarm cannot be reset. Turn the machine off and back on. ,축 2차 인코더 위치 불일치,2차 인코더에 의해 보고된 위치는 1차 인코더에 의해 보고된 위치와 맞지 않습니다. 이 경보는 리셋할 수 없습니다. 기계를 끄고 다시 켜십시오.
CHC-Mill,957.0000,957,0000,APC–SWITCH FAULT,An illegal switch condition was sensed. – Use Commands M17 and M18 to make sure the input switch changes state when the pallet clamps and unclamps.,APC 스위치 고장,위법 스위치 상태가 감지되었습니다. -명령어 M17과 M18을 사용하여 팔레트 클램핑 또는 클램핑 해제 시 입력 스위치가 상태를 바꾸었는지 확인하십시오.
NGC,2052.0000,2052,0000,D–AXIS TRANSITION FAULT,"An Encoder problem has been sensed. This alarm usually means that the encoder has been damaged and the encoder position data may be unreliable. – Cycle power on the machine. Check that all motor encoder cables are undamaged, clean, dry, and tight.",D축 전환 고장,"인코더 문제가 감지되었습니다. 이 경보는 일반적으로 인코더가 손상되었고 인코더 위치 데이터가 신뢰할 수 없음을 의미합니다. -기계의 전원을 껐다 켰다 해주십시오. 모든 모터 인코더 케이블이 손상을 입지않았는지, 깨끗한지, 건조한지, 그리고 팽팽한지를 확인하십시오."
NGC,391.0000,391,0000,FEATURE DISABLED,An attempt was made to use a software feature that is not enabled. Check status of feature by pressing the PARAM/DIAG key and navigating to the associated feature.  Enter the unlock code received when purchased. Code is enclosed in the user manual list of option printout.  ,기능 비활성화,활성화된 소프트웨어의 기능을 사용하려는 시도가 있었습니다. PARAM/DIAG 키를 밀고 관련 기능에 찾아감으로써 기능 상태를 확인하십시오. 구매 시 받은 해제(unlock) 코드를 입력하십시오. 코드는 옵션 인쇄물의 사용자 매뉴얼에 동봉되어 있습니다.
CHC-Lathe,600.0000,600,0000,CODE NOT EXPECTED IN THIS CONTEXT,"During program interpretation, the control found code out of context. This may indicate an invalid address code found in a PQ sequence. It may also indicate faulty memory hardware or lost memory. Examine the highlighted line for improper Gcode.",이 컨텍스트에서 코드가 기대되지 않음,프로그램을 해석하는 동안 제어는 코드가 컨텍스트에서 벗어낫음을 발견했습니다. 이는 PQ 시퀀스에서 잘못된 주소 코드을 나타냅니다. 또한 고장난 메모리 하드웨어거나 누락된 메모리를 나타낼 수도 있습니다. 부적절한 G코드의 강조된 라인을 검사하십시오.
CHC-Lathe,761.0000,761,0000,U–AXIS CABLE FAULT,The U–axis encoder cable does not have valid signals.,U축 케이블 고장,U축 인코더 케이블 신호가 유효하지 않습니다.
NGC,996.0000,996,0000,AMPLIFIER BAD COMMAND,A bad command was sent to the spindle amplifier during a Power Supply fault. If seen please contact HFO. ,,
NGC,649.0000,649,0000,DC BUS UNDER VOLTAGE,An under–voltage condition has been sensed. This is most likely caused by a brown–out.,DC 버스 전압 부족,전압 부족 상태가 감지되었습니다. 대부분은 절전이 원인이 됩니다.
CHC-Mill,211.0000,211,0000,ODD PROG BLOCK,"Possible corrupt program. Save all programs to disk, delete all, and then reload.",ODD 프로그램 블록,"손상된 프로그램일 가능성이 있음. 모든 프로그램을 디스크에 저장하고, 모두 삭제하고, 그 다음에 다시 로딩하십시오."
CHC-Mill,372.0000,372,0000,TOOL–CHANGE IN CANNED CYCLE,A tool change was commanded while a canned cycle was active. – Cancel the canned cycle with a G80 command before the tool change.,고정 사이클에서 공구 교환,공구 교환이 고정 사이클이 활성화되어 있는 동안 명령되었습니다. - 공구 교환 전에 G80 명령어로 고정 사이클을 취소하십시오.
CHC-Lathe,163.0000,163,0000,Z AXIS DRIVE FAULT," Current in Z servo motor beyond limit. Possibly caused by a stalled or overloaded motor. The servos are turned off. Can be caused by running the axis into a mechanical stop, a short in the motor, or a short of one motor lead to ground.",Z축 드라이브 고장," Z 서보 모터의 전류의 한계 초과. 모터 정지 또는 과부하가 원인일 수 있습니다. 서보가 꺼져 있습니다. 축을 기계적 정지, 모터 단락 또는 접지로 연결되는 모터 1개 단락이 원인일 수 있습니다."
NGC,152.0000,152,0000,SELF TEST FAIL,Control has detected an electronics fault. All motors and solenoids are shut down. This is most likely caused by a fault of the processor board stack at the top left of the control ,자체 테스트 실패,제어에서 전자장치 고장을 감지하였습니다. 모든 모터와 솔레노이드가 정지했습니다. 이것은 대부분의 경우 제어의 상단 왼쪽에 있는 프로세서 보트 스택의 고장일 수 있습니다.
NGC,9981.0000,9981,0000,TAILSTOCK MOTION PROHIBITED, -The tailstock cannot advance because either the parts catcher or probe arm is in the way. Change your program to retract these devices before commanding the tailstock to move toward the spindle. ,심압대 동작 금지됨, 심압대가 공작물 회수 장치 또는 프로브 암 중 하나가 방해하여 전진할 수 없습니다. 프로그램을 바꾸어 심압대가 스핀들 쪽으로 이동하는 명령을 내리기 전에 이러한 장치를 후퇴시킵니다.
NGC,9719.0000,9719,0000,SERIAL ENCODER FAULT,"This alarm usually indicates a bad serial connection or a noisy environment interfering with the transfer of serial encoder data.

There are 8 possible SubAlarms covered by the Serial Encoder Alarm: 
  1 - Encoder Data Fault  

  2 - Encoder Internal Axis Fault 1  

  3 - Encoder Internal Axis Fault 2  

  4 - Encoder CRC Fault  

  5 - Encoder Cable Fault  

  6 - Serial Stop Bit Error  

  7  - Serial Parity Error  

  8 - Encoder Counting Error  ",직렬 인코더 고장,이 경보는 일반적으로 직렬 연결 불량 또는 직렬 인코더 데이터 전송을 방해하는 소음이 많은 환경을 나타냅니다. 직렬 인코더 경보에 포함되는 8개의 가능한 하위 경보는 다음과 같습니다. 1 - 인코더 데이터 결함    2 - 인코더 내부 축 결함 1    3 - 인코더 내부 축 결함 2    4 - 인코더 CRC 결함    5 - 인코더 케이블 결함    6 - 직렬 정지 비트 오류    7  - 직렬 패리티 오류    8 - 인코더 계수 오류  
CHC-Lathe,424.0000,424,0000,SERVO BAR METRIC UNSUPPORTED," Metric mode unsupported, change Setting 9 to inch.",서보 환봉 미터법 미지원, 미터법을 지원하지 않으니 설정 9를 인치로 변경하십시오.
NGC,8371.0000,8371,0000,TAILSTOCK IS IN PART HOLD,Tailstock was in Part Hold at the time of attempting to access the part in the chuck. ,심압대가 공작물 홀더에 있음,척의 공작물에 접근을 시도할 때 심압대가 공작물 고정 상태에 있었습니다.
CHC-Mill,140.0000,140,0000,Y–AXIS MOTOR Z FAULT,An Encoder fault has been sensed. The ZReference signal from the encoder was not received as expected.  Cycle power on the machine.,Y축 모터 Z 고장,인코더 고장이 감지되었습니다. 인코더로부터 온 Z 참조 신호는 예상대로 수신되지 않았습니다. 기계의 전원을 껐다 켰다 해주십시오.
CHC-Mill,923.0000,923,0000,A–AXIS INDEXER NOT IN CORRECT POSITION,The indexer has moved to a position where the gear teeth cannot mesh correctly.,A축 인덱서 올바른 위치 아님,인덱서가 기어 톱니가 제대로 맞물리지 않는 위치로 이동하였습니다.
CHC-Mill,270.0000,270,0000,C AXIS SERVO ERROR TOO LARGE,"The C axis cannot move to the commanded position. This can be caused by chips on the tool or toolholder, too much tool pressure, dull tools, or a machine crash. Clean chips from the machine. Check your program for errors and correct speeds and feeds. Check for chips on tools and toolholders. Check for dull tools. Check for a machine crash.",C축 서보 오류가 너무 큼,"C축이 명령된 위치로 이동할 수 없습니다. 이는 공구 또는 공구 홀더의 칩, 지나치게 높은 공구 압력, 무뎌진 공구 또는 기계 충돌로 인해 발생할 수 있습니다. 기계에서 칩을 깨끗이 제거하십시오. 프로그램에 오류가 있는지 확인하고 속도와 이송을 수정하십시오. 공구 및 공구 홀더에 칩이 있는지 확인하십시오. 무뎌진 공구가 있는지 확인하십시오. 기계 충돌이 있는지 확인하십시오."
CHC-Mill,123.0000,123,0000,SPINDLE DRIVE FAULT,A failure of the spindle drive was sensed. – Cycle power to the machine to clear all alarms.,스핀들 드라이브 고장,스핀들 드라이브 고장이 감지되었습니다. - 기계를 껐다 켰다 하여 모든 경보를 삭제합니다.
NGC,9153.0000,9153,0000,ROBOT GRIPPER OUTPUT UNDEFINED,At least one Gripper is not setup with valid output for clamping.  Setup robot grippers using valid output numbers.,로봇 그리퍼 출력이 정의되지 않음,적어도 한 개의 그리퍼가 클램핑을 위한 유효 출력으로 설정되지 않았습니다. 유효한 출력 번호를 사용하여 로봇 글리퍼를 설치하십시오.
NGC,9864.0000,9864,0000,ANALOG GP16 OVER LIMIT, General Purpose Analog input has exceeded the limit specified by the I/O Configuration file. ,아날로그 GP16 한계 초과, 일반 목적 아날로그 입력이 I/O 구성 파일이 지정한 한계를 초과했습니다.
NGC,9103.0000,9103,0000,NO G14 OR G15 DURING CANNED CYCLE,A G14/G15 was commanded in the middle of a canned cycle. Canned cycles must not be active at the time the spindle swap occurs. Ensure all canned cycles are cancelled before the swap and that any desired canned cycles are defined after the swap.,고정 사이클 중 G14 또는 G15가 없음,고정 사이클 중간에 G14/G15 명령이 내려졌습니다. 고정 사이클은 스핀들 교환이 이루어질때 활성화되어서는 안 됩니다. 교환 전에 모든 고정 사이클이 취소되고 교환 후 원하는 고정 사이클이 정의되었는지 확인합니다.
CHC-Mill,472.0000,472,0000,ATM FAULT,Indicates an error related to the Advanced Tool Management feature. ATM software encountered a group which does not exist. Usually can be fixed by adding the corresponding group.,ATM 고장,고급 공구 관리 기능관 관련된 오류를 표시합니다. ATM 소프트웨어가 존재하지 않는 그룹과 만났습니다. 일반적으로 일치하는 그룹을 추가하여 고칠 수 있습니다.
CHC-Mill,253.0000,253,0000,ELECTRONICS OVERHEAT,The temperature exceeded 149° F (65° C) inside the control cabinet. This machine is only rated to operate normally in a shop with a temperature of up to 113° F (45° C). – Allow the machine to cool. Make sure the ambient temperature of the machine is within tolerances by referring to the Operator’s Manual. Make sure that the control cabinet door is closed.,전자 장치 과열,제어 캐비닛의 내부 온도가 65°C(149°F)를 초과하였습니다. 이 기계는 온도가 최대 45°C(113°F)인 작업장에서만 정상적으로 작동하도록 평가되었습니다. -기계가 냉각되도록 하십시오. 운영자 매뉴얼을 참조하여 기계의 주변 온도가 공차 이내인지 확인하십시오. 제어 캐비닛 도어가 닫혀 있는지 확인하십시오.
NGC,9150.40054,9150,40054,ROBOT IN EMERGENCY STOP STATE,"Robot hardware is at fault state. Sub-alarm number indicates fault ID and is described by robot documentation. Check manufacturer operational manual for current robot type. Certain alarms may require a power cycle of the robot. If the alarm cannot be reset, please power cycle the robot.",,
CHC-Mill,1086.0000,1086,0000,PATH OBSTRUCTED,Protected Positioning Cycle Only.  Clear the obstruction and start again from a safe position.,장애물이 있는 경로,보호되는 위치 설정 사이클만 해당합니다. 장애물을 치우고 안전한 위치에서 다시 시작하십시오.
NGC,973.0000,973,0000,FIXTURE CLAMP INCOMPLETE,"-The spindle was turning or the spindle was commanded to turn on while the workholding unclamp flag has been turned on by M90 (Set Workholding Flag) or setting variable #709 = 1.  -To proceed: clear the alarm, verify the workholding fixture is clamped properly, and turn off the workholding unclamp flag by commanding an M91 or changing variable #709 = 0. Note: If an E-Stop condition occurred during a fixture clamp or unclampsequence, re-run the fixture clamp or unclamp sequence to ensure the sequence is completed properly. ",고정장치 클램프 미완료,"- M90(공작물 고정 플래그 설정) 또는 설정 변수 #709 = 1에 의해 공작물 고정의 고정 해제 플래그가 켜진 상태에서 스핀들이 회전 중이었거나 스핀들을 켜라는 명령이 실행됐습니다. - 계속 진행하려면 경보를 해제하고, 공작물 고정 고착장치가 제대로 고정되었는지 확인한 다음 M91을 명령하거나 변수 #709 = 0을 변경하여 공작물 고정 고착장치의 고정 해제 플래그를 끄십시오. 참고: 고착장치의 고정 또는 고정 해제 작업순서 중에 비상 정지 상태가 발생했다면 고착장치의 고정 또는 고정 해제 순서를 다시 실행하여 순서가 제대로 완료되었는지 확인하십시오."
NGC,1099.0000,1099,0000,BROKEN TOOL,This alarm occurs if a tool is out of user defined tolerance.  Replace defective tool and establish correct tool offset value.,파손된 공구,이 경보는 공구가 사용자 정의 공차를 벗어난 경우에 발생합니다. 결함이 있는 공구를 교체하고 올바른 툴 오프셋 값을 설정하십시오.
CHC-Mill,810.0000,810,0000,PROBE ARM CHUCK CONFLICT," There must be no part in the chuck when the automatic probe arm is lowered (extended). Unclamp the spindle chuck, remove the part and then continue operation.",프로브 암 척 충돌, 자동 프로브 암이 낮추어 질(확장될) 때 척안에 공작물이 없었음이 분명합니다. 스핀들의 클램핑을 해제하고 공작물을 제거한 다음 작업을 계속합니다.
CHC-Mill,405.0000,405,0000,ILLEGAL PROG NAME,"Check files being loaded. Program name must be Onnnnn and be at beginning of a block by itself. Program number must be located in the second program block by itself directly after the first %. If program number has block number in front of it, remove block number and reload program.",위법 프로그램,로딩 중인 파일을 확인하십시오. 프로그램 이름은 Onnnnn 형식이어야 하며 그 자체로 블록으로 시작합니다. 프로그램 번호는 최초의 % 바로 후에 그 자체로 두 번째 프로그램 블록에 위치해야 합니다. 프로그램 번호는 그 앞에 블록 번호가 있을 경우 블록 번호를 제거하고 프로그램을 다시 로딩하십시오.
NGC,9120.0000,9120,0000,APL GRIPPER ROTATE ILLEGAL OUTPUT STATE,An illegal switch condition was detected for the Automatic Parts Loader gripper. Both gripper rotate (swap) outputs` Raw Gripper Down and Finish Gripper Downwere on at the same time. ,APL 그리퍼가 위법 출력 상태를 회전시킴,모든 불법적 스위치 상태가 자동 공작물 적재장치 그리퍼를 위해 감지되었습니다. 그리퍼 회전(스왑) 출력의 공작물 그리퍼 내리기와 마감 그리퍼 내리기가 동시에 켜졌습니다.
NGC,9136.0000,9136,0000,INVALID RAPID RATE,An invalid rapid rate was specified in the program. The rapid rate must be an integer value in the range of1-100 and represents the rate as a percent of max speed.  This applies to the following:    G00 and G266     E value      ,잘못된 급속 속도,잘못된 급속 속도가 프로그램에 지정되었습니다. 빠른 속도는 1~100 범위의 정수 값이어야 하며 속도를 최대 속도의 백분율로 나타냅니다. 이것은 다음과 같이 적용됩니다:    G00 및 G266   E 값      
NGC,9881.0000,9881,0000,ANALOG FAST1 OVER LIMIT, General Purpose Fast Analog input has exceeded the limit specified by the I/O Configuration file. ,아날로그 FAST1 한계 초과, 일반 목적 빠른 아날로그 입력이 I/O 구성 파일이 지정한 한계를 초과했습니다.
NGC,9977.0000,9977,0000,MOTION ONLY SUBROUTINE CONTAINS INCOMPATIBLE CODE,"An incompatible G or M code is used in the subroutine or subprogram for lathe cycles G70, G71, G72, G73 or mill cycle G150.  Please see G-code section in the manual for the list of acceptable G and M codes for these cycles.",동작 전용 서브루틴이 호환되지 않는 코드 포함,"호환되지 않는 G 또는 M 코드가 선반 사이클 G70, G71, G72, G73 또는 Mill 사이클 G150의 서브루틴 또는 서브프로그램에 사용됩니다. 사용 가능한 G 및 M 코드 목록은 매뉴얼의 G코드 섹션을 참조하십시오."
NGC,308.0000,308,0000,INVALID TOOL OFFSET, A specified tool offset is outside the range of the control. ,잘못된 툴 오프셋, 지정된 툴 오프셋이 제어 범위 밖에 있습니다.
CHC-Lathe,143.0000,143,0000,SPINDLE ORIENTATION NOT HELD,"The spindle position is not being held while using live tooling.  You must orient the spindle, engage spindle brake, or engage the C axis before using this live tooling command.",스핀들 오리엔테이션 고정되지 않음,스핀들 위치가 라이브 툴링을 사용하는 동안에 고정되어 있지 않습니다. 이 라이브 툴링 명령을 사용하기 전에 스핀들의 방향을 지정하거나 스핀들 브레이크를 개입시키거나 C축을 개입시켜야 합니다.
NGC,527.0000,527,0000,ERROR 29,"Only one assignment is allowed per block, or a THEN statement is missing. Check macro formatting.  ",오류 29,"블럭당 하나의 할당만 필요하며, 아닌 경우 이면(THEN) 구문이 누락됩니다. 매크로 형식을 확인하십시오."
NGC,940.0000,940,0000,SIDE-MOUNT CAROUSEL ERROR,"Try RESET key first to clear alarms, and if successful perform tool changer recovery. If necessary, cycle power on the machine and repeat. ",측면 장착 캐로슬 오류,"RESET 키를 먼저 눌러 경보를 삭제하고, 성공하면 공구 교환장치 복구를 수행하십시오. 필요한 경우 기계 전원을 껐다 켰다를 반복해주십시오."
NGC,730.0000,730,0000,SS AXIS Overtravel,"Commanded SSaxis move would exceed allowed machine range. Coordinates are in the negative direction, and indicates an error in the user’s program or improper offsets.",SS축 초과 이동,명령된 SS 축 이동이 허용된 기계 범위를 지나쳤을 수 있습니다. 좌표가 음의 방향이고 사용자 매뉴얼에서 오류 또는 부적절한 오프셋으로 표시합니다.
CHC-Mill,657.0000,657,0000,W–AXIS CABLE FAULT,The W–axis encoder cable does not have valid signals.,W축 케이블 고장,W축 인코더 케이블 신호가 유효하지 않습니다.
NGC,20019.0000,20019,0000,TOOL PRESETTER EVENT,Tool Presetter was used. This is an informational message only. No parts need to be replaced.,,
CHC-Lathe,167.0000,167,0000,Z ZERO RET MARGIN TOO SMALL,"This alarm will occur if the home/limit switches move or are misadjusted. It indicates that the zero return position may not be consistent from one zero return to the next. The encoder Z channel signal must occur between 1/8 and 7/8 revolution of where the home switch releases. This will not turn the servos off, but will stop the zero return operation. Check grid offset.",Z 영점 복귀 마진이 너무 작음,이 경보는 원점 리미트 스위치가 이동하거나 잘못 조정되었을 경우 발생합니다. 영점 복귀 위치 한 영점 복귀에서 다음 영점 복귀로 일관되지 않을 수 있다는 점을 알려줍니다. 인코더 Z 채널 신호는 원점 스위치가 해제되는 위치의 1/8과 7/8 회전 사이에서 발생해야 합니다. 이렇게 하면 서보가 꺼지지 않지만 영점 복귀 작동은 중지됩니다. 그리드 오프셋을 확인하십시오.
CHC-Lathe,370.0000,370,0000,TAILSTOCK EXCESSIVE DRIFT, The tailstock position has changed even though it has not been commanded to do so. Check to make sure that the part is not moving back.,심압대의 과도한 드리프트, 심압대 위치는 그와 관련된 명령이 없었음에도 변경되었습니다. 공작물이 다시 돌아왔는지 확인하십시오
NGC,544.0000,544,0000,G68 R CODE OUT OF RANGE,  The specified R-code is outside of the allowed range R-code Rules for G68  The R-code must have a value between +360.000 degrees and -360.000 degrees.      ,G68 R코드가 범위에서 벗어남,  지정한 R코드가 G68에 허용된 범위 R코드 규칙 범위를 벗어났습니다. R코드의 값은 +360.000~ -360.000도 사이여야 합니다.
CHC-Mill,518.0000,518,0000,ILLEGAL MACRO EXPRESSION REFERENCE,"Alphabetic addresses N and O are illegal variables. You cannot declare N#1, etc. See Operator manual macro section for valid variables.",위법 매크로 표현식 참조,알파벳 주소인 N 및 O는 위법 변수입니다. N#1 등의 것은 선언할 수 없습니다. 유효한 변수는 운영자 매뉴얼 섹션을 참고하십시오.
NGC,9831.0000,9831,0000,I O # ERROR,The main processor has commanded an output that is not configured in the I/O Configuration file. ,I/O # 오류,메인 프로세서가 I/O 구성 파일에 구성되지 않은 출력을 명령하였습니다.
NGC,9806.0000,9806,0000,SHORT CIRCUIT,"The programmable coolant circuit has detected a short circuit (&gt;2.5A) and has shut down.    Try the RESET key first to clear alarms.    If necessary, cycle power on the machine.    Check for a shorted cable to earth ground. ",단락,프로그래밍형 절삭유 회로가 단락(&gt;2.5A)을 감지하여 정지되었습니다. 먼저 RESET 키로 경보를 삭제하십시오. 필요한 경우 기계의 전원을 껐다 켜십시오. 접지하는 케이블이 단락되었는지 확인하십시오.
CHC-Mill,219.0000,219,0000,Z–AXIS PHASING ERROR,An error occurred during the phasing initialization of the brushless motor. This error cannot be reset. – Cycle power to clear alarm.,Z축 페이징 오류,브러시리스 모터의 페이징 초기화 동안에 오류가 발생하였습니다. 이 오류는 리셋될 수 없습니다. - 전원을 껐다 켜서 경보를 삭제하십시오.
NGC,383.0000,383,0000,INCH IS NOT SELECTED,G20 Inch mode was specified but settings have selected metric. Change setting 9.  ,인치는 선택되지 않음,G20인치 모드는 지정되었으나 설정은 미터법을 선택하였습니다. 설정 9를 변경하십시오.
NGC,2044.0000,2044,0000,D–AXIS LIMIT SWITCH,The D–axis home switch input changed state while the machine was in use. There may be chips on an exposed home switch. – Remove chips on exposed home switches. Reset the machine.,D축 리미트 스위치,기계 사용 중에 D축 원점 스위치 입력이 상태를 변경하였습니다. 노출된 원점 스위치 위에 칩이 있을지 모릅니다. - 노출된 원점 스위치에서 칩을 제거하십시오. 기계를 리셋합니다.
CHC-Lathe,967.0000,967,0000,SKBIF COMMUNICATION FAULT,Serial communication between the main processor and the serial keyboard interface (SKBIF) was interrupted. Any machine motion in progress at the occurrence of the interruption has been stopped. This fault can be caused by a break in the power or serial data cables. It can also occur when the SKBIF is reset for an unknown reason. Verify that the power and serial data cables are seated properly in their mating connectors. Replace as necessary. Restart the control by cycling power on the machine. If this alarm persists replace the SKBIF. The main processor is located in the control cabinet. The SKBIF is located in the front panel.,SKBIF 통신 고장,메인 프로세서와 시리얼 키보드 인터페이스(SKBIF) 사이의 시리얼 통신이 차단되었습니다. 차단이 발생할 때 진행 중인 모든 기계 움직임이 정지되었습니다. 이러한 고장은 전원 또는 시리얼 데이터 케이블에서의 차단이 원인일 수 있습니다. 또한 SKBIF가 알지 못하는 이유로 리셋될 때 발생할 수도 있습니다. 전원 및 시리얼 데이터 케이블이 그것과 맞는 커넥터에 적절히 위치했는지 확인하십시오. 필요하면 교체하십시오. 기계의 전원을 껐다 켰다함으로써 제어를 다시 시작하십시오. 이 경보가 지속하면 SKBIF를 교체하십시오. 메인 프로세서가 제어 캐비닛 안에 위치하고 있습니다. SKBIF가 프론트 패널에 위치하고 있습니다.
NGC,9961.0000,9961,0000,INVALID OR MISSING ROTARY FILE,"This machine has the 4th- or 5th-Axis activated, but the axis configuration data has been corrupted. Rotary axes are disabled. Repeat the rotary table setup procedure to restore rotary functions. Refer to your Operator's Manual for the procedure. ",잘못되었거나 누락된 회전 파일,기계에 네 번째 또는 다섯 번째 축이 활성화되어 있지만 축 구성 데이터가 손상되었습니다. 회전축이 활성화되지 않았습니다. 회전 테이블 설정 절차를 반복하여 회전 기능을 복구하십시오. 절차에 관해서는 운영자 매뉴얼을 참조합니다.
NGC,600.0000,600,0000,CODE NOT EXPECTED IN THIS CONTEXT," -During program interpretation, the control found code out of context. This may indicate an invalid address code found in a PQ sequence. It may also indicate faulty memory hardware or lost memory. Examine the highlighted line for improper G-code. ",이 컨텍스트에서 코드가 기대되지 않음, 프로그램 해석 중에 제어가 컨텍스트에서 벗어난 코드를 발견했습니다. 이는 PQ 시퀀스에서 잘못된 주소 코드을 나타냅니다. 또한 고장난 메모리 하드웨어거나 누락된 메모리를 나타낼 수도 있습니다. 강조된 라인에 부적절한 G코드가 있는 검사하십시오.
CHC-Lathe,353.0000,353,0000,AUX AXIS NO HOME,A Zero Ret has not been done yet on the aux axes. Check auxiliary axes. Status from control was Loss.,보조 축 원점 없음,영점 복귀(Zero Ret)가 보조 축에서 아직 이루어지지 않았습니다. 보조 축을 확인하십시오. 제어의 상태가 누락되었습니다.
NGC,9847.0000,9847,0000,MOTOR DISCONNECTED,"FET and TRIAC on but no current was detected.    Could be open leads, perform power up test. ",모터가 연결이 끊어짐,"FET 및 TRIAC 켜졌으나 전류가 감지되지 않았습니다. 개방 리드선일 수 있으며, 전원 올림 테스트를 수행하십시오."
CHC-Mill,641.0000,641,0000,APC-UNKNOWN CHAIN LOCATION,"Neither chain location switch is tripped, so the control cannot locate the chain position. This can occur if a pallet change is interrupted for any reason; such as an alarm or an E-Stop. To correct this problem, the pallets and chain must be moved back into a recognized position, such as both pallets home or one pallet home and one on the receiver. The chain position adjustment tool must be used to rotate the chain into position. The pallets must be pushed into place by hand. After correcting the condition, run M50 to continue machining.",APC-알려지지 않은 체인 위치,"어떠한 체인 위치 스위치도 트립되지 않았으므로, 따라서 제어장치가 체인 위치를 찾을 수 없습니다. 이것은 팔레트 교환이 어떤 이유로든 차단된 경우(예: 경보 또는 E-Stop) 발생할 수 있습니다. 이 문제를 고치려면 팔레트 및 체인은 두 개의 팔레트 원점 또는 하나의 팔레트 원점과 리시버의 하나와 같이 인식된 위치로 다시 이동해야 합니다. 체인 위치 조정 공구가 체인을 위치로 회전시키는데 사용되어야 합니다. 팔레트를 위치에 손으로 밀어 넣어야 합니다. 상황을 바로 잡은 후에 가공을 계속하려면 M50을 실행하십시오."
NGC,2094.0000,2094,0000,EXTRA PARAMETER IN XML FILE,The Configuration Data XML file that is loaded has more parameters than supported by the control software. There should be no adverse effects because of the extra parameters. Press the RESET button. ,XML 파일에 여분의 파라미터,로드된 구성 데이터 XML 파일에는 제어 소프트웨어에서 지원하는 것보다 많은 파라미터가 있습니다. 여분의 파리미터 때문에 역효과가 없어야 합니다. RESET(리셋) 버튼을 누르십시오.
NGC,4.9973,4,9973,SP-AXIS INVALID WYE DELTA CONTACTOR STATE DETECTED,"The main processor detected an invalid state in Wye/Delta contactors at power up, or during spindle acceleration.  See our service video to help you troubleshoot this alarm.",SP-AXIS 잘못된 WYE/DELTA 접촉장치 상태 감지,메인 프로세서가 전원을 켤 때 또는 스핀들 가속 중에 Wye/Delta 컨택터에서 잘못된 상태를 감지했습니다. 이 경보 문제를 해결하려면 서비스 비디오를 참조하십시오.
NGC,616.0000,616,0000,CANNED CYCLE USING P & Q IS ACTIVE,-A canned cycle using P &amp; Q is already executing. A canned cycle cannot be executed by another PQ canned cycle. ,P와 Q 사용 고정 사이클 활성화됨,- P &amp; Q를 사용하는 고정 사이클이 이미 실행 중입니다. 고정 사이클은 또 다른 PQ 공정 사이클에 의해 실행될 수 없습니다.
CHC-Mill,203.0000,203,0000,LEAD SCREW CRC ERROR,The poweron consistency check of Lead Screw Comp Table memory failed.,리드 스크류 CRC 오류,리드 스크류 보정 테이블 메모리의 전원 켜짐 일관성 확인에 실패했습니다.
NGC,4.9975,4,9975,S (SPINDLE) MOTOR TEMPERATURE CRITICAL OVERHEAT,"The Spindle Motor temperature sensor has indicated that temperature on the motor winding exceeded 110C (230F) degrees.  It may be caused by failed spindle motor fan or obstructed air flow.  It can be caused running the spindle at higher than 100% load for extended periods or by starting and stopping the spindle motor multiple times, for short durations, while using high speeds.

Check you program and adjust if necessary.
Check for dull or damaged tools.
Check the spindle cooling fan.
Verify that air path is not obstructed.",S(스핀들) 모터 온도 임계 과열,스핀들 모터 온도 센서가 모터 권선의 온도가 110℃(230℉)를 초과했음을 표시했습니다. 스핀들 모터 팬의 고장이나 공기 흐름의 방해로 인해 발생할 수 있습니다. 이는 스핀들을 100% 초과한 부하에서 시간 연장해서 실행하거나 스핀들 모터를 짧은 시간 동안 고속을 사용하는 동안 여러 번 시작 및 중지하면 발생할 수 있습니다. 프로그램울 확인하고 필요하면 조정하십시오. 무뎌졌거나 손상된 공구를 확인하십시오. 스핀들 냉각팬을 확인하십시오. 공기 경로가 방해되지 않았는지 검증하십시오.
NGC,9119.0000,9119,0000,DOOR SWITCH FAULT,The door was detected to be both open and closedat the same time. Check for chip build up near the door swtiches. ,도어 스위치 고장,도어가 동시에 열리고 닫히는 것으로 감지되었습니다. 도어 스위치 근처에 칩이 쌓였는지 확인하십시오.
NGC,9912.0000,9912,0000,AMPLIFIER COMMUNICATION FAULT,"Communication integrity with an amplifier or the vector drive was compromised. If necessary, power cycle the machine. Inspect cabling and shielding.",증폭기 통신 장애,증폭기와의 통신 무결성 또는 벡터 드라이브가 손상되었습니다. 필요한 경우 기계의 전원을 껐다 켜십시오. 케이블 배선과 실드 작업을 점검하십시오.
CHC-Mill,876.0000,876,0000,DC MOTOR OVERLOAD,A DC motor has had a high average load over many seconds.,DC 모터 과부하,DC 모터에 수 초에 걸쳐 높은 평균 부하가 걸렸습니다.
CHC-Mill,1101.0000,1101,0000,PROBE STARTUP FAILURE,This alarm was generated by a macro command in a program.,프로브 시동 장애,이 경보는 프로그램의 매크로 명령에 의해 생성되었습니다.
CHC-Lathe,395.0000,395,0000,INVALID CODE IN CANNED CYCLE,"Any canned cycle requiring a PQ path sequence may not have an M code in the same block. That is G70, G71, G72, and G73.",고정 사이클의 잘못된 코드,"PQ 경로 시퀀스가 ​​필요한 고정 사이클은 동일한 블록에 M 코드가 없을 수 있습니다. 그 코드는 G70, G71, G72 및 G73입니다."
CHC-Lathe,450.0000,450,0000,BAR FEEDER FAULT, This means that discrete input 1030 (BFSPLK) is high. See Parameter 278 bit 20 CK BF Status.,봉재 이송장치 고장, 이것은 이산형 입력 1030(BFSPLK)이 높다는 것을 의미합니다. 파라미터 278 비트 20 CK BF 상태임을 참조하십시오.
NGC,650.0000,650,0000,DC BUS OVER VOLTAGE,DC Bus Overvoltage. The DC bus voltage has been raised too high. The most common cause is an open Regen load and occurs during motor deceleration. It can also be caused by incoming AC power too high. Check Regen load connections and resistance. Check incoming AC lines to ensure nominal levels. Cycle Power to Continue  ,DC 버스 과전압,"DC 버스 과전압 DC 버스 전압이 너무 높아졌습니다. 가장 흔한 원인은 개방된 회생 부하이고 모터 감속 중에 일어납니다. 또한 인입 AC 전원이 너무 높을 때 발생하기도 합니다. 회생 부하의 연결, 케이블 및 저항을 확인하십시오. 인입 AC 라인을 검사하여 공칭 수준인지 확인하십시오. 전원을 껐다 켰다하여 계속하십시오."
NGC,1000.0000,1000,0000,INVALID NUMBER FOR PROGRAMMABLE ALARM,"When using #3000 to specify a programmable alarm, the designated alarm code must be from 1 to 999. Correct the alarm code to this range. ",프로그래밍형 경보에 대한 잘못된 번호,#3000을 사용하여 프로그래밍형 경보를 지정할 때 목표 경보 코드는 1에서 999까지여야 합니다. 경보 코드를 이 범위로 수정하십시오.
NGC,350.0000,350,0000,CUTTER COMP LOOK-AHEAD ERROR,"  The program has too many non-movement blocks between axis motion commands while cutter compensation is active. A non-movement block is a line of code that commands no axis motion; e.g., a comment of M-code. Cutter compensation allows a maximum of 48 non-movement blocks between axis movement commands. Edit the program to reduce the number of non-movement blocks.   ",컷터 보정 선독 오류,  컷터 보정이 활성화되어 있는 동안 프로그램에 축 동작 명령 사이에 너무 많은 비 이동 블록이 있습니다. 비 이동 블록은 축 동작 없음(예: M코드 의견) 명령을 내리는 코드의 라인입니다. 컷터 보정으로 축 이동과 명령 사이의 최대 48개의 비 이동 블록을 허용합니다. 프로그램을 편집하여 비 이동 블록의 수를 줄이십시오.
NGC,2011.0000,2011,0000,SPINDLE GEARBOX OIL LEVEL IS LOW,"The spindle gear-box oil-level is too low. Add 500mL of approved oil (SHC 625) into the gearbox oil reservoir. Push the RESET button and continue operation. If the spindle gearbox oil level indicator remains after 10 minutes, add another 500mL of oil. ",스핀들 기어 박스 오일 레벨이 부족,스핀들 기어 박스 오일 레벨이 너무 낮습니다. 승인된 오일(SHC 625) 500mL를 기어박스 오일탱크에 추가하십시오. RESET(리셋) 버튼을 눌러 작동을 계속하십시오. 스핀들 기어박스 오일 레벨 표시장치가 10분 후에도 그대로 있으면 500mL의 오일을 또 한번 추가합니다. 
NGC,802.0000,802,0000,NEGATIVE R AND C VALUES NOT ALLOWED,"Negative values are not allowed when using the ,C ,R corner rounds and chamfering.  ",음수 R 및 C값 허용 안됨,",C ,R 코너 라운딩 및 모따기를 사용할 때 음수 값은 허용되지 않습니다."
CHC-Mill,115.0000,115,0000,CAROUSEL POSITION FAULT,The toolchanger carousel did not move to the commanded position in the time allowed. This may also be caused if the tool–changer door is not in the correct position at the beginning of a tool–change. – Make sure the tool–changer door is closed before the tool–change sequence begins. Check for chips in and around the tool–changer. Check for anything that has jammed the rotation of the carousel. Push the tool–change RECOVER button and follow on–screen instructions to restore the tool–changer.,캐로슬 위치 고장,공구 교환장치 캐로슬이 허용된 시간에 명령된 위치로 이동하지 않았습니다. 또한 공구 교환 초기에 공구 교환장치가 정확한 위치에 없는 경우 발생할 수도 있습니다. - 공구 교환장치 도어가 공구 교환 시퀀스가 시작하기전에 닫혀 있는지 확인하십시오. 칩이 공구 교환장치 안 및 주위에 있는지 확인하십시오. 캐로슬의 회전을 방해하는 모든 것을 확인하십시오. 공구 교환 RECOVER 버튼을 눌러 화면상의 지침에 따라 공구 교환장치를 복원하십시오.
CHC-Lathe,879.0000,879,0000,MULTIPLE DC MOTORS,"Multiple DC motors were commanded on at the same time. If you were running a program, this may be the result of a problem in your Gcode program. This could also be caused by a damaged I/O board.",다수의 DC 모터(MULTIPLE DC MOTORS),다수의 모터에 대해 동시에 명령이 내려졌습니다. 프로그램을 작동시키면 이것은 G코드 프로그램에서 문제의 결과일 수 있습니다. 또한 이것은 손상된 I/O 보트가 원인이었을 수 있습니다.
NGC,9911.0000,9911,0000,AXIS AMPLIFIER CABLE DISCONNECTED,An amplifier fault was detected because an amplifier cable is disconnected. Check that the amplifier cable connections are secure. Check for damage to the amplifier cable. Then cycle power and resume operation. ,축 증폭기 케이블 연결 끊김,"증폭기 고장이 증폭기 케이블 연결이 끊겼기 때문에 감지되었습니다. 증폭기 케이블 연결이 안전한지 확인하십시오. 증폭기 케이블에 손상이 없는지 학인하십시오. 그런 다음, 전원을 껐다 켜고 작동을 다시 시작합니다."
CHC-Lathe,618.0000,618,0000,INVALID ADDRESS VALUE,An address code is being used incorrectly; a negative value being used for an address code that should be positive. Refer to the documentation of the G code that causes the alarm.,유효하지 않은 주소값,주소 코드가 부정확하게 사용 중입니다. 양의 값이어야 할 주소 코드에 음의 값이 사용되고 있습니다. 경보를 발생하는 G코드 문서를 참조하십시오.
NGC,965.0000,965,0000,TURRET CLAMP UNCLAMP FAULT,"The turret did not clamp within the time specified in Parameter 62, or unclamp in the time specified in Parameter 63. Check the air supply. Check for obstructions preventing the turret from clamping. Check the operation of the position sensors: slow, position_1, and in_position.",터렛 클램핑/언클램핑 고장,"터렛이 파라미터 62에서 지정된 시간 안에 클램핑하지 못하였거나 파리미터 63에서 지정된 시간 안에 클램핑 해제를 하지 못했습니다. 공기 공급장치를 점검해보십시오. 장애물이 터렛 클램핑을 방해하는지 확인해보십시오. 위치 센서의 작동(느림, 포지션_1 및 올바른 포지션)하는지 확인해보십시오."
CHC-Lathe,401.0000,401,0000,INVALID TANGENT IN GROUP 1 CORNER ROUNDING,Check your geometry.,그룹 1 코너 라운딩의 잘못된 탄젠트,형상을 확인하십시오.
CHC-Mill,616.0000,616,0000,U–AXIS MOTOR OVERHEAT,The U–axis motor has overheated. – Allow the motor to cool. Reduce the load on the motor.,U축 모터 과열,U축 모터가 과열되었습니다. -모터가 냉각되도록 하십시오. 모터의 부하를 줄이십시오.
CHC-Mill,261.0000,261,0000,ROTARY CRC ERROR,"Rotary table saved parameters (used by Settings 30, 78) have a CRC error. Indicates a loss of memory  possible processor board problem.",회전 CRC 오류,"파라미터(설정 30, 78이 사용)를 저장한 회전 테이블에 CRC 오류가 있습니다. 메모리 손실을 나타내며, 프로세서 보드 문제일 가능성이 예상됩니다."
NGC,4.9959,4,9959,S (SPINDLE) SERIAL ENCODER DISCONNECT,The spindle cable is either disconnected or it does not have valid data. Check the encoder cable. Cycle the power on the machine.,S(스핀들) 직렬 인코더 연결 해제,스핀들 케이블이 분리되었거나 유효한 데이터를 가지고 있지 않습니다. 인코더 케이블을 확인하십시오. 기계의 전원을 껐다 켜주십시오.
NGC,1091.0000,1091,0000,FORMAT ERROR,"Inputs are mixed, missing, or incorrectly formatted.  Edit the program and
start again from a safe position.",형식 오류,"입력 사항이 혼동, 누락되었거나 형식이 잘못되었습니다. 프로그램을 편집하고 안전한 위치에서 다시 시작하십시오."
CHC-Lathe,652.0000,652,0000,U ZERO RET MARGIN TOO SMALL,"This alarm will occur if the home/limit switches move or are misadjusted. This alarm indicates that the zero return position may not be consistent from one zero return to the next. The exncoder Z channel signal must occur between 1/8 and 7/8 revolution of where the home switch releases. This will not turn the servos off, but will stop the zero return operation.",U 영점 복귀 마진이 너무 작음,이 경보는 원점 리미트 스위치가 이동하거나 잘못 조정되었을 경우 발생합니다. 이 경보는 영점 복귀 위치가 한 번의 영점 복귀에서 다음 영점 복귀까지 일관되지 않을 수 있음을 나타냅니다. 인코더 Z 채널 신호는 원점 스위치가 해제되는 위치의 1/8과 7/8 회전 사이에서 발생해야 합니다. 이렇게 하면 서보가 꺼지지 않지만 영점 복귀 작동은 중지됩니다.
NGC,4000.0000,4000,0000,TOOL UNCLAMP LOST DURING TOOL CHANGE,"Pressto play video related to this content. During a tool change, air pressure to the TRP was lost because the unclamp solenoid failed.  If the problem is intermittent, try to restore the tool changer, and then troubleshoot the solenoid problem.  Press RECOVER to clear the alarm, and recover the tool changer.  Troubleshooting:   Remove tool from the spindle and current carousel pocket  Command at least 10 tool changes  Check voltage of the unclamp solenoid and listen for a popping sound    If the voltage is there but the popping sound is not, the solenoid has failed    ",공구 교환 중 공구 클램프 해제 누락,이 콘텐츠와 관련된 동영상을 재생합니다. 공구 교환 중에 언클램핑 솔레노이드가 고장 나서 TRP로 공급되는 공기압이 손실되었습니다. 간헐적으로 문제가 발생하면 공구 교환장치를 복구한 후 솔레노이드 문제를 해결하십시오. 복구(RECOVER)를 눌러 경보를 삭제하고 공구 교환장치를 복구합니다. 고장 조치:   스핀들 및 전류 회전식 포켓에서 공구 분리 10개 이상 공구 변경 클램핑 해제 솔레노이드의 전압을 확인하고 튀는(Popping) 음을 듣습니다. 전압이 있는데 튀는 소리가 나지 않으면 솔레노이드가 고장난 것입니다.
CHC-Lathe,151.0000,151,0000,HPC LOW PRESSURE,"The High Pressure Coolant pump did not come up to pressure. Check for low coolant tank level, filter or intake strainer clogging, or for kinked or clogged coolant lines. Verify proper AC input power phasing of the machine.",HPC 저압,고압 절삭유 펌프가 압력에 도달하지 못했습니다. 절삭유 탱크 레벨이 낮거나 필터 또는 흡기 스트레이너가 막히거나 절삭유 라인이 꼬이거나 막혔는지 확인하십시오. 기계의 적절한 AC 입력 전원 위상을 확인하십시오.
NGC,9985.0000,9985,0000,BAR FEEDER EOB SWITCH POSITION UNKNOWN,The position of the bar length sensor needs to be calibrated. Load a bar of known length into the transfer tray. Then run the “EOB Switch Calibration” function from bar feeder recovery. Enter recovery by pressing the RECOVER button. The calibration function will prompt you to enter the length of the bar.,알려지지 않은 봉재 이송장치 EOB 스위치 위치,환봉 길이 센서위치가 교정되어야 합니다. 알려진 길이의 환봉을 전달 트레이에 적재시킵니다. 그 다음에 봉재 이송장치 복구 “EOB 스위치 보정” 기능을 실행합니다. RECOVER 버튼을 눌러 복구를 실시합니다. 교정 기능이 환봉의 길이를 입력하라고 할 것입니다.
CHC-Mill,317.0000,317,0000,Y AXIS OVER TRAVEL RANGE,The Y axis was commanded to move farther than travel limits allow. Reset the machine. Check your program for errors. Check for improper Work Offsets.,Y축의 이동거리 범위,Y축에 대해 이동거리 제한이 허용하는 것보다 더 멀리 이동하라는 명령이 내려졌습니다. 기계를 리셋합니다. 프로그램에 오류가 있는지 확인하십시오. 부적절한 워크 오프셋을 확인하십시오.
CHC-Lathe,716.0000,716,0000,SS AXIS SERVO OVERLOAD,Excessive load on SS axis motor. This can occur if load on the motor over a period of several seconds or even minutes is large enough to exceed the continuous rating of the motor. The servos will be turned off when this occurs. This can be caused by running into the mechanical stops but not much past them. It can also be caused by anything that causes a very high load on the motors.,SS축 서보 과부하,"SS축 모터에 과도한 부하가 걸렸습니다. 이것은 몇 초 또는 몇 분 동안 모터의 부하가 모터의 연속 정격을 초과할 만큼 충분히 큰 경우가 원인이 될 수 있습니다. 이런 일이 발생하면 서보는 꺼지게 됩니다. 기계 멈춤장치와 부딪힌게 원인일 수 있지만, 그다지 큰 일은 아닙니다. 또한 모터에 지나치게 높은 부하를 준 모든 것이 원인일 수 있습니다."
NGC,20027.0000,20027,0000,SOFTWARE EVENT,Software performed a sequence out of order. This is an informational message only. No parts need to be replaced.,,
CHC-Lathe,783.0000,783,0000,W–AXIS TRANSITION FAULT,An Encoder problem has been sensed. The encoder position data may be unreliable. Cycle power on the machine.,W축 전환 고장,인코더 문제가 감지되었습니다. 인코더 위치 데이터가 신뢰성이 없는 것일 수도 있습니다. 기계의 전원을 껐다 켰다 해주십시오.
NGC,9823.0000,9823,0000,COOLANT VFD FAULT,The variable frequency drive for the coolant pump has reported a fault condition. Press [RESET] to attempt to clear the fault. ,절삭유 VFD 고장,절삭유 펌프의 가변 주파수 드라이브에서 고장 상태가 보고되었습니다. [RESET]을 눌러 고장 삭제를 시도하십시오.
NGC,4.9940,4,9940,AXIS THERMAL SENSOR FAULT,"Axis temperature sensor fault detected. The input from the sensor is outside the minimum or maximum limits, or the apparent temperature is fluctuating rapidly.
This is commonly caused by a failed sensor.  Or noise in the sensor signal.  If the signal is outside the range, then check the sensor and cabling.  If it's fluctuating, then check for the presence of ferrite beads on ALL axis power cables.  It can also be caused by an invalid I/O configuration.",축 열 센서 고장,"축 온도 센서 고장이 감지되었습니다. 센서로부터의 입력이 최소 또는 최대 한계를 벗어나거나 겉보기 온도가 빠르게 변동하고 있습니다. 이것은 일반적으로 고장난 센서가 원인이거나, 또는 센서 신호의 노이즈가 원인입니다. 신호가 범위가 밖으로 벗어나면 센서와 케이블을 확인하십시오. 만일 신호가 변동할 경우 모든 축의 전원 케이블에 페라이트 비드가 있는지 확인합니다. 또한 잘못된 I/O 구성이 원인일 수 있습니다."
NGC,9814.0000,9814,0000,CAROUSEL BRAKE RESISTOR OVER TEMPERATURE,"Brake resistor exceeded limit, 150�C ",캐로슬 브레이크 레지스터 과열,브레이크 저항기가 한계인 150�C를 초과했습니다.
CHC-Mill,173.0000,173,0000,SP–AXIS ZERO CHANNEL MISSING,"An encoder signal integrity error was sensed. The encoder position data may be unreliable. All servos are turned off. – Reset the alarms and zero return the axis. Continue normal operation. If the error continues, contact your local Haas Factory Outlet.",SP축 영점 채널 누락,인코더 신호 무결성 오류가 감지되었습니다. 인코더 위치 데이터가 신뢰성이 없는 것일 수도 있습니다. 모든 서보가 꺼져 있습니다. – 경보를 리셋하고 축을 영점 복귀시키십시오. 일반 작동을 계속하십시오. 오류가 지속되면 지역의 Haas 직영 창고 매장에 연락하십시오.
CHC-Mill,488.0000,488,0000,INTERNAL CPU BUS ERROR,This a control software error. Record conditions when it occurs.,내부 CPU 버스 오류,이것은 제어 소프트웨어 오류입니다. 이 오류가 발생하면 조건을 기록하십시오.
CHC-Mill,519.0000,519,0000,TERM EXPECTED,"In the evaluation of a macro expression, an operand was expected but not found. Check macro formatting.",발견되어야 할 용어,매크로 표현식 평가에서 피연산 함수가 있어야 하나 발견되지 않았습니다. 매크로 형식을 확인하십시오.
CHC-Mill,1003.0000,1003,0000,PALLETS JAMMED,"Pallet changer did not rotate, rotate fast enough, or lower fast enough.
Possible Faults:  Most probable faults are listed first:
There is an obstruction to the H-frame or pallet rotation.
The CW/CCW limit switches are unplugged or reversed on mounts.
The air lines are disconnected or reversed on the cylinder.
The CW/CCW air solenoids are not functioning or are disconnected.
The air pressure is too low to rotate the load.
Too much air pressure on the lift cylinder causing excessive resistance to rotation.
No signal from I/O PCB pallet CW/CCW.

",팔레트가 끼어 있음,"팔레트 교환장치가 회전하지 않았거나, 충분히 빠르게 회전하지 않았거나, 빠른 속도를 충분히 낮추지 않았습니다. 가능한 고장:  가장 가능성있는 고장부터 먼저 다음과 같이 나열됩니다. H 프레임 또는 팔레트 회전을 방해하는 장애물이 있습니다. 시계방향/반시계방향 리미트 스위치의 플러그가 빠졌거나 반대로 장착되었습니다. 에어 라인인 실린더에서 연결이 끊어졌거나 방향이 반대입니다. 시계방향/반시계방향 공기 솔레노이드는 기능하지 않거나 연결이 끊겼습니다. 공기 압력이 너무 낮아 적재물을 회전시킬 수 없습니다. 너무 많은 공기 압력이 리프트 실린더에 가중되어 회전에 대한 과도한 저항을 일으키는 원인이 됩니다, I/O PCB 팔레트 CW/CCW로부터 신호가 없습니다.

"
NGC,9111.0000,9111,0000,INVALID G CODE FOR LIVE TOOL TYPE,"G81, G82, G83, G85, G86, G87, G88, G89, G95, and G186 cannot be run with radial live tooling.  G241, G242, G243, G245, and G249 cannot be run with axial live tooling.  Ensure the G-code is correct and the Live Tool Type (setting 368) is set correctly. ",라이브 툴 유형에 잘못된 G코드,"G81, G82, G83, G85, G86, G87, G88, G89, G95, 및 G186 래디얼 라이브 툴링으로 실행할 수 없습니다. G241, G242, G243, G245 및 G249은 축형 라이브 툴링과 같이 실행할 수 없습니다. G코드가 정확하고 라이브 툴 유형(설정 368)이 올바르게 설정되었는지 확인하십시오."
CHC-Lathe,298.0000,298,0000,CHUCK INCOMPLETE, Previous chuck clamp or unclamp was incomplete. Cycle foot pedal to clamp or unclamp.,불완전한 척, 이전의 척 클램핑 또는 클램핑 해제가 불완전한 것이었습니다. 사이클 풋 페달을 돌려 클램핑하거나 클램핑 해제하십시오.
NGC,9839.0000,9839,0000,PCOOL STALL,"A high current (2.5A > I > 1A) was detected in the programmable coolant circuit.  Check for obstructions to pcool movement.  Check for binding in the pcool unit.   Press reset and continue. If necessary power cycle the machine.   If the alarm persists,  with the alarm on the screen insert a USB device and press [SHIFT] and the [F3] button to generate an error report.  The error report will be saved to the USB device, e-mail the error report file to your local Haas Factory Outlet for further review. ",PCOOL 정지,높은 전류(2.5A > I > 1A)가 프로그래밍형 절삭유 회로에서 감지되었습니다. 장애물이 냉각 이동을 방해하는지 확인하십시오. 냉각장치에 결속되는지 확인하십시오. 리셋을 누르고 계속하십시오. 필요한 경우 기계의 전원을 껐다 켜십시오. 경보가 지속되면 화면의 경보가 있는 상태에서 USB 장치를 삽입하고 [SHIFT] 및 [F3] 버튼을 눌러 오류 보고서를 생성하십시오. 오류 보고서는 USB 장치에 저장됩니다. 추가 검토를 위해 오류 보고서 파일을 현지 Haas 직영 창고 매장으로 이메일로 보내십시오.
NGC,366.0000,366,0000,"MISSING I, K, OR L IN G70, G71, G72","Check canned cycles for missing values I, K or L.  ","G70, G71, G72에서 I, K 또는 L 누락","고정 사이클에 누락 값이 I, K 또는 L이 있는지 확인하십시오."
NGC,9178,9178,,LOAD STATION INNER DOOR CLOSE TIMEOUT,Pallet pool load station inner door didn't close within the required time limit.,,
NGC,9994.0000,9994,0000,SPINDLE BRAKE NOT ALLOWED IN G199,"M14 Engage Spindle Brake is not allowed while Synchronous Spindle Control (G199) is active.  Check the active program and verify that G199 is not active, or use a G198 to disengage Synchronous Spindle Control prior to calling M14.",스핀들 브레이크에서 G199가 허용되지 않음,M14 개입 스핀들 브레이크가 동기식 스핀들(G199)이 활성화하는 동안 허용되지 않습니다. 활성 프로그램을 확인하고 G199가 활성이 아닌지 확인하거나 M14를 호출하기 전에 G198을 사용하여 동기식 스핀들 제어를 분리하십시오.
NGC,107.0000,107,0000,EMERGENCY STOP,"An Emergency Stop button was pressed. The spindle and all axes have been decelerated to a stop and power has been removed from the motors. To restore power to the motors and spindle, release all Emergency Stop buttons and press reset. ",비상 정지,비상 정지 버튼이 눌러졌습니다. 스핀들 및 모든 축이 감속되어 정지되었으며 전원이 모터로 부터 제거되었습니다. 모터와 스핀들로 가는 전원을 복구하려면 모든 비상 정지 버튼을 해제하고 리셋 버튼을 누릅니다.
NGC,8125.0000,8125,0000,TOOL TURRET NOT SEATED,"The tool turret is not seated properly and the spindle is on. Check for an obstruction between the tool turret and the housing. Clear off chips. Clear all alarms. Press POWER UP/ RESTART, TURRET FWD or TURRET REV to restore the tool turret to its correct operating condition.  Continue normal operation. ",공구 터렛이 안착되지 않음,"공구 터렛이 제대로 안착되지 않았고 스핀들이 켜져 있습니다. 공구 터렛과 하우징 사이에 장애물이 있는지 확인하십시오. 칩을 완전히 제거하십시오. 모든 경보를 삭제하십시오. POWER UP/RESTART, TURRET FWD 또는 TURRET REV를 눌러 공구 터렛을 올바른 작동 조건으로 복원하십시오. 일반 작동을 계속하십시오."
NGC,552.0000,552,0000,TRIPPED CIRCUIT BREAKER,"A circuit breaker (CB) tripped. The circuit breaker is on the Power Distribution circuit board inside the control cabinet. CB3 is for the coolant pump, CB4 is for the chip conveyor, CB5 is for the TSC coolant pump, and CB6 is for the worklight. Check for a damaged cable, jammed pump/chip conveyor or shorted motor. After correcting the problem, reset the circuit breaker and clear the alarms before continuing. Alarm will not clear until the circuit breaker is reset. ",트립된 회로 차단기,"트립된 회로 차단기(CB). 회로 차단기는 제어 캐비닛 내부의 배전 회로기판에 있습니다. CB3는 절삭유 펌프용이고, CB4는 칩 컨베이어, CB5는 TSC 절삭유 펌프, 그리고 CB6는 작업등 용입니다. 손상된 케이블, 정지된 펌프/칩 컨베이어 또는 단락된 모터가 있는지 확인하십시오. 문제를 고친 후에 회로 차단기를 리셋하여 작업을 계속하기 전에 경보를 삭제하십시오. 경보는 회로 차단기를 리셋하기 전에는 없어지지 않습니다."
CHC-Mill,2081.0000,2081,0000,LOW TOOL AIR BLAST PRESSURE,The TAB (Tool Air Blast) air pressure fell below the machine specified PSI and duration.,낮은 공구 공기 분사장치 압력,TAB(공구 공기 분사장치) 공기압이 기계에 지정된 PSI 및 기간 아래로 떨어졌습니다.
NGC,4.9932,4,9932,(SPINDLE) SPINDLE STALLED,Check that the spindle is free to rotate. Reset program to continue.,(스핀들) 스핀들 정지,스핀들이 자유롭게 회전하는지 확인하십시오. 프로그램을 리셋하여 계속하십시오.
NGC,4.9930,4,9930,S (SPINDLE) SERIAL ENCODER POOR COMMUNICATION,"There was corrupted communications between the spindle encoder and the MOCON. Press reset and continue. If necessary power cycle the machine. If the alarm persists, with the alarm on the screen insert a USB device and press [SHIFT] and the [F3] button to generate an error report file to your local Haas Factory Outlet for further review.",S(스핀들) 직렬 인코더 통신 고장,스핀들 인코더와 MOCON 사이에 통신 오류가 발생했습니다. 리셋을 누르고 계속하십시오. 필요한 경우 기계의 전원을 껐다 켜십시오. 경보가 지속되면 화면의 경보가 있는 상태에서 USB 장치를 삽입하고 [SHIFT] 및 [F3] 버튼을 눌러 오류 보고서 파일을 Haas 직영 창고 매장에 보내 자세히 검토하도록 하십시오.
NGC,608.0000,608,0000,INVALID Q CODE,"  The program contains an M96 block with a Q-code that is outside the allowed range (0-255), or the Q-code contains a decimal point. Note: The Q-code with an M96 references discrete inputs 0 to 255, which correspond to the inputs on the I/O tab of the DIAGNOSTIC display. Edit the program to change the Q-code to the desired input, between 0 and 255, without a decimal point.  Code Examples with Errors The Q-code is outside the allowed range of 0-255. The Q-code has a negative (-) value. The Q-code contains a decimal point.   Code Examples with Corrections The Q-code is now within the allowed range of 0-255. The Q-code now has a positive (+) value. The decimal point is removed from the Q-code.      ",잘못된 Q코드,"  프로그램에서 허용되는 범위(0~255)를 벗어나는 Q코드가 있는 M96 블록을 포함하거나, Q코드에 소수점이 포함되어 있습니다. 참고: M96이 포함된 Q코드는 진단 디스플레이의 I/O 탭에 있는 입력에 해당하는 이산 입력 0 ~ 255를 참조합니다. 프로그램을 편집하여 소수점 없이 Q코드를 0~255 사이의 원하는 입력으로 변경합니다. 에러가 포함된 코드 예시: Q코드가 0~255 범위에 허용된 범위 밖에 있습니다. Q코드에 음수 (-) 값이 있습니다. Q코드에 소수점을 포함합니다. 수정이 있는 코드 예시: Q코드는 이제 0~255의 허용 범위 안에 있습니다. Q코드에 이제 양수(+) 값이 있습니다. 소수점이 Q코드에서 제거되었습니다."
NGC,20011.0000,20011,0000,TRANSFORMER OVERHEAT,The control detected the transformer exceeded the temperature limit.  This is an informational message only. No parts need to be replaced.,변압기 과열,제어가 온도 한계를 넘어선 변압기를 감지했습니다. 이것은 단지 정보 메시지입니다. 교체해야 할 공작물이 없습니다.
NGC,9927.0000,9927,0000,MOTION CHANNEL UNABLE TO INITIALIZE ,A motion channel was unable to initialize properly.  Please take error report and contact HAAS automation. Cycle power the machine and continue to use. ,동작 채널 초기화 불능 ,동작 채널이 제대로 초기화될 수 없었습니다. 오류 보고서를 출력해서 HAAS 자동화 팀에 문의합니다. 기계를 껐다 켜고 사용을 계속하십시오.
NGC,972.0000,972,0000,FNC FILE NOT FOUND,"FNC was unable to find the selected program or subprogram specified by M98. Reselect the program from the program list on device. Make sure the FNC file is named using the format Onnnnn.nc; the upper case letter, O, followed by up to 5 numbers with .nc as the extension. Leading zeros must be included in the file name ie: O00012.nc.",FNC 파일이 발견되지 않음,"FNC는 M98에 의해 지정된 선택된 프로그램 또는 서브프로그램을 발견할 수 없었습니다. 장치의 프로그램 목록에서 프로그램을 다시 선택하십시오. FNC 파일이 Onnnnn.nc 형식(대문자 O, .nc를 확장자로 하는 최대 5개의 숫자 뒤에 나옴)을 사용하여 이름이 붙여졌습니다. 파일 이름에서 앞에 0, 즉, O00012.nc이 포함되어야 합니다."
NGC,9121.0000,9121,0000,APL WRONG GRIPPER,APL Gripper rotate orientation is not as expected. Wrong gripper is facing the part.  Please rotate the gripper arm to the correct orientation. ,APL 잘못된 그리퍼,APL 그리퍼 회전 오리엔테이션은 예상된 것이 아닙니다. 잘못된 그리퍼가 공작물을 향해 있습니다. 그리퍼 암을 올바른 오리엔테이션으로 회전시키십시오.
NGC,625.0000,625,0000,CAROUSEL POSITIONING ERROR,"The carousel side–mount tool–changer failed to get into position as expected. This may be the result of a carousel motion interruption, or the use of E–STOP.  – Check the carousel motion for a blockage. Push RESET to clear all alarms. Run tool–changer RECOVERY. ",캐로슬 위치 설정 오류,캐로슬 측면 장착 공구 교환장치가 기대한 위치로 들어가는 데에 실패했습니다. 이것은 캐로슬 동작 방해 또는 비상정지의 결과일 수 있습니다. - 캐로슬 동작을 방해하는 것을 확인하십시오. - RESET을 눌러 모든 경보를 삭제합니다. 공구 교환장치 복구를 실행하십시오.
NGC,9896.0000,9896,0000,REGEN OVERTEMP,"The Regen hardware has reached an unsafe operating temperature.  Check that any cooling fans are operational.  Power cycle the machine.   If the alarm persists, with the alarm on the screen insert a USB device and press [SHIFT] and the [F3] button to generate an error report. The error report will be saved to the USB device, e-mail the error report file to your local Haas Factory Outlet for further review.",재생 온도 초과,재생 하드웨어가 불안전한 작동 온도에 도달했습니다. 냉각팬이 작동하는지 확인하십시오. 기계의 전원을 껐다 켰다 해주십시오. 경보가 지속되면 화면의 경보가 있는 상태에서 USB 장치를 삽입하고 [SHIFT] 및 [F3] 버튼을 눌러 오류 보고서를 생성하십시오. 오류 보고서는 USB 장치에 저장됩니다. 추가 검토를 위해 오류 보고서 파일을 귀하의 현지 Haas 직영 창고 매장으로 이메일로 보내십시오.
CHC-Lathe,2092.0000,2092,0000,BAR FEEDER OUT OF POSITION,A barfeed cannot continue because the bar feeder is out of position. Move the bar feeder back into position to proceed.,봉재 이송장치 위치 이탈,봉재이송이 봉재 이송장치가 위치를 이탈했기 때문에 계속될 수 없습니다. 봉재 이송장치를 다시 전진 위치로 이동하십시오.
CHC-Lathe,111.0000,111,0000,A (Tool Turret) AXIS SERVO OVERLOAD,Excessive load on toolturret servo. Something is obstructing the turret. nnecting supplied air to brake. Verify nothing is blocking turret rotation.,A(공구 터렛) 축 서보 과부하,공구 터렛에 대한 과도한 부하가 발생함. 무언가가 공급된 공기를 브레이크에 연결하는 터렛을 막고 있습니다. 터렛 회전을 막고 있는 것이 있는지 확인하십시오.
CHC-Mill,307.0000,307,0000,SUBROUTINE NESTING TOO DEEP,Subprogram nesting is limited to twenty levels. Simplify your program by using fewer subroutines.,서브루틴 중첩이 너무 깊음(SUBROUTINE NESTING TOO DEEP),하위 프로그램 중첩이 20개 수준까지 제한됩니다. 더 작은 서브루틴으로 프로그램을 단순화시키십시오.
NGC,487.0000,487,0000,USB FILE I O FAILED,An error occurred while trying to access a file from a USB device. Make sure the USB device is properly connected. Check the device for file corruption.  ,USB 파일 I/O 실패,USB 장치에서 파일에 액세스를 시도하는 중에 오류가 발생했습니다. USB 장치가 적절하게 연결되었는지 확인하십시오. 장치가 파일 손상을 일으키는지 확인하십시오.
NGC,786.0000,786,0000,SECONDARY SPINDLE TRANSITION FAULT,An Encoder problem has been sensed. The encoder position data may be unreliable. Cycle power on the machine.,2차 스핀들 전환 고장,인코더 문제가 감지되었습니다. 인코더 위치 데이터가 신뢰성이 없는 것일 수도 있습니다. 기계의 전원을 껐다 켜 주십시오.
NGC,9879.0000,9879,0000,ANALOG GP31 OVER LIMIT, General Purpose Analog input has exceeded the limit specified by the I/O Configuration file. ,아날로그 GP31 한계 초과, 일반 목적 아날로그 입력이 I/O 구성 파일이 지정한 한계를 초과했습니다.
NGC,309.0000,309,0000,EXCEEDED MAX FEEDRATE,"  A feedrate command (F) is higher than the machine's maximum allowed feedrate.   Possible causes:  The feedrate specified is higher than the machine's maximum feedrate. Command a feedrate that is less than or equal to the machine's specified limits. Setting 9, DIMENSIONING, is incorrectly set. This alarm can occur if you run a metric program while Setting 9 is set to INCH. G95, Feed Per Revolution, is active when G94, Feed Per Minute, is desired.    ",최대 이송량 초과,"  이송량 명령(F)이 기계의 최대 허용 이송량 보다 높습니다. 가능한 원인:  지정된 이송량이 기계의 최대 이송량 보다 높습니다. 기계가 지정한 한계보다 적거나 동일한 이송량을 명령을 내리십시오. 설정 9, 치수작업(DIMENSIONING)이 부정확하게 설정되었습니다. 이 경보는 설정 9가 인치로 설정되어 있는 동시에 미터법 프로그램을 실행할 경우 발생합니다. G95(회전당 이송)은 G94(분당 이송)을 희망할 때 활성화됩니다."
NGC,9904.0000,9904,0000,PCOOL MALFUNCTION,"Try RESET key first to clear alarms. If necessary, cycle power on the machine. ",PCOOL 오작동,먼저 RESET 키로 경보를 삭제하십시오. 필요한 경우 기계의 전원을 껐다 켜십시오.
NGC,439.0000,439,0000,TAILSTOCK DID NOT CONTACT PART,"The tailstock reached the hold point without encountering the part. Check that the value of User Position Settings 341 and 342 are correct for the part, and the part is seated correctly in the chuck. If a G01 is being used to command the tailstock, check the B-axis position in the G01 block. ",심압대가 공작물에 접촉 안함,심압대는 공작물과 마주치지 않고 보류점에 도달하였습니다. 사용자 위치 설정 341과 342의 값이 공작물에 대해 정확한지 그리고 공작물이 척에 올바르게 안착되었는지 확인하십시오. 명령 시 G01이 사용 중이면 G01 블록의 B축 위치를 확인합니다.
CHC-Lathe,441.0000,441,0000,SERVO BAR MAX BARS REACHED, Job Complete. Reset Current # Bars Run on Servobar current commands page.,서보 환봉 최대 환봉량에 도달함, 작업이 완료되었습니다. 서보 환봉에서 실행 중인 현재의 #공작물(Current # Parts Run on Servobar) 현재 명령어 페이지를 리셋하십시오.
CHC-Mill,155.0000,155,0000,Z–AXIS ZERO CHANNEL MISSING,An encoder signal integrity error was sensed. The encoder position data may be unreliable. All servos are turned off. – Reset the alarms and zero return the axis.,Z축 영점 채널 누락,인코더 신호 무결성 오류가 감지되었습니다. 인코더 위치 데이터가 신뢰성이 없는 것일 수도 있습니다. 모든 서보가 꺼져 있습니다. – 경보를 리셋하고 축을 영점 복귀시키십시오.
NGC,326.0000,326,0000,G04 WITHOUT P CODE,  A dwell command (G04) did not have a P-code on the same block. G04 requires a P code to specify the amount of time to dwell. Edit the program to add a Pn.n (with a decimal) for seconds or a Pn (without a decimal) for milliseconds.    ,P코드 없는 G04,  일시 정지 지령(G04)에는 동일한 블록에 P코드가 없습니다. G04는 P코드가 일시 정지할 시간양을 지정하도록 요구합니다. 프로그램을 편집하여 초의 경우 Pn.n(소수점 포함)을 추가하거나 밀리초의 경우 Pn(소수점 제외)을 추가하도록 합니다.
NGC,4.9922,4,9922,S (SPINDLE) MOTION CHANNEL FAULT DETECTED,"The motion channel has reported an internal fault of a type that is not recognized by the control.

Cycle power on the machine. If the alarm persists take an error report with [Shift] [F3] and contact your Haas Factory Outlet.",S(스핀들) 모션 채널 결함이 감지됨,동작 채널이 제어에서 인식할 수 없는 유형의 내부 결함을 보고했습니다. 기계의 전원을 껐다 켰다 해주십시오. 경보가 지속되면 [Shift] [F3]로 에러 리포트를 작성한 후 Haas 직영 창고 매장에 문의하십시오.
CHC-Lathe,272.0000,272,0000,C-AXIS MOTOR OVERHEAT,Servo motor overheat. The temperature sensor in the motor indicates over 150F. This can be caused by an extended overload of the motor such as leaving the slide at the stops for several minutes.,C축 모터 과열,"서보 모터 과열. 모터의 온도 센서가 150℉를 초과하였음을 표시합니다. 이것은 예를 들어, 슬라이드를 몇 분 동안 정지 위치에 그대로 두는 것과 같은 모터의 늘어난 과부하가 원인일 수 있습니다."
NGC,9995.0000,9995,0000,INVALID MOTOR SIZE,"Invalid or unsupported motor type has been detected. please check the axis parameter P.303.  cycle power on the machine.one cause of this error could be invalid information read from the motor during boot, cycling power will attempt to read the information again which could solve the problem. ",잘못된 모터 크기,잘못되었거나 지원되지 않는 모터 유형이 탐지되었습니다. 기계의 축 파라미터 P.303. 사이클 전원을 확인하십시오. 이 오류의 한 원인은 부팅 중에 모터에서 읽은 잘못된 정보일 수 있습니다. 전원을 껐다 켜서 다시 정보 읽기를 시도하면 문제를 해결할 수 있습니다.
NGC,4.9920,4,9920,(SPINDLE) POSITION ERROR TOO LARGE,"The Spindle axis cannot move to the commanded position and the error grew too large. 
Check for a machine crash.
Check your program for errors and correct speeds and feeds. 
Check for chips on tools and tool-holders. 
Check for dull tools.",(스핀들) 위치 오류가 너무 큼,스핀들 축이 명령된 위치로 움직일 수 없으며 오류가 너무 커집니다. 기계 충돌이 있는지 확인하십시오. 프로그램에 오류가 있는지 확인하고 속도와 이송을 수정하십시오. 공구 및 공구 홀더에 칩이 있는지 확인하십시오. 무뎌진 공구가 있는지 확인하십시오.
NGC,811.0000,811,0000,AXIS MOCON CHANNELS INITIALIZED,"During power up, the system detected an incorrectly assigned mocon channel. Any invalid mocon channel assignments were set to default values. Confirm the mocon channel assignment for all of the axes.",축 모콘 채널 초기화됨,전원을 키는 동안 시스템이 잘못 할당된 모콘 채널을 감지했습니다. 어떤 잘못된 모콘 채널 할당이 기본 값으로 설정되었습니다. 모든 축에 대해 모콘 채널의 할당이 이루어졌는지 확인하십시오.
NGC,4.9918,4,9918,S (SPINDLE) SERIAL ENCODER INTERNAL DATA ERROR,The encoder has reported an internal error or that it's internal position data is incorrect. Reset or cycle power on the machine.,S (스핀들) 직렬 인코더 내부 데이터 오류,인코더가 내부 오류를 보고했거나 인코더의 내부 위치 데이터가 올바르지 않다고 보고했습니다. 기계를 리셋하거나 전원을 껐다 켜주십시오.
NGC,623.0000,623,0000,INVALID CODE IN G112,"Tool change, Work offset change or C axis motion commands are not allowed in G112. To perform any of these operations, use G113 to cancel G112 first, then perform the operation.  X and Y axis motion commands are not allowed in G112 when the C-axis is disengaged. To perform any of these operations, make sure the C-axis is engaged. ",G112에 잘못된 코드,"공구 교환, 워크 오프셋 또는 C 축 동작 명령은 G112에서 허용되지 않습니다. 이러한 작업 중 하나를 수행하려면 먼저 G113을 사용하여 G112를 취소하고 그 다음에 작업을 수행하십시오. X 및 Y축 동작 명령어가 C축이 분리될 때 G112에서 허용되지 않습니다. 이러한 모든 작업을 수행할 때 C축이 개입되었는지를 확인하십시오."
NGC,4.9916,4,9916,EXCESSIVE THERMAL COMPENSATION DISTANCE,"The total thermal compensation distance is out of the practical range.  Possible thermal sensor failure.
For axes with thermal sensors, this may be due to a thermal sensor failure. For axes without sensors, this may be due to bad configuration files.",과도한 열 보정 거리,총 열 보정 거리가 실제 범위를 벗어났습니다. 열 센서 고장일 수 있습니다. 열 센서가 있는 축의 경우 열 센서 고장이 원인일 수 있습니다. 센서가 없는 축의 경우 잘못된 구성 파일이 원인일 수 있습니다.
NGC,9952.0000,9952,0000,TCPC DWO NOT ENABLED,"Rotary configuration needs to be confirmed to that it matches the ANSI standard in order for TCPC/DWO to work. To confirm that the rotary axes are configured correctly, go to the Rotary tab in Settings Display and follow the on screen instructions. ",TCPC/DWO가 활성화되지 않음,회전식 구성이 TCPC/DWO가 작동하기 위해 ANSI 표준과 일치하도록 확인되어야 합니다. 회전식 축이 올바르게 구성된 것임을 승인하려면 설정 화면의 회전 탭에 가서 화면 상의 지침에 따릅니다. 
NGC,2.9920,2,9920,Y-AXIS POSITION ERROR TOO LARGE,The axis cannot move to the commanded position and the error grew too large.  Check for a machine crash. Check your program for errors and correct speeds and feeds.  Clean chips from the machine.  Check for chips on tools and tool-holders.  Check for dull tools.  ,,
CHC-Mill,122.0000,122,0000,REGEN OVERHEAT,"The regenerative load temperature is above the safe limit. This has resulted in the shutdown of the servos, the spindle drive, the coolant pump, and the toolchanger.  Check your program for too many start/stop duty cycles of the spindle. Check for an input line voltage that is higher than recommended for the machine.",회생 과열,"회생 로딩 온도가 안전 한계를 초과했습니다. 이는 서보, 스핀들 드라이브, 절삭유 펌프 및 공구 교환장치를 종료시켰습니다. 프로그램에 스핀들의 지나치게 많은 시작/정지 부하 사이클이 있는지 확인하십시오. 기계에 권장하는 것보다 더 높은 입력 라인 전압인지 확인하십시오."
NGC,9954.0000,9954,0000,MRZP VALUES ARE ZERO," One or more of the Machine Zero Rotary Position settings are set to zero. For 5 axis operations with either G234 Tool Center Point Control or G254 Dynamic Work Offsets, all of settings 255, 256 and 257 must have non-zero values. For 4 axis operations with either G234 or G254, the following settings must have non-zero values: Settings 256 and 257 for A axis. Settings 255 and 257 for B axis. Settings 255 and 256 for C axis. ",MRZP값이 0임," 한 개 이상의 기계 영점 회전 위치 설정이 0으로 설정되었습니다. G234 공구 센터 점 제어 또는 G254 동적 워크 오프셋 중에 하나를 사용하는 5축 작업을 위해서는 255, 256 및 257 설정 모두 0이 아닌 값을 가져야 합니다. G234 또는 G254 중에 하나를 사용하는 4축 작업을 위해서는 다음 설정은 0이 아닌 값을 가져야 합니다. A축에 대하여 설정 256 및 257. B축에 대하여 설정 255 및 257. C축에 대하여 설정 255 및 256."
NGC,9201.0000,9201,0000,ROTARY AXIS FAILURE TO LEAVE UNCLAMP SWITCH,"There was an issue where the Rotary axis that uses an indexer was unable to unclamp. 
 Verify your HPU is on and has pressure.  Also verify the oil level.",,
NGC,131.0000,131,0000,TOOL NOT CLAMPED,The maximum time for clamping a tool has been exceeded during a tool change. ,클램핑 안된 공구,공구 교환 중 공구를 클램핑할 수 있는 최대 시간이 초과되었습니다.
NGC,437.0000,437,0000,TAILSTOCK UNDERSHOOT,"The tailstock did not reach the commanded position. Check that the values of Setting 341 and 342 (on the user position tab) are correct for the part, and the part is seated correctly in the chuck. Check that the tailstock was not blocked by the tool turret or another solid object in the machine. For a hydraulic tailstock, check that tailstock hydraulic pressure is not too low. ",심압대 도달하지 못함,"심압대가 명령된 위치에 도달하지 못했습니다. 설정 341과 342의 값(사용자 위치 탭에 있음)이 공작물에 대해 정확한지, 부품이 척에 올바르게 안착되었는지 확인하십시오. 공구 터렛이나 기계 내 다른 고체 물체에 의해 심압대가 막히지 않았는지 확인합니다. 유압 심압대의 경우 심압대 유압이 너무 낮지 않은지 확인합니다."
CHC-Mill,165.0000,165,0000,X-AXIS ZERO RETURN MARGIN IS TOO SMALL,The home switch is too close to the motor encoder reference mark.  Make Sure your offsets are correct before using the machine.,X축 영점 복귀 마진이 너무 적음,원점 스위치가 모터 인코더 참조 표시에 너무 가깝습니다. 기계 사용 전에 오프셋이 올바른 지 확인하십시오.
CHC-Lathe,706.0000,706,0000,SS AXIS SERVO ERROR TOO LARGE,Too much load or speed on SS axis motor.,SS 축 서보 오류 과도함,SS 축 모터에 과도한 부하와 스피드가 걸렸습니다.
NGC,2021.0000,2021,0000,TOOL TURRET LOW PRESSURE FAULT,"The tool turret failed to clamp or unclamp because of low pressure. For some Haas lathes, turret unclamping actions are activated by air pressure. On others hydraulic pressure activates the unclamping actions. Check incoming air or hydraulic pressure and flow.  Continue normal operation ",공구 터렛 저압 고장,공구 터렛이 저압으로 인해 클램핑하거나 클램핑을 해제하지 못했습니다. 일부 Haas 선반에 있어서 터렛 클램핑 해제 조치는 공기압으로 활성화됩니다. 다른 선반에서는 유압이 클램핑 해제 조치를 활성화합니다. 유입 공기압과 유압 및 유동을 확인합니다. 일반 작동을 계속하십시오.
CHC-Mill,647.0000,647,0000,REGEN LOAD SHORTED,A short–circuit of the Regen Load has been sensed.,회생 로딩이 짧아짐,회생 로딩에 단락이 감지되었습니다.
CHC-Mill,858.0000,858,0000,ATC CAROUSEL MOTOR ELECTRICAL FAULT,"No motor current was measured after the ATC carousel was commanded ON. Try RESET key first to clear alarms. If necessary, cycle power on the machine.",ATC 캐로슬 모터 전기 고장,ATC 캐로슬의 명령이 켬(ON)으로 된 후에 모터 전류가 측정되지 않았습니다. 먼저 RESET 키로 경보를 삭제하십시오. 필요한 경우 기계의 전원을 껐다 켜십시오.
NGC,1104.0000,1104,0000,OTS NEEDS CALIBRATION,The tool probe is not calibrated.,OTS에 보정이 필요,공구 프로브가 보정되지 않았습니다.
NGC,982.0000,982,0000,ZERO ANGLE MOVE,"The start and end points of the programmed arc do not coincide with the specified I, J or K addresses. Correct the program. To cut a full circle I, J or K addresses must be used; using an R address will not work. ",0도 이동,"프로그래밍된 호의 시작과 끝 점이 지정된 I, J 또는 K 주소와 일치하지 않습니다. 프로그램을 수정하십시오. 완전한 원을 절삭하려면 I, J, K 어드레스를 사용해야 합니다. R 어드레스를 사용하면 원 절삭이 안 됩니다."
NGC,9841.0000,9841,0000,PCOOL MOTOR DISCONNECTED,The programmable coolant circuit was commanded on but no current was detected. Check to see if the pcool will turn when commanded. Check for broken wires. ,PCOOL 모터가 연결이 끊어짐,프로그래밍형 절삭유 회로에 켬 명령이 내려졌지만 전류가 감지되지 않았습니다. 프로그래밍형 절삭유가 명령을 받았을 때 켜졌는지 알아보십시오. 파손된 배선을 확인하십시오.
CHC-Lathe,101.0000,101,0000,MOCON COMM. FAILURE,A selftest of communications between the MoCon and Main Processor failed. This can be caused by a software error or a hardware failure. Check the software release notes. Check cable/power connections and reseat or replace address and data bus cables. This alarm can also be caused by a MoCon memory fault. Check status lights.,MOCON COMM. 고장,MoCon과 메인 프로세서 간의 통신에 대한 자체 테스트가 실패했습니다. 이는 소프트웨어 오류 또는 하드웨어 고장이 원인일 수 있습니다. 소프트웨어 릴리스 정보를 확인하십시오. 케이블/전원 연결을 확인하고 주소 및 데이터 버스 케이블을 재장착하거나 교체하십시오. 또한 이 경보는 MoCon 메모리 오류가 원인일 수 있습니다. 상태 램프를 확인하십시오.
CHC-Mill,559.0000,559,0000,C–AXIS SECONDARY ENCODER POSITION MISMATCH,The Position reported by the secondary encoder does not match the position reported by the primary encoder. This alarm cannot be reset.  Turn the machine off and back on. Continue normal operation if possible. Contact your local Haas Factory Outlet.,C축 2차 인코더 위치 불일치,2차 인코더에 의해 보고된 위치는 1차 인코더에 의해 보고된 위치와 맞지 않습니다. 이 경보는 리셋할 수 없습니다. 기계를 끄고 다시 켜십시오. 가능하면 일반 운전을 계속하십시오. 현지 Haas 직영 창고 매장에 문의하십시오.
CHC-Lathe,410.0000,410,0000,INVALID V CODE,Bad Parameter or Setting data. User was loading settings or parameters and something was wrong with the data.,잘못된 V 코드,잘못된 파라미터 또는 설정 데이터 사용자는 설정이나 파라미터를 로딩하였거나 데이터에 문제가 있습니다.
CHC-Lathe,451.0000,451,0000,BAR FEEDER SPINDLE INTERLOCK,This means that discrete input 1027 (BF FLT) is high. See parameter 278 bit 21 CK BF SP ILK.,봉재 이송 장치 스핀들 연동,이것은 이산형 입력 1027(BF FLT)이 높다는 것을 의미합니다. 파라미터 278 비트 21 CK BF SP ILK임을 참조하십시오.
CHC-Mill,172.0000,172,0000,APC-PALLET UNCLAMP TIMEOUT,"The pallet in the mill did not unclamp in the time allowed. Check for foreign objects between the pallet and the clamp plate. Verify there is an adequate supply of air pressure and air volume. Check air solenoids for sticking and air release ports for clogging. Check the pallet position switch for correct operation, the switch and wiring for damage and pallet alignment. Check the pallet clamp plate for damage. After determining the cause and correcting the problem, run M50 P1 in MDI to recover the pallet changer and then continue operation. Parameter 321 specifies the unclamp timeout period.",APC 팔레트 클램핑 해제 타임아웃,밀의 팔레트가 허용된 시간에 클램핑 해제가 되지 않았습니다. 팔레트와 클램프 플레이트 사이에 외부 물체가 있는지 확인하십시오. 적절한 공기 압력과 공기 체적의 공급을 확인하십시오. 공기 솔레노이드가 들러 붙어있는지 공기 방출 포트가 막혔는지 확인하십시오. 팔레트 위치 스위치가 정확하게 작동하는지 스위치와 배선이 손상되었는지 그리고 팔레트 정렬을 확인하십시오. 팔레트 클램프 플레이트가 손상되었는지 확인하십시오. 원인을 결정하고 문제를 해결한 후에 MDI에서 M50 P1를 실행하여 팔레트 교환장치를 복원하고 계속 작동시킵니다. 파라미터 321은 팔레트 클램핑 해제의 타임아웃 기간을 지정합니다.
CHC-Mill,833.0000,833,0000,C AXIS SERIAL DATA COMMUNICATION FAULT," Check that the cable from the mocon to the indicated axis encoder is undamaged and securely connected. A serial communications fault has occurred between the indicated encoder and the mocon. This is most commonly due to a loose connector or a bad cable between the mocon and the encoder. Check the cable and connections. If the problem persists, check the motor.",C축 시리얼 데이터 통신 고장, Mocon에서 축 인코더로 연결된 케이블이 손상되지 않았는지와 확실하게 연결되었는지 확인하십시오. 시리얼 통신 고장이 표시된 인코더 및 모콘 사이에서 발생했습니다. 가장 흔한 원인은 모콘과 인코더 사이에 있는 느슨한 커넥터나 손상된 케이블 때문입니다. 케이블과 연결을 확인하십시오. 문제가 지속되면 모터를 확인하십시오.
NGC,9708.0000,9708,0000,CAN NODE MOTOR 1 SHORT DETECTED,"Potential motor short circuit detected. This warning can be generated by Autodoor or EVise. Check Alarm History to identify the affected device. If reported by EVise, check cable leads for damage/shorts.&nbsp; Observe operation of the affected device for validity.

If the device operates as expected, proceed normally.",CAN 노드 모터 1 단락 감지됨,잠재적 모터 단락이 감지되었습니다. 이 경고는 자동 도어나 E 바이스에 의해 생성됩니다. 경보 이력을 확인하여 영향을 받는 장치를 식별하십시오. E 바이스로부터 온 보고라면 케이블 선의 손상/단락을 점검하십시오.&nbsp; 유효성을 위해 영향 받는 장치의 작동을 관찰하십시오. 장치가 기대한 대로 작동한다면 보통처럼 진행하십시오. 
CHC-Mill,991.0000,991,0000,AMPLIFIER OVER TEMPERATURE,An Amplifier's temperature is above it's limit. – A preceding alarm will indicate which amplifier is above it's temperature limit. This can be caused by high axis load for an extended period of time. High shop temperature can cause this alarm to occur more often. Allow time for the amplifier to cool. Adjust your program to reduce axis loads. Clear all alarms.,온도가 초과한 증폭기(AMPLIFIER OVER TEMPERATURE),증폭기의 온도가 한계를 초과했습니다. -선행 경보가 어떤 증폭기가 온도 한계를 초과하는지 나타냅니다. 이것은 연장된 시간 동안 축에 고부하가 걸린 것이 원인일 수 있습니다. 높은 온도가 이 경보를 더 자주 발생하게 한 원인일 수 있습니다. 증폭기에 냉각될 수 있는 시간을 주십시오. 프로그램을 조정하여 축 부하를 줄이십시오. 모든 경보를 삭제하십시오.
CHC-Lathe,2067.0000,2067,0000,TOOL CHANGE ATTEMPT FAILED,"A tool change attempt failed. Clear all alarms and zero the machine. If the error continues, cycle the power and then zero the machine.",공구 교환 시도 실패,공구 교환 시도가 실패했습니다. 모든 경보를 지우고 기계를 영점으로 맞추십시오. 오류가 계속되면 동력을 순환시킨 다음 기계를 영점으로 맞추십시오.
NGC,9898.001,9898,001,CAN NODE WARNING,One of the CAN Nodes has reported a non-critical Warning.  This warning will be logged in the Alarm History and the machine will continue to function.  There will be a subcode to detail additional information.,CAN 노드 경고,CAN 노드 중 하나가 중대하지 않는 경고를 보고했습니다.   이 경고는 알람 이력에 로그인 되면 기계는 계속 기능할 것입니다. 서브코드가 추가 정보를 상세화할 것입니다.
CHC-Mill,132.0000,132,0000,POWER DOWN FAILURE,The machine did not turn off when an automatic power–down was commanded.,전원 강하 고장,기계는 자동 전원 강하 명령을 받았을 때 꺼지지 않았습니다.
NGC,4002.0000,4002,0000,LOW AIR DURING TOOL UNCLAMP,"Pressto play video related to this content. Insufficient air supply to unclamp the tool.  Once the air pressure has been restored, use RECOVERY to correct the tool changer. Ensure sufficient air volume is available:  Actuate the air gun while doing a tool change      If the pressure drops more then 10 psi you do not have sufficient air flow    Take a look at your incoming line      Lines should be 3/8 of an inch minimum        1/2 inch is the recommended size       Does the line have unnecessary bends or fittings    Check your shop compressor      Is it large enough for all the machines connected to it    ",공구 클램핑 해제 도중 공기압 낮음,이 콘텐츠와 관련된 동영상을 재생합니다. 공구 클램핑을 해제하기에는 공기 공급이 부족합니다. 일단 공기압이 복원되면 복구(RECOVERY)를 사용하여 공구 교환장치를 교정하십시오. 충분한 공기양을 이용 가능한지 확인하십시오. 공구를 교체하는 동안 에어건을 작동하십시오. 압력이 10psi 이상 떨어지면 공기 흐름이 충분하지 않습니다. 유입 라인은 0.95MM 최소 1.27MM여야 합니다. 라인이 불필요하게 구부러지거나 피팅이 되어 있는지 점검합니다. 작업장 컴프레서가 연결된 모든 시스템에 맞게 충분히 큰지 확인합니다.
CHC-Lathe,4013.0000,4013,0000,CHUCK PRESSURE MONITOR ERROR,Chuck Pressure Monitoring was turned on with G50 Pxxx. The chuck is clamped and the spindle is turning while the chuck pressure is outside of the specified range. Adjust the chuck pressure to within the current G50 Pxxx range or specify a new G50 Pxxx range. Chuck Pressure Monitoring can be turned off by specifying G50 P0.,척 압력 모니터 오류,척 압력 모니터는 G50 Pxxx와 함께 켜졌습니다. 척 압력이 지정된 범위를 벗어나 있는 동안 척이 고정되고 스핀들이 회전합니다. 척 압력을 현재의 G50 Pxxx 범위 내에서 조정하거나 새로운 G50 Pxxx 범위를 지정하십시오. 척 압력 모니터링은 G50 P0을 지정하여 끌 수 있습니다.
NGC,1089.0000,1089,0000,NO TOOL LENGTH ACTIVE,"G43 or G44 must be active before the cycle is called.  Edit the program and
start again from a safe position.",활성화된 공구 길이 없음(NO TOOL LENGTH ACTIVE),G43 또는 G44는 활성화되어 있어야 합니다. 프로그램을 편집하고 안전한 위치에서 다시 시작하십시오.
NGC,9987.0000,9987,0000,G105 PROHIBITED WITH INSIDE DIAMETER CHUCK CLAMPING, Advancing the bar with ID chuck clamping could result in a collision with the chuck. Change Setting 282 to O.D. or remove G105 from the program. ,G105 내경 척 클램핑이 금지됨, 봉재를 ID 척 클램핑으로 전진시키면 척과 충돌을 일으킬 수 있습니다. 설정 282를 O.D.로 변경하거나 프로그램에서 G105를 제거하십시오.
NGC,834.0000,834,0000,U AXIS SERIAL DATA COMMUNICATION FAULT,"Check that the cable from the mocon to the indicated axis encoder is undamaged and securely connected. A serial communications fault has occurred between the indicated encoder and the mocon. This is most commonly due to a loose connector or a bad cable between the mocon and the encoder. Check the cable and connections. If the problem persists, check the motor.",U축 시리얼 데이터 통신 고장,모콘에서 표시된 축 인코더와 연결된 케이블이 손상되지 않았는지와 확실하게 연결되었는지 확인하십시오. 시리얼 통신 고장이 표시된 인코더 및 모콘 사이에서 발생했습니다. 가장 흔한 원인은 모콘과 인코더 사이에 있는 느슨한 커넥터나 손상된 케이블 때문입니다. 케이블과 연결을 확인하십시오. 문제가 지속되면 모터를 확인하십시오.
NGC,9409.0000,9409,0000,ELECTRIC VISE POSITION FEEDBACK ERROR,The axis cannot move to the commanded position and the error grew too large.  Check that the encoder cable isplugged in.  Check for a bad encoder cable.  Check for bad encoder switches. ,전기 바이스 위치 피드백 오류,축이 명령된 위치로 움직일 수 없으며 오류가 너무 커집니다. 인코더 케이블이 플러그되었는지 확인하십시오. 인코더 케이블 불량인지 확인하십시오. 인코더 스위치 불량인지 확인하십시오.
CHC-Lathe,134.0000,134,0000,LOW HYDRAULIC PRESSURE,Hydraulic pressure is sensed to be low or has not come up to pressure within the time allowed in parameter 222. Check pump pressure and hydraulic tank oil level. Verify proper pump and machine phasing. Also check 3phase power phasing. Phase detector on power card should have green light under PASS when machine is powered up.,낮은 유압,유압이 낮은 것으로 감지되었거나 파라미터 222에 허용된 시간 내에 압력에 도달하지 않았습니다. 펌프 압력과 유압 탱크 오일 레벨을 확인하십시오. 적절한 펌프와 기계 위상을 확인하십시오. 또한 3상 전력 위상을 확인하십시오. 전원 카드의 위상 검출기는 기계의 전원을 켤 때 PASS 아래에 녹색 표시등이 있어야 합니다.
NGC,4.2012,4,2012,S (SPINDLE) INSUFFICIENT SPINDLE GEAR BOX OIL FLOW,Add recommended oil to the gear box. Press the RESET button.,S(스핀들) 스핀들 기어박스 오일 흐름 부족,권장 오일을 기어박스에 추가하십시오. RESET(리셋) 버튼을 누르십시오.
NGC,4.2011,4,2011,S (SPINDLE) LOW GEARBOX OIL LEVEL,"The spindle gear-box oil-level is too low. Add 500mL of approved oil (SHC 625) into the gearbox oil reservoir. 

Push the RESET button and continue operation. If the spindle gearbox oil level indicator remains after 10 minutes, add another 500mL of oil.
",S(스핀들) 기어박스 오일 레벨 부족,"스핀들 기어 박스 오일 레벨이 너무 낮습니다. 승인된 오일(SHC 625) 500mL를 기어박스 오일탱크에 추가하십시오. RESET(리셋) 버튼을 눌러 작동을 계속하십시오. 스핀들 기어박스 오일 레벨 표시장치가 10분 후에도 그대로 있으면 500mL의 오일을 또 한번 추가합니다. 
"
NGC,9856.0000,9856,0000,ANALOG GP8 OVER LIMIT,General Purpose Analog input has exceeded the limit specified by the I/O Configuration file. ,아날로그 GP8 한계 초과,일반 목적 아날로그 입력이 I/O 구성 파일이 지정한 한계를 초과했습니다.
NGC,648.0000,648,0000,DC BUS SHORTED,"A shorted 320VDC bus condition was detected upon power-up. The DC bus monitor detected an improper charge-up. This can be caused by a shorted capacitor in 320V PS, shorted cable, shorted servo amplifier or shorted spindle drive. This can also be caused by a low incoming power. Check the Amplifier. Check the incoming AC lines. ",DC 버스가 단락됨,"단락된 320VDC 버스 상태가 전원을 올릴 때 감지되었습니다. DC 모니터가 부적절한 충전을 감지했습니다. 이것은 320V PS의 단락된 캐패시터, 단락된 케이블, 단락된 서보 증폭기 또는 단락된 스핀들 드라이브가 원인일 수 있습니다. 또한 낮은 인입 전원이 원인일 수 있습니다. 증폭기를 점검하십시오. 인입 AC 라인을 확인하십시오."
NGC,9000.0000,9000,0000,ENHANCED SURGE PROTECTOR FAULT DETECTED,The Voltage Suppressor Module has failed and must be replaced. ,강화된 서지 보호기 고장 감지됨,전압 억제기 모듈이 고장나서 교체해야 합니다.
NGC,801.0000,801,0000,NO BLOCK DELETES BETWEEN P AND Q,"Block delete character ""/"" is not allowed between P and Q blocks of a G71, G72, or G73",P 및 Q 사이에 블록이 삭제되지 않음,"G71, G72 또는 G73의 P 및 Q블록 사이에 블록 삭제 문자 “/”가 허용되지 않습니다."
CHC-Lathe,335.0000,335,0000,Z AXIS DISABLED,Parameter has disabled this axis.,Z축 비활성화됨,파라미터가 이 축을 비활성화 하였습니다.
NGC,349.0000,349,0000,PROGRAM STOP WITHOUT CANCELING CUTTER COMP,"  The program commanded a stop or end code (M00, M01, M01, or M30) while cutter compensation was active. You must command a linear cutter compensation exit move with G40 before you command any program stop or end code. Edit your program to add a cutter compensation exit move before the stop or end code.    Example Code with Error     Cutter compensation was not canceled before the M30 command.     Example Corrected Code    Before the M30 command, use G40 with a G01 move away from the workpiece to calcel cutter compensation.    ",컷터 보정 취소없이 프로그램 정지,"  프로그램이 시작 및 종료 코드(M00, M01, M01, 또는 M30)가 내린 한편, 컷터 보정은 활성화된 상태입니다. 프로그램 중지 또는 종료 코드를 명령하기 전에 G40을 사용하여 선형 컷터 보정 종료 이동을 명령해야 합니다. 프로그램을 편집하여 코드 시작 또는 종료 전에 컷터 보정 탈출 이동을 추가해야 합니다. 오류가 있는 코드의 예:   컷터 보정은 M30 명령 이전에 취소되지 않았습니다. 수정된 코드의 예:  M30 명령 이전에 G01과 함께 G40을 사용하여 작업장으로부터 떨어져서 컷터 보정을 취소시키십시오."
NGC,615.0000,615,0000,NO INTERSECTION TO OFFSETS IN CC," -While cutter comp was in effect, a geometry was encountered whose compensated paths had no solution given the tool offset used. This can occur when solving circular geometries. Correct the geometry or change the tool radius. ",컷터 보정의 오프셋에 교차되지 않음, -컷터 보정이 적용되는 동안 사용된 툴 오프셋을 고려할 때 보정 경로에 솔루션이 없는 형상이 발생했습니다. 이것은 회전 형상을 해결할 때 발생합니다. 형상을 고치거나 공구 반경을 변경하십시오.
CHC-Lathe,149.0000,149,0000,SPINDLE TURNING,The machine has detected that the spindle is still turning when it expects it to be stopped. This is most likely cause by an incorrect parameter setting.,스핀들 회전,기계가 정지가 예상된 때에도 계속 스핀들이 회전하고 있음을 감지하였습니다. 이 경우는 대부분 부정확한 파라미터 설정이 원인일 수 있습니다.
NGC,9944.0000,9944,0000,AXIS SECONDARY ENCODER Z FAULT,Quadrature encoder generated an unexpected Z pulse.  Press reset and continue. If necessary power cycle the machine. ,축 보조 인코더 Z 오류,원적 인코더에서 예상치 못한 Z 펄스를 생성했습니다. 리셋을 누르고 계속하십시오. 필요한 경우 기계의 전원을 껐다 켜십시오.
NGC,9889.0000,9889,0000,SLIDER DOOR OPEN TIMEOUT,Auto Window door didn't open within the required time limit. ,팔레트 풀 슬라이더 도어 개방 타임아웃,팔레트 풀 슬라이더 도어가 규정된 시간 한계 내에 개방하지 않았습니다.
CHC-Lathe,935.0000,935,0000,BAR 100 FAULT, Bar 100 program error. Cycle power on the machine.,환봉 100 고장, 환봉 100 프로그램 오류 기계의 전원을 껐다 켜 주십시오.
NGC,447.0000,447,0000,BAR FEEDER TRANSFER TRAY IS BLOCKED,The bar length sensor detected an unexpected object in the transfer tray.   Clear extra stock from the tray Check for debris on the sensor  Located on the right side of transfer tray  Check the sensor electrical connections Press RESET to clear alarms and resume operation  ,봉재 이송장치 전달 트레이가 차단됨,환봉 길이 센서가 전달 트레이에 있는 예상치 못한 물체를 감지했습니다. 트레이에서 여분의 봉재를 제거합니다. 센서에 이물질이 있는지 확인하십시오. 전달 트레이 우측에 위치하십시오. 센서 전기 연결부를 확인하십시오. 경보를 삭제하고 작업을 재개하려면 RESET을 누르십시오.
CHC-Lathe,116.0000,116,0000,SPINDLE ORIENTATION FAULT,Spindle orientation or M19 was commanded but did not complete. Check for anything mechanically binding the spindle.,스핀들 오리엔테이션 고장,스핀들 오리엔테이션 또는 M19에 대한 명령은 있었으나 완료되지 않았습니다. 스핀들에 기계적으로 묶여 것이 있는지 확인하십시오.
CHC-Mill,933.0000,933,0000,SERVO TOOL CAROUSEL AXIS IS DISABLED," The servo tool changer carousel axis, specified by Parameter 804 TC CAROUSEL AXIS, is disabled.",서보 공구 캐로슬 축이 비활성화됨, 파라미터 804 TC 캐로슬 축에 의해 지정된 서보 공구 교환장치 캐로슬 축이 비활성화되었습니다. 
NGC,535.0000,535,0000,ILLEGAL DPRNT STATEMENT,"A DPRNT statement has been formatted improperly, or DPRNT does not begin block. Check format of DPRNT statements.   Use the program formats below.  For System Variables. To DPRNT G54 Work Offset. % O00001 DPRNT[#5221[44]]; DPRNT[#5222[44]]; DPRNT[#5223[44]]; %  For Macro Variables. To DPRNT macro variable 100. % O00002 DPRNT[#10100[44]]; %  See DPRNT section in the operators manual for more information. ",불법 DPRNT 문,DPRNT 문은 부적절하게 포맷팅되었거나 DPRNT은 블록을 시작하지 않습니다. DPRNT문의 포맷을 확인하십시오. 아래 포멧의 프로그램을 사용하십시오. 시스템 변수 DPRNT G54 워크 오프셋. % O00001 DPRNT[#5221[44]]; DPRNT[#5222[44]]; DPRNT[#5223[44]]; %   매크로 변수에 대해. DPRNT는 매크로 변수 100. % O00002 DPRNT[#10100[44]]; %   더 자세한 내용을 보려면 운영자 매뉴얼의 DPRNT 섹션을 참조하십시오.
NGC,316.0000,316,0000,OVER TRAVEL RANGE,"  An axis was commanded to move outside of its travel limit. Use this list to help resolve the alarm:  Make sure that the work offsets are correct. Check the G52 and G92 offsets.G52 and G92 offsets are used to shift all other work offsets. For most applications, these offsets should be zero. If user-defined travel limits are active, make sure that the programmed coordinates are within the defined limits. Make sure that your Tool Offsets are correct. Check your program for errors. Mills: Make sure that G90 or G91 is correctly selected. Make sure that the program calls the correct work offset. Make sure that the programmed axis coordinates are correct.    ",이동거리 범위 초과,  축에 이동 거리 한계 바깥으로 이동하라는 명령이 내려졌습니다. 경보를 해결하는데 도움이 되는 목록을 사용하십시오. 워크 오프셋이 올바른지 확인하십시오. G52 및 G92 오프셋을 확인하십시오. G52 및 G92 오프셋은 모든 기타 워크 오프셋을 변경하는데 사용됩니다. 대부분의 응용장치에서 이 오프셋은 0이 되어야 합니다. 사용자 정의 이동거리 한계가 활성화되었으면 프로그래밍된 좌표가 정의된 한계 내에 있는지 확인하십시오. 툴 오프셋이 정확한지 확인하십시오. 프로그램에 오류가 있는지 확인하십시오. 밀: G90 또는 G91이 정확하게 선택되었는지 확인하십시오. 프로그램이 정확한 워크 오프셋을 호출했는지 확인하십시오. 프로그래밍된 축 좌표가 정확한지 확인하십시오.
NGC,359.0000,359,0000,"INVALID I, K OR Q IN G12 OR G13",Check your program for G12 and G13 formatting of variables.  ,"G12 또는 G13의 잘못된 I, K 또는 Q",프로그램에 G12와 G13 변수 형식이 있는지 확인하십시오.
NGC,9962.0000,9962,0000,USER AVAILABLE MEMORY IS FULL,This machine's available data storage is full. Delete files or purchase a memory upgrade. ,사용 가능한 사용자 메모리가 찼음,기계의 사용 가능 데이터 저장소가 꽉 찼습니다. 파일을 삭제하거나 메모리를 구매해서 업그레이드하십시오.
NGC,9846.0000,9846,0000,SIO - DC MOTOR TOOL CHANGER - MOTOR STALLED,The serial I/O PCB on board processor detected an stall condition on one of the DC tool changer motors when a tool changer was commanded.  Check the tool changer for excessive chips that may be binding the operation of the motors.  ,SIO - DC 모터 공구 교환장치 - 모터 정지됨,공구 교환장치가 명령될 때 시리얼 I/O 온보드 프로세서가 DC 공구 교환장치 모터 중 하나에서 정지 상태를 감지했습니다. 공구 교환장치에 모터 작동에 결속될 수 있는 과도한 칩이 있는지 확인하십시오.
NGC,892.0000,892,0000,SPINDLE SYNCH MAX LOAD TIME EXCEEDED," During G199, spindle synchronization, a spindle was at maximum load for longer than 1 second. Adjust feeds, speeds and/or spindle velocity.",스핀들 동기화 최대 부하 시간이 초과함," G199, 스핀들 동기화 중에 스핀들이 1초를 초과하는 동안 최대 부하가 걸렸습니다. 이송, 속도 및/또는 스핀들 속도를 조정하십시오."
CHC-Mill,190.0000,190,0000,B–AXIS MOTOR Z FAULT,An Encoder fault has been sensed. The ZReference signal from the encoder was not received as expected.  Cycle power on the machine. Check the B–axis connections at the side of the control cabinet.,B축 모터 Z 고장,인코더 고장이 감지되었습니다. 인코더로부터 온 Z 참조 신호는 예상대로 수신되지 않았습니다. 기계의 전원을 껐다 켰다 해주십시오. B축이 제어 캐비닛 측면에 연결되었는지 확인하십시오.
NGC,844.0000,844,0000,GREASE MOVEMENT TO VERTICAL AXIS NOT SENSED,The pressure sensor did not sense grease movement to the vertical axis. – Check for a large air pocket in the grease hose between the reservoir and the pressure switch. ,수직 축으로의 그리스 움직임이 감지되지 않음,압력 센서가 수직축으로의 움직임을 감지하지 않았습니다. -저장 탱크와 압력 스위치 사이의 그리스 호스에서 큰 공기 포켓이 있는지 확인하십시오.
CHC-Lathe,491.0000,491,0000,KEYBOARD INTERFACE COMMUNICATION,The main control has automatically re-established communication with the serial keyboard interface (SKBIF). - Clear all alarms by pressing the RESET button. Operation of the machine can continue after all alarms are cleared.,키보드 인터페이스 통신,제어판이 자동으로 시리얼 키보드 인터페이스(SKBIF)와의 통신을 리셋했습니다. - RESET(리셋) 버튼을 눌러 모든 경보를 제거하십시오. 기계의 운전은 모든 경보가 제거된 후에 계속될 수 있습니다.
CHC-Mill,220.0000,220,0000,A-AXIS PHASING ERROR,An error occurred during the phasing initialization of the brushless motor.  Cycle power to clear.,A축 페이징 오류,브러시리스 모터의 페이징 초기화 동안에 오류가 발생하였습니다. 전원을 껐다 켜서 삭제하십시오.
NGC,990.0000,990,0000,IMPROPER USE OF WSTRCHR,This routine was called with a ASCII string as the source.,WSTRCHR의 부적절한 사용,이 루틴은 ASCII 스트링을 가진 소스로서 불리웁니다.
CHC-Mill,391.0000,391,0000,FEATURE DISABLED,An attempt was made to use a software feature that is not enabled. Check status of feature by pressing the PARAM/DIAG key and navigating to the associated feature. Enter the unlock code received when purchased. Code is enclosed in the user manual list of option printout.,기능 비활성화,활성화된 소프트웨어의 기능을 사용하려는 시도가 있었습니다. PARAM/DIAG 키를 밀고 관련 기능에 찾아감으로써 기능 상태를 확인하십시오. 구매 시 받은 해제(unlock) 코드를 입력하십시오. 코드는 옵션 인쇄물의 사용자 매뉴얼에 동봉되어 있습니다.
CHC-Mill,825.0000,825,0000,MAIN CONTROL INTERFACE FAULT,"A communication error with the main control has been sensed. This can occur when main control cannot communicate correctly with the SKBIF (serial keyboard interface), or when main control cannot communicate correctly with the RJH–C (color remote jog handle). This can also occur if the RJH is plugged in or unplugged while the power is ON. – Check for loose connectors at the Remote Jog Handle controller holster. Press the RESET button to clear the alarm.",제어판 인터페이스 고장,제어판과의 통신 오류가 감지되었습니다. 제어판이 SKBIF(직렬 키보드 인터페이스)와 올바르게 통신할 수 없는 경우 또는 제어판이 RJH–C(컬러 원격 조그 핸들)와 올바르게 통신할 수 없는 경우에 발생할 수 있습니다. 또한 RJH가 전원이 켜져 있는 동안 플러그에 끼우거나 빼는 경우에 발생할 수 있습니다. - 원격 조그 핸들 컨트롤러 고정장치에 느슨한 커넥터가 있는지 확인하십시오. 경보를 삭제하려면 RESET을 누르십시오.
NGC,9874.0000,9874,0000,ANALOG GP26 OVER LIMIT,General Purpose Analog input has exceeded the limit specified by the I/O Configuration file. ,아날로그 GP26 한계 초과,일반 목적 아날로그 입력이 I/O 구성 파일이 지정한 한계를 초과했습니다.
NGC,9143.0000,9143,0000,TABLETOP PRIMARY CABLE DISCONNECT,The control has detected that the primary data cable to the machine hardware is disconnected. Please reconnect the cable before resetting the alarm. ,테이블톱 1차 케이블 연결 끊김,기계 하드웨어에 대한 기본 데이터 케이블이 분리되었음을 컨트롤이 감지했습니다. 경보를 리셋하기 전에 케이블을 다시 연결하십시오.
CHC-Mill,2004.0000,2004,0000,TOOL LOAD STATION EMERGENCY STOP SWITCH ERROR,The emergency stop circuit at the tool load station has failed. Check tool load station emergency stop switch contacts and wiring. Fix the problem and then cycle power to clear this alarm.,공구 로드 스테이션 비상 정지 스위치 오류,공구 로드 스테이션의 비상 정지 회로가 고장났습니다. 공구 로드 스테이션 비상 정지 스위치의 접촉 및 배선을 확인하십시오. 문제를 고친 다음에 경보를 삭제하기 위해 전원을 껐다 켰다 하십시오.
CHC-Lathe,439.0000,439,0000,TAILSTOCK FOUND NO PART,"During an M21 or G01, the tailstock reached the hold point without encountering the part.",심압대에 공작물이 없음,M21 또는 G01 동안 심압대는 공작물과 마주치지 않고 보류점에 도달하였습니다.
NGC,9720.0000,9720,0000,SECONDARY SERIAL ENCODER ALARM,"This alarm usually indicates a bad serial connection or a noisy environment interfering with the transfer of serial encoder data.

There are 8 possible SubAlarms covered by the Serial Encoder Alarm:

1 - Encoder Data Fault

2 - Internal Axis Fault 1

3 - Internal Axis Fault 2

4 - Encoder CRC Error

5 - Encoder Cable Fault

6 - Encoder Stop Bit Error

7 - Encoder Parity Error

8 - Encoder Counting Error",보조 직렬 인코더 경보,이 경보는 일반적으로 직렬 연결 불량 또는 직렬 인코더 데이터 전송을 방해하는 소음이 많은 환경을 나타냅니다. 직렬 인코더 경보에 포함되는 8개의 가능한 하위 경보는 다음과 같습니다. 1 - 인코더 데이터 결함2 - 내부 축 결함 13 - 내부 축 결함 24 - 인코더 CRC 오류5 - 인코더 케이블 결함6 - 인코더 정지 비트 오류7 - 인코더 패리티 오류8 - 인코더 계수 오류
NGC,9849.0000,9849,0000,ANALOG GP1 OVER LIMIT,General Purpose Analog input has exceeded the limit specified by the I/O Configuration file. ,아날로그 GP1 한계 초과,일반 목적 아날로그 입력이 I/O 구성 파일이 지정한 한계를 초과했습니다.
NGC,2017.0000,2017,0000,SPINDLE MOTOR OVERHEAT CAUTION,The Spindle Motor temperature is higher than the temperature caution limit. – Make sure the coolant flow and volume are correct. Adjust your program to lower the average spindle load. Check for dull or damaged tools. ,스핀들 모터 과열 경고,스핀들 모터 온도가 온도 주의 한계보다 높습니다. - 절삭유가 흐르고 부피가 올바른지 확인하십시오. 프로그램을 조정하여 평균 스핀들 부하를 낮추십시오. 무뎌졌거나 손상된 공구를 확인하십시오.
CHC-Mill,210.0000,210,0000,INSUFFICIENT MEMORY,Not enough memory to load user program. Check the space available in the LIST PROG and delete or download some programs to free memory.,불충분한 메모리,메모리가 충분하지 않아 사용자 프로그램을 로딩할 수 없습니다. LIST PROG에서 사용 가능한 공간을 확인하고 여유 메모리에 가는 일부 프로그램을 삭제하거나 다운로드 하십시오.
NGC,20014.1,20014,1,SIO TOOL CHANGER COMMUNICATION EVENT,"Communication lost. The Tool Changer PCB was not detected at power on.  The Tool Changer PCB is installed on the I/O PCB if the machine is equipped with DC Motors options like Umbrella Tool Changer, or a Bar Feeder.   If the machine does not have these option, this message is normal.",SIO 공구 교환장치 PCB 제공되지 않음,공구 교환장치 PCB가 전원이 켜졌을 때 감지되지 않았습니다. 공구 교환장치에 엄브렐라(Umbrella) 공구 교환장치 또는 봉재 이송장치와 같은 DC 모터 옵션이 장착된 경우 PCB가 I/O PCB에 설치됩니다. 기계에 이러한 옵션이 없는 경우 이 메시지는 정상입니다.
NGC,20014.0,20014,0,SIO TOOL CHANGER COMMUNICATION EVENT,Communication restored. The Tool Changer PCB on I/O PCB was detected and is communicating correctly with the main I/O PCB.  This is an informational message only.,SIO 공구 교환장치 PCB 제공,I/O PCB의 공구 교환장치 PCB가 감지되었고 메인 I/O PCB와 올바르게 통신하고 있습니다. 이것은 단지 정보 메시지입니다.
NGC,20001.0000,20001,0000,Initialization Event,The control is reporting an Initialization Event. This is an informational message only. No parts need to be replaced.,초기화 이벤트,제어가 초기화 이벤트를 보고합니다. 이것은 단지 정보 메시지입니다. 교체해야 할 공작물이 없습니다.
CHC-Mill,125.0000,125,0000,SHUTTLE FAULT,The tool–changer was not at Home position during Power On. – Clear all alarms. Press the tool–change recover button and follow the instructions on the screen. Check for chips in the tool–changer area.,셔틀 고장,공구 교환장치는 전원이 들어오는 동안에 원점 위치에 있지 않습니다. - 모든 경보를 삭제하십시오. 공구 교환 복구 버튼을 누르고 화면의 지침을 따르십시오. 공구 교환장치 안의 칩을 확인하십시오.
CHC-Lathe,743.0000,743,0000,W–AXIS ZERO CHANNEL MISSING,An encoder signal integrity error was sensed. The encoder position data may be unreliable. All servos are turned off. – Reset the alarms and zero return the axis.,W축 영점 채널 누락,인코더 신호 무결성 오류가 감지되었습니다. 인코더 위치 데이터가 신뢰성이 없는 것일 수도 있습니다. 모든 서보가 꺼져 있습니다. – 경보를 리셋하고 축을 영점 복귀시키십시오.
NGC,2051.0000,2051,0000,D–AXIS PHASING ERROR,"An error occurred during the phasing initialization of the brushless motor. This error cannot be reset. To clear this alarm, you must cycle power on the machine. – Cycle power to clear.",D축 페이징 오류,브러시리스 모터의 페이징 초기화 동안에 오류가 발생하였습니다. 이 오류는 리셋될 수 없습니다. 이 경보를 삭제하려면 기계의 전원을 껐다 켰다 하십시오. -전원을 껐다 켜서 삭제하십시오.
CHC-Lathe,191.0000,191,0000,B LIMIT SWITCH,Normally disabled for rotary axis.,B 리미트 스위치,보통 회전축이 비활성화됨.
CHC-Mill,971.0000,971,0000,FAILED LOAD,"The on board device computer failed to load network drivers. This is from an invalid network setting. Cycle power. CNC should go into Drivers not Loaded mode, change network settings and try again. The default network settings can be restored if needed. Press Prgrm Convers during power up.  Wait about 3 minutes then Press P Enter, then P5 Enter.

For machines with a PC104 PCB:
disconnect the e-enet, usb, floppy and Rs-232 cables and power back on,  if problem goes away troubleshoot the external devices.
check that stack ribbon cables are properly seated.
check the 5 VDC supply voltage to the PC104 PCB.

For machines with a Maincon:
disconnect the e-enet, usb, and Rs-232 cables from the Maincon PCB and power back on,  if problem goes away troubleshoot the external devices.

Note:  If this alarm occurs after a communications system firmware upgrade,  the communications firmware is corrupted.  There is no recovery from this condition the PC104 or Maincon must be replaced.",실패한 로드,"온 보드 장치 컴퓨터가 네트워크 드라이버 로드에 실패했습니다. 이것은 잘못된 네트워크 설정 때문입니다. 전원을 껐다 켜십시오. CNC가 ‘로드되지 않은 드라이버’ 모드에 들어가야 합니다, 네트워크 설정을 바꾸고 다시 시도하십시오. 기본 네트워크 설정이 필요하면 복구될 수 있습니다. 전원을 켜는 동안 ‘프로그램 전환’을 누르십시오. 3분 정도 기다린 후 P Enter를 누르고, 그런 다음 P5 Enter를 누르십시오. PC104 PCB가 있는 기계의 경우: E-Enet, USB, 플로피 및 Rs-232 케이블의 연결을 끊었다가 문제가 해결되면 전원을 다시 켭니다. 스택 리본 케이블이 올바르게 장착되었는지 확인합니다. PC104 PCB 측 5 VDC 공급 전압을 확인합니다. Maincon이 있는 기계의 경우: Maincon PCB에서 E-Enet, USB 및 Rs-232 케이블을 분리했다가 문제가 해결되면 전원을 다시 켭니다. 참고:  경보가 통신 시스템 펌웨어 업그레이드 후에 발생하면 통신 펌웨어가 손상된 것입니다. 이 조건은 복구가 안되면 PC104 또는 Maincon이 교체되어야 합니다."
NGC,807.0000,807,0000,NO SUPPORTING FONT FOUND FOR LANGUAGE SELECTED,Control will revert to English.,언어 선택에 지원되는 폰트가 발견되지 않음,제어가 영어로 변경되었습니다.
NGC,9821.0000,9821,0000,C AXIS FAILED TO MOVE OFF ENGAGE INPUT,"The C Axis failed to move off the engage input in the time allowed while trying to disengage. Press RESET and try again. If the issue persists, take a SHIFT-F3 and contact HFO.",C축이 체결 입력을 작동시키지 못함,분리하려고 시도하는 동안 허용된 시간 내에 C축이 체결 입력을 작동시키지 못했습니다. RESET을 누른 후 다시 시도하십시오. 문제가 지속되면 SHIFT-F3를 눌러 Haas 직영 창고 매장에 문의하십시오.
NGC,340.0000,340,0000,CUTTER COMP BEGIN WITH G02 OR G03,Cutter compensation must begin with a linear move.  Check program and turn on cutter compensation on in a G01 block.  ,G02 또는 G03과 함께 시작하는 컷터 보정(CUTTER COMP BEGIN WITH G02 OR G03),컷터 보정은 선형 이동으로 시작해야 합니다. 프로그램을 확인하고 G01 블록에서 컷터 보정을 켜십시오.
NGC,9816.0000,9816,0000,REGEN OVERLOAD,Regen is on too long or often.    I2T function. ,회생 과부하,회생이 너무 길거나 자주 있습니다. I2T 기능.
NGC,6.423,6,423,B-AXIS SECONDARY ENCODER POSITION MISMATCH,The Position reported by the secondary encoder does not match the position reported by the primary encoder. This alarm cannot be reset. Turn the machine off and back on.,B축 2차 인코더 위치 불일치,2차 인코더에 의해 보고된 위치는 1차 인코더에 의해 보고된 위치와 맞지 않습니다. 이 경보는 리셋할 수 없습니다. 기계를 끄고 다시 켜십시오.
CHC-Lathe,658.0000,658,0000,INVALID MOVE AFTER CHAMFERING,The command after the block commanded with chamfering or corner rounding is either missing or wrong. There must be a move perpendicular to that of the chamfering or corner rounding block.,모따기 후의 잘못된 이동,블록이 모따기 또는 코너 라운딩 명령을 받은 후의 명령은 누락되었거나 잘못된 것입니다. 블록 모따기 또는 코너 라운딩의 이동에 수직이 이동이 있어야 합니다.
CHC-Mill,820.0000,820,0000,COUNTER–BALANCE FAILURE,There is low pressure in the counter–balance system. The machine will not operate until the problem is corrected.  It is normal to lose pressure over time. The system needs to be re–pressurized. Contact your local Haas Factory Outlet.,카운터 밸런스 고장,카운터 밸런스 시스템이 저압입니다. 상태가 정정될 때까지 기계가 조작하지 않습니다. 시간이 지남에 따라 압력 손실은 정상입니다. 시스템에 다시 압력을 가해야 합니다. 현지 Haas 직영 창고 매장에 문의하십시오.
NGC,4136.0000,4136,0000,MOTOR CONFIGURATION FILE NOT SELECTED,A motor file for this axis is required by parameter but has not yet been set. The machine is not properly configured. The service technician needs to obtain the latest parameters and then perform the motor selection process via Factory Settings. ,,
CHC-Mill,465.0000,465,0000,UNICODE DATA FOUND IN FILE NAME,Unicode formatted data was found in the file name. This must be changed to an ASCII file name for proper use.,파일 이름에 유니코드 데이터가 발견됨(UNICODE DATA FOUND IN FILE NAME),유니코드로 포맷된 데이터가 파일 이름에 있습니다. 이것은 적절하게 사용하기 위해 ASCII 파일 이름으로 변경되었습니다.
NGC,9150.289,9150,289,SRVO-289 SMOOTH STOP,"These alarms are generated when the robot is at fault state.  A sub-alarm number indicates faults ID and is provided by FANUC robot. This alarm is generated when the robot's DCS Zone was not setup correctly. Cartesian Speed Check, Joint Position Check, or Joint Speed Check is Enabled when it should be Disabled. Verify the Cartesian Speed Check, Joint Position Check, and Joint Speed Check are all Disabled. ",,
CHC-Mill,279.0000,279,0000,X–AXIS SECONDARY ENCODER Z FAULT,An encoder signal integrity error was sensed. The encoder position data may be unreliable.  Reset the alarms and zero return the axis.,X축 2차 인코더 Z 고장,인코더 신호 무결성 오류가 감지되었습니다. 인코더 위치 데이터가 신뢰성이 없는 것일 수도 있습니다. 경보를 리셋하고 축을 영점 복귀시키십시오.
CHC-Lathe,423.0000,423,0000,SERVO BAR EOB SWITCH POSITION UNKNOWN,Place 12 inch standard bar in charging position and run G105 Q5 to set End of Bar Switch Position.,서보 환봉 알려지지 않은 환봉끝 스위치 위치,12인치 표준 환봉을 충전 위치에 놓고 G105 Q5를 실행하여 환봉 끝 스위치 위치로 설정합니다.
CHC-Lathe,776.0000,776,0000,Ss PHASING ERROR MOCON2," Error occurred in phasing initialization of brushless motor. This can be caused by a bad encoder, or a cabling error.",Ss 페이징 오류 MOCON2, 브러시리스 모터의 페이징 초기화 동안에 오류가 발생하였습니다. 이것은 불량한 인코더 또는 케이블 설치 오류가 원인일 수 있습니다.
NGC,491.0000,491,0000,KEYBOARD INTERFACE COMMUNICATION,The main control has automatically re-established communication with the serial keyboard interface (SKBIF).  - Clear all alarms by pressing the RESET button. Operation of the machine can continue after all alarms are cleared. ,키보드 인터페이스 통신,제어판이 자동으로 시리얼 키보드 인터페이스(SKBIF)와의 통신을 리셋했습니다. - RESET(리셋) 버튼을 눌러 모든 경보를 제거하십시오. 기계의 운전은 모든 경보가 제거된 후에 계속될 수 있습니다.
NGC,9967.0000,9967,0000,SECONDARY SPINDLE CHUCK UNCLAMPED OVER ALLOWED RPM," The secondary spindle chuck was commanded to unclamp, but the spindle was rotating too fast to safely unclamp.  Setting 283, Chuck Unclamp RPM, controls the maximum spindle speed at which you can command the secondary spindle chuck to unclamp. To resolve this alarm, you can:  Change this Setting to match your application. Change the programmed spindle speed to match Setting 283. Clamp the chuck with an M110 command or the chuck foot pedal. Make sure that the clamping mode setting is correct for your application. This setting specifies inner diameter (ID) or outer diameter (OD) clamping.  ",보조 스핀들 척이 주어진 RPM을 초과하여 클램핑이 해제됨," 보조 스핀들 척에 클램프 해제 명령이 내려졌지만, 스핀들이 너무 빠르게 회전하여 안전하게 클램프를 해제할 수 없습니다. 설정 283, 척 클램핑 해제 RPM은 2차 스핀들 척의 클램핑이 해제하도록 명령할 수 있는 최대 스핀들 회전수를 제어합니다. 이 경보 해결을 위한 조치:  이 설정을 변경하여 응용장치를 일치시키십시오. 프로그래밍된 스핀들 회전수를 변경하여 설정 283에 맞추도록 하십시오. 척을 M110 명령으로 또는 척 풋 페달로 클램핑하십시오. 클램핑 모드 설정이 응용장치에 맞는지 확인하십시오. 설정이 내경(ID) 또는 외경(OD) 클램핑을 지정합니다."
NGC,9400.0000,9400,0000,ELECTRIC VISE CABLE BROKEN,This alarms occurs because there is a problem with the electric cable.  To troubleshoot this issue:    First visibly inspect the cable for breaks or usual wear or tear  Check parameters 2235 (Vise 1) or 2240 (Vise 2) to verify that the percentage &ldquo;matches motor specifications&rdquo;  Additionally you can check parameters 2215 (Vise 1) or 2222 (Vise 2) to make sure the delay &ldquo;is long enough to reach the correct current for the motor&rdquo;    ,전기 바이스 케이블 파손,이 경보는 전기 케이블에 문제가 있기 때문에 발생합니다. 이 문제를 고장 수리하려면:    먼저 케이블이 끊겼거나 일반적인 마모가 되었거나 찢어졌는지 눈으로 검사하십시오. 파라미터 2235(Vise 1) 또는 2240(Vise 2)을 점검하여 모터 &ldquo;규격과 백분율이 일치&rdquo;하는지 확인합니다. 또한 파라미터 2215(Vise 1) 또는 2222(Vise 2)를 점검하여 &ldquo;충분히 길게 지연되어 모터에 올바른 전류에 도달&rdquo;하는지 확인할 수 있습니다.
CHC-Mill,361.0000,361,0000,GEAR–BOX DISABLED,A gear–change command was given but no gearbox is installed. Remove M41 and M42 commands from your programs.,기어박스 비활성화됨,기어 변경 명령이 주어졌지만 어떤 기어박스도 설치되지 않았습니다. 프로그램에서 M41 및 M42 명령을 제거하십시오
CHC-Mill,364.0000,364,0000,NO CIRC INTERP AUX AXIS,Only rapid or feed is allowed with aux axes.,CIRC 보간 보조 축이 없음,보조 축은 단지 긴급 또는 이송하는 용도로만 허용됩니다.
CHC-Lathe,360.0000,360,0000,TOOL CHANGER DISABLED, Check Parameter 57 in Mills. Not a normal condition for Lathes.,공구 교환장치 비활성화됨, 밀(mill)에서 파라미터 57을 확인하십시오. 선반의 일반적인 상태가 아닙니다.
NGC,9992.0000,9992,0000,C AXIS FAILED TO DISENGAGE,"The C Axis failed to disengage in the time allowed.  This alarm can be caused by an obstruction or by low air/hydraulic  pressure.  Make sure the incoming pressure and flow is set to the Haas specifications.  Check for mechanical binds inside the work area.  If an input air regulator was installed, make sure it operates correctly.",C축 분리 실패,C축이 허용된 시간에 분리하지 못했습니다. 이 경보는 장애물 또는 낮은 공기/압력이 원인일 수 있습니다. 유입 압력 및 유동이 Haas 규격에 따라 설정되었는지 확인하십시오. 작업 영역 안의 기계적 결합을 확인하십시오. 입력된 공기 조절장치가 설치되었다면 정확히 작동하는지 확인하십시오.
NGC,824.0000,824,0000,SERVO AUTO DOOR OPERATION FAULT,"The Servo Auto Door did not open or close as commanded. This occurs when something prevents door movement or affects the door closed sensor interlock switch. Remove any buildup of chips from the door tracks and rollers. Remove any chip buildup on the interlock Trip Flag and the interlock switch, which may prevent sensor actuation. Make sure the interlock Trip Flag is not bent or broken. Make sure the interlock switch sensor adjustment is correct.  For the Robot Ready option; make sure the door open sensor is working correctly. ",서보 자동 도어 작동 고장,서보 자동 도어가 명령대로 열리거나 닫히지 않았습니다. 이것은 어떤 것이 도어의 움직임을 막거나 도어 잠금 센서 인터록 스위치에 영향을 줄 때 발생합니다. 도어 트랙과 롤러에 쌓인 칩을 제거하십시오. 센서 작동을 방해할 수 있는 인터록 Trip Flag과 인터록 스위치에 쌓인 칩을 제거하십시오. 인터록 Trip Flag가 구부러졌거나 깨지지 않았는지 확인하십시오. 인터록 스위치 센서 조정이 올바른지 확인하십시오. Robot Ready 옵션에서 도어 개방 센서가 올바르게 작동하는지 확인하십시오.
NGC,390.0000,390,0000,NO SPINDLE SPEED,"  The program contains a tapping canned cycle (G74, G84, G164, G174, or G184) with no defined spindle RPM. Edit the program to add the appropriate S-code with or before the tapping cycle block.  Example Code with Error There is no S-code to define the spindle RPM for the tapping cycle.   Example Corrected Code This code includes S1000 before the G84 block to define the spindle RPM for the tapping cycle.      ",스핀들 회전수 없음,"  이 프로그램에는 스핀들 RPM이 정의되지 않은 태핑 고정 사이클(G74, G84, G164, G174, G184)이 포함되어 있습니다. 프로그램을 편집하여 태핑 사이클 블록 또는 그 앞에 적절한 S코드를 추가합니다. 오류가 있는 코드의 예: 태핑 사이클의 스핀들 RPM을 정의하는 S코드는 없습니다. 수정된 코드의 예: 이 코드는 Tapping Cycle의 스핀들 RPM을 정의하기 위해 G84 블록 앞에 S1000을 포함합니다."
CHC-Mill,209.0000,209,0000,QUEUE CUTTER COMP ERROR,Cycle power on the machine.,큐 컷터 보정 오류,기계의 전원을 껐다 켜 주십시오.
CHC-Lathe,760.0000,760,0000,S AXIS DISABLED,Parameter has disabled this axis.,S축 비활성화됨,파라미터가 이 축을 비활성화 하였습니다.
NGC,9113.0000,9113,0000,INVALID SPINDLE M CODE DURING G199,"Certain spindle M codes are not allowed during G199.  This includes M19, M119. ",G199 중에 잘못된 스핀들 M 코드,"특정 스핀들 M 코드는 G199 중에 허용되지 않습니다. 여기에는 M19, M119가 포함됩니다."
CHC-Mill,609.0000,609,0000,U AXIS SERVO ERROR TOO LARGE,"The U axis cannot move to the commanded position. This can be caused by chips on the tool or toolholder, too much tool pressure, dull tools, or a machine crash. Clean chips from the machine. Check your program for errors and correct speeds and feeds. Check for chips on tools and toolholders. Check for dull tools. Check for a machine crash.",U축 서보 오류가 너무 큼,"U축이 명령된 위치로 이동할 수 없습니다. 이는 공구 또는 공구 홀더의 칩, 지나치게 높은 공구 압력, 무뎌진 공구 또는 기계 충돌로 인해 발생할 수 있습니다. 기계에서 칩을 깨끗이 제거하십시오. 프로그램에 오류가 있는지 확인하고 속도와 이송을 수정하십시오. 공구 및 공구 홀더에 칩이 있는지 확인하십시오. 무뎌진 공구가 있는지 확인하십시오. 기계 충돌이 있는지 확인하십시오."
CHC-Mill,178.0000,178,0000,DIVIDE BY ZERO,"There are some parameters that are used as a divisor and therefore must never be set to zero. If the problem cannot be corrected by parameters, cycle power on the machine.",O으로 나누기,약수로서 사용되는 파라미터가 몇 개 있음에 따라서 영점으로 설정되어서는 안 됩니다. 파라미터로 문제가 해결되지 않는 경우 기계를 껐다 켜십시오.
NGC,1107.0000,1107,0000,OMP40 NEEDS CALIBRATION,The work probe is not calibrated.,OMP40에 보정이 필요,공작물 검사가 보정되지 않았습니다.
CHC-Lathe,174.0000,174,0000,TOOL LOAD EXCEEDED,"Tool load during a feed exceeded the user-defined tool load limit. Do these steps before continuing: Make sure that the tool load limit is set correctly on the Advanced Tool Management (ATM) tab. This tab is under CURRENT COMMANDS. Inspect the tool for wear. Replace it if necessary. Check the program for errors and for appropriate speeds and feeds. Reset the tool load limt for the tool in the spindle, if necessary. Reset the alarm and resume the program.",공구 부하가 초과됨,이송 중에 공구 부하가 사용자가 정의한 공구 부하 한계를 초과하였습니다. 계속하기 전에 다음 단계를 진행하십시오. 고급 도구 관리(ATM) 탭에서 공구 부하 한계가 올바르게 설정되었는지 확인하십시오. 이 탭은 현재 명령(CURRENT COMMANDS) 아래에 있습니다. 공구의 마모를 검사하십시오. 필요하면 교체하십시오. 프로그램에 오류가 있는지 그리고 적절한 속도와 이송인지 확인하십시오. 필요하다면 스핀들의 공구에 대한 공구 부하 한도를 리셋하십시오. 경보를 리셋하고 프로그램을 다시 시작하십시오.
CHC-Mill,415.0000,415,0000,OVERRUN,"Data sent too fast to CNC, try slower baud rate.",오버런,"너무 빠르게 CNC로 데이터가 있으니, 보드 속도를 더 느리게 하십시오."
CHC-Mill,229.0000,229,0000,C–AXIS TRANSITION FAULT,An Encoder problem has been sensed. The encoder position data may be unreliable. Cycle power on the machine.,C축 전환 고장,인코더 문제가 감지되었습니다. 인코더 위치 데이터가 신뢰성이 없는 것일 수도 있습니다. 기계의 전원을 껐다 켜 주십시오.
CHC-Mill,263.0000,263,0000,LEAD SCREW CRC MISSING,Lead screw compensation tables have no CRC when loading from disk.,리드 스크루 CRC 누락,리드 스크루 보정 테이블에는 디스크로부터 로딩할 때 CRC가 없습니다.
CHC-Lathe,995.0000,995,0000,ERROR TOO LARGE,Amplifier error too large. Difference between actual current and commanded current in amplifier is too great. This can be caused if the MOCON commands are more current than the amplifier's capabilities. Make sure the MOCON is working. This can also be caused by a faulty amplifier.,오류가 지나치게 큼(ERROR TOO LARGE),증폭기 오류가 너무 큽니다. 증폭기 안의 실제 전류와 명령된 전류사이의 차이가 지나치게 큽니다. 이것은 MOCON 명령이 증폭기의 능력보다 더 많은 전류에 대한 것일 경우 발생할 수 있습니다. MOCON이 작동하는지 확인하십시오. 이것은 고장난 증폭기가 원인일 수도 있습니다.
CHC-Mill,276.0000,276,0000,C–AXIS DRIVE FAULT,"General Alarm: A fault was reported by the C–axis servo drive. The servos have been turned off. There will be a secondary alarm which will display more specific information, with repair details. – Investigate any secondary alarms.",C축 드라이브 고장,일반 경보: C축 서보 드라이브에 의해 오류가 보고되었습니다. 서보가 꺼져 있었습니다. 수리 세부 사항과 더불어 더 구체적인 정보를 표시하는 2차 경보가 있을 것입니다. - 모든 2차 경보를 조사하십시오.
NGC,9891.0000,9891,0000,WORK STATION IS NOT IN SAFE LOAD UNLOAD POSITION,Work station must be in safe load/unload position when slider begins to slide to it. ,워크 스테이션이 안전한 로드/언로드 위치에 있지 않음,슬라이더가 워크 스테이션으로 슬라이드해 가기 전에 워크스테이션은 안전한 로드/언로드 위치에 있어야 합니다.
NGC,20021.224,20021,224,Robot HOST-224 DHCP  No response from server,The FANUC control disconnected from Haas Control. Increase the Modbus TCP Timeout & Disable DHCP.,로봇 HOST-224 DHCP: 서버에서 응답 없음,FANUC 제어 장치가 Haas Control에서 분리되었습니다. Modbus TCP 타임아웃을 늘리고 DHCP를 비활성화합니다.
NGC,9126.0000,9126,0000,SPINDLE CHUCK CLAMPED,The chuck was clamped when operation expected the state to be unclamped.  Please unclamp the chuck and retry. ,스핀들 척 클램핑 됨,작동이 클램핑 해제가 된 상태여야 하는 때임에도 척은 클램핑이 된 상태였습니다. 척의 클램핑을 해제한 후 다시 시도하십시오.
CHC-Mill,601.0000,601,0000,V AXIS OVER TRAVEL RANGE,The V–axis was commanded to move farther than travel limits allow. Reset the machine. Check your program for errors. Check for improper Work Offsets.,V축의 이동거리 범위,V축에 대해 이동거리 제한이 허용하는 것보다 더 멀리 이동하라는 명령이 내려졌습니다. 기계를 리셋합니다. 프로그램에 오류가 있는지 확인하십시오. 부적절한 워크 오프셋을 확인하십시오.
CHC-Mill,478.0000,478,0000,FPU INEX ERROR,A BSUN exception has occurred on the floating point unit. The execution address where this occurred can be found in the FPE ERR field of the LL DEBUG screen.,FPU INEX 오류,BSUN 예외가 부동점 유닛에서 발생했습니다. 이것이 발생한 실행 어드레스가 LL DEBUG 화면의 FPE ERR에서 발견될 수 있습니다.
CHC-Mill,533.0000,533,0000,MACRO VARIABLE UNDEFINED,"A conditional expression evaluated to an UNDEFINED value, i.e. #0. Return True or False. Check macro formatting.",매크로 변수 미정의,"조건 표현식이 미정의 값으로 평가되었습니다(즉, #0). Return True 또는 False. 매크로 형식을 확인하십시오."
NGC,9109.0000,9109,0000,TAILSTOCK NOT IN PART HOLD POSITION,Tailstock is not in part hold position when Cycle Start is pressed. Move Tailstock to the part hold position before pressing Cycle Start or turn off Setting 145.,심압대가 공작물 고정 위치에 있지 않음,심압대가 사이클 시작이 눌려졌을 때 공작물 고정 위치에 있지 않습니다. 사이클 시작을 누르기 전에 심압대를 공작물 고정 위치로 이동하거나 설정 145를 해제합니다.
NGC,618.0000,618,0000,INVALID ADDRESS VALUE, -An address code is being used incorrectly; a negative value being used for an address code that should be positive. Refer to the documentation of the G code that causes the alarm. ,유효하지 않은 주소값, -주소 코드가 부정확하게 사용 중입니다. 양의 값이어야 할 주소 코드에 음의 값이 사용되고 있습니다. 경보를 발생하는 G코드 문서를 참조하십시오.
CHC-Lathe,746.0000,746,0000,SS–AXIS ZERO CHANNEL MISSING,An encoder signal integrity error was sensed. The encoder position data may be unreliable. All servos are turned off. – Reset the alarms and zero return the axis.,SS축 영점 채널 누락,인코더 신호 무결성 오류가 감지되었습니다. 인코더 위치 데이터가 신뢰성이 없는 것일 수도 있습니다. 모든 서보가 꺼져 있습니다. – 경보를 리셋하고 축을 영점 복귀시키십시오.
NGC,804.0000,804,0000,GREASE CANISTER IS EMPTY, The grease supply is empty or the lubrication system has lost pressure. Replace the grease canister or check if the lubrication lines are clogged or damaged. Further operation without correcting the problem will result in machine damage.,그리스 캐니스터가 비어 있음, 그리스 공급이 낮거나 없거나 또는 윤활 시스템에 압력이 없습니다. 그리스 캐니스터를 교체하거나 윤활유 라인이 막혔거나 손상이 되었는지 확인하십시오. 문제 해결없이 게속 작동시키면 기계 손상이 초래됩니다.
NGC,2054.0000,2054,0000,D–AXIS DISABLED,There was an attempt to move an axis that is not installed in the machine. Check your program for commands to move a nonexistent axis.  Check your program.,D축 비활성화됨,기계에 설치되지 않은 축을 이동시키려는 시도가 있었습니다. 존재하지 않는 축을 이동시키는 명령이 프로그램에 있는지 확인하십시오. 프로그램을 확인하십시오.
CHC-Lathe,194.0000,194,0000,B-AXIS ZERO RETURN MARGIN IS TOO SMALL,The home switch is too close to the motor encoder reference mark.  Make Sure your Tailstock position is correct before using the machine.,B축 영점 복귀 마진이 너무 적음,원점 스위치가 모터 인코더 참조 표시에 너무 가깝습니다. 기계 사용 전에 심압대 위치가 정확한지 확인하십시오. 
NGC,562.0000,562,0000,ALM_562_MAIN_VISE_UNCLAMP,"if the setting associated with the main vise (389 for vise 1, 395 for vise 2) is set to true then the associated vise should be advanced before the cycle start. ",ALM_562_MAIN_VISE_UNCLAMP,"메인 바이스와 관련된 설정(바이스 1의 경우 389, 바이스 2의 경우 395)이 true로 설정된 경우 그 다음에 사이클이 시작되기 전에 관련 바이스가 진행되어야 합니다."
CHC-Mill,259.0000,259,0000,LANGUAGE VERSION,Problem with language files. Please reload foreign language files.,언어 버전,언어 파일에 문제가 있습니다. 외국어 파일을 다시 로드해주십시오.
CHC-Mill,664.0000,664,0000,U–AXIS DISABLED,There was an attempt to move an axis that is not installed in the machine. Check your program for commands to move a nonexistent axis.  Check your program.,U축 비활성화됨,기계에 설치되지 않은 축을 이동시키려는 시도가 있었습니다. 존재하지 않는 축을 이동시키는 명령이 프로그램에 있는지 확인하십시오. 프로그램을 확인하십시오.
CHC-Lathe,932.0000,932,0000,BAR 100- ZERO VALUE," A non zero value must be entered for #3100 Part Length + Cutoff, #3102 Min Clamping Length and #3109 Length of Barstock on the Bar 100 Commands page.",환봉 100- 0의 값(BAR 100- ZERO VALUE)," 환봉 100 명령 페이지에서 #3100 공작물 길이 + 절단, #3102 최소한의 클램핑 길이 및 #3109 환봉의 길이에 0이 아닌 값을 입력해야 합니다."
NGC,9829.0000,9829,0000,CAN ANALOG OVER LIMIT,CAN Analog input has exceed limit specified by the I/O Configuration file.,CAN 아날로그 한계 초과,CAN 아날로그 입력이 I/O 구성 파일이 지정한 한계를 초과했습니다.
CHC-Mill,482.0000,482,0000,FPU INAN ERROR,A BSUN exception has occurred on the floating point unit. The execution address where this occurred can be found in the FPE ERR field of the LL DEBUG screen.,FPU INAN 오류,BSUN 예외가 부동점 유닛에서 발생했습니다. 이것이 발생한 실행 어드레스가 LL DEBUG 화면의 FPE ERR에서 발견될 수 있습니다.
CHC-Lathe,292.0000,292,0000,HIGH VOLTAGE POWER SUPPLY FAULT,"320V VECTOR DRIVE OR MINI MILL POWER SUPPLY fault has occurred. This alarm is generated whenever a condition of over voltage, under voltage, short circuit, over temperature, or shorted regen occurs. This alarm should be followed by another alarm with a detailed explanation of the power supply condition. Press RESET key to continue. If RESET does not clear all alarms cycle power to continue",고압 전원 공급장치 고장,"320V 벡터 드라이브 또는 미니밀 전원 공급장치 고장 이 경보는 과전압, 저전압, 단락, 과열 또는 회생 단락 상태가 발생할 때마다 생성됩니다. 이 경보는 전원 공급장치 상태에 대한 자세한 설명과 함께 또 다른 경보가 뒤따라야 합니다. 계속하려면 RESET을 누르십시오. RESET으로 모든 경보 사이클 전원이 계속되는 것을 삭제하지 못하면"
CHC-Lathe,622.0000,622,0000,C–AXIS ENGAGEMENT FAILURE,"The C–axis failed to engage or disengage in the time allowed. This alarm can be caused by an obstruction or by low air pressure. – Make sure the incoming air pressure and flow is set to Haas specifications. Check for mechanical binds inside the work area. If an input air regulator was installed, make sure it operates correctly.",C-축 개입 실패,C축이 허용된 시간에 개입 또는 분리하지 못했습니다. 이 경보는 장애물 또는 낮은 공기 압력이 원인일 수 있습니다. - 진입 공기 압력 및 유동이 Haas 규격에 따라 설정되었는지 확인하십시오. 작업 영역 안의 기계적 결합을 확인하십시오. 입력된 공기 조절장치가 설치되었다면 정확히 작동하는지 확인하십시오.
NGC,9146.0000,9146,0000,TABLETOP DRIVER FAULT,The TableTop has a driver fault detected. It could come from any of the axes and/or the spindle. Press RESET to reset the Stepper Adapter Board and clear this error.,테이블톱 드라이버 고장,테이블톱의 드리이버 고장이 감지되었습니다. 이것은 축 및/또는 스핀들 중 어느 것에서든 생길 수 있습니다. RESET을 눌러서 스테퍼 어댑터 보드를 리셋하고 이 오류를 삭제하십시오.
NGC,9871.0000,9871,0000,ANALOG GP23 OVER LIMIT,General Purpose Analog input has exceeded the limit specified by the I/O Configuration file. ,아날로그 GP23 한계 초과,일반 목적 아날로그 입력이 I/O 구성 파일이 지정한 한계를 초과했습니다.
NGC,370.0000,370,0000,CANNED CYCLE GEOMETRY ERROR,Check geometry for the canned cycle. Check the geometry for path intersection and main program for starting location. Move the starting location of the tool to a safe and suitable position before defining the geometry for the canned cycle.  Applies to mill G150 and lathe G71 and G72.,고정 사이클 형상 오류,고정 사이클을 위한 형상을 확인하십시오. 형상에 경로 교차가 있는지 메이 프로그램에 시작 위치가 있는지 확인하십시오. 공구의 시작 위치를 고정 사이클을 위한 형상을 정의하기 전에 안전하고 적절한 위치로 옮기십시오. 밀에 G150 그리고 선반에 G71 및 G72을 적용하십시오.
NGC,376.0000,376,0000,NO CUTTER COMP IN SKIP,"  G31, G35, G36, G37, G136, and other probe cycles cannot be used while cutter compensation is active. Edit the program to move those codes before or after the compensated tool path.   ",SKIP에 컷터 보정 없음,"  컷터 보정이 활성화되어 있는 동안에는 G31, G35, G36, G37, G136 및 기타 프로브 사이클을 사용할 수 없습니다. 프로그램을 편집하여 보정 공구 경로 앞뒤에 해당 코드를 이동하십시오."
NGC,444.0000,444,0000,REGEN REMAINED ON TOO LONG,The regen resistor has stayed on too long. Make sure the line voltage to the machine's transformer is correct by referencing the installation instructions. ,지나치게 길게 머문 회생,회생 저항기가 너무 오래 켜진 채로 있었습니다. 설치 지침을 참조하여 기계의 변압기에 연결된 라인 전압이 정확한지 확인하십시오. 
NGC,945.0000,945,0000,APC PALLET LOWER TIMEOUT,The pallet changer was commanded to lower but the down position switch was not contacted before the timeout period.   Check for foreign objects under the lift frame.  Recover the pallet changer and restart.,APC 팔레트 내리기 타임아웃,팔레트 교환장치를 낮추라는 명령이 있어야 하지만 하강 위치 스위치가 타임아웃 기간 전에 접촉되어 있지 않았습니다. 외부 물질이 리프트 프레임 아래에 있는지 확인하십시오. 팔레트 교환장치를 복구하고 재시작하십시오.
NGC,9700.0000,9700,0000,IOPCB CAN NODE BUS ERROR,"IOPCB has detected a CAN fault caused by a CAN Bus error.  Power cycle the machine. If cycling&nbsp;power doesn&#39;t work, check wire connections. If the alarm persists, contact your local Haas Factory Outlet for further review.
",IOPCB CAN 노드 버스 오류,"IOPCB가 CAN 버스 오류에 의한 CAN 고장을 감지하였습니다. 기계의 전원을 껐다 켰다 해주십시오. 기계를 껐다&nbsp;켰다 해도 소용이&#39;없으면 전선 연결을 확인하십시오. 경보가 지속되면 지역의 Haas 직영 창고 매장에 추가 점검을 위해 연락하십시오.
"
NGC,9937.0000,9937,0000,PART NOT FOUND,The workholding exceeded the maximum clamp time and did not find a part.,공작물 발견 안됨,공작물 고정이 최대 클램핑 시간을 초과하였고 공작물을 발견하지 않았습니다.
NGC,20021.0000,20021,0000,ROBOT EVENT,Robot generated a warning. More information on 20021 subcodes can be found in the HRP Troubleshooting Guide. This is an informational message only. No parts need to be replaced.,,
NGC,857.0000,857,0000,ATC ARM MOTOR ELECTRICAL FAULT,"No motor current was sensed after the ATC arm was commanded ON.  Check the motor power cables for any breaks, severe crimping, or loose connections that can cause an open circuit. Make sure the cable connectors do not have damaged pins. On the I/O board, make sure the external brake resistor is plugged into P57 and that the 4–pin jumper is plugged into P87. Measure the resistance of the motor. If the electrical resistance measures less than 1 Ohm, or more than 50 Ohms, replace the motor.  Power cycle the machine.   If the alarm persists,  with the alarm on the screen insert a USB device and press [SHIFT] and the [F3] button to generate an error report.  The error report will be saved to the USB device, e-mail the error report file to your local Haas Factory Outlet for further review. ",ATC 암 모터 전기 고장,"ATC 암에 켬(ON) 명령이 내려진 후에 어떤 모터 전류도 감지되지 않았습니다. 모터 전원 케이블에 개방 회로를 발생하게 하는 절단, 심한 크림핑 또는 느슨한 연결이 있는지 확인하십시오. 케이블 연결에 손상된 핀이 없는지 반드시 확인하십시오. I/O 보드에 외부 차단 저항기가 P57에 플러그 접속이 되었는지 그리고 4 핀 점퍼가 P87에 플러그 연결되었는지 반드시 확인하십시오. 모터의 저항을 측정하십시오. 모터 저항이 1오옴 미만이거나 50오옴을 초과하면 모터를 교체하십시오. 기계의 전원을 껐다 켰다 해주십시오. 경보가 지속되면 화면의 경보가 있는 상태에서 USB 장치를 삽입하고 [SHIFT] 및 [F3] 버튼을 눌러 오류 보고서를 생성하십시오. 오류 보고서는 USB 장치에 저장됩니다. 추가 검토를 위해 오류 보고서 파일을 귀하의 현지 Haas 직영 창고 매장으로 이메일로 보내십시오."
NGC,174.0000,174,0000,TOOL LOAD EXCEEDED,"  Tool load during a feed exceeded the user-defined tool load limit. Do these steps before continuing:  Make sure that the tool load limit is set correctly on the Advanced Tool Management (ATM) tab. This tab is under CURRENT COMMANDS.   Inspect the tool for wear. Replace it if necessary.   Check the program for errors and for appropriate speeds and feeds.   Reset the tool load limt for the tool in the spindle, if necessary.   Reset the alarm and resume the program.      ",공구 부하가 초과됨,  이송 중에 공구 부하가 사용자가 정의한 공구 부하 한계를 초과하였습니다. 계속하기 전에 다음 단계를 진행하십시오. 고급 도구 관리(ATM) 탭에서 공구 부하 한계가 올바르게 설정되었는지 확인하십시오. 이 탭은 현재 명령(CURRENT COMMANDS) 아래에 있습니다. 공구의 마모를 검사하십시오. 필요하면 교체하십시오. 프로그램에 오류가 있는지 그리고 적절한 속도와 이송인지 확인하십시오. 필요하다면 스핀들의 공구에 대한 공구 부하 한도를 리셋하십시오. 경보를 리셋하고 프로그램을 다시 시작하십시오.
NGC,1.108,1,108,X AXIS SERVO OVERLOAD  ,This can occur if the load on the motor is over 100% for a period of several seconds or even minutes. Reduce load on the axis by adjusting the feeds and speeds. Check for dull or broken tools. ,,
CHC-Mill,145.0000,145,0000,X–AXIS LIMIT SWITCH,The X-axis home switch input changed state while the machine was in use. There may be chips on an exposed home switch.  Remove chips on exposed home switches. Reset the machine.,X축 리미트 스위치,기계 사용 중에 X축 원점 스위치 입력이 상태를 변경하였습니다. 노출된 원점 스위치 위에 칩이 있을지 모릅니다. 노출된 원점 스위치에서 칩을 제거하십시오. 기계를 리셋합니다.
CHC-Mill,513.0000,513,0000,VARIABLE REFERENCE NOT ALLOWED WITH N OR O,"Alphabetic addresses N and O are illegal variables. You cannot declare N#1, etc. See Operator manual macro section for valid variables",변수 참조는 N 또는 O가 허용되지 않습니다(VARIABLE REFERENCE NOT ALLOWED WITH N OR O),알파벳 주소인 N 및 O는 위법 변수입니다. N#1 등의 것은 선언할 수 없습니다. 유효한 변수는 운영자 매뉴얼 매크로 섹션을 참고하십시오.
NGC,1.103,1,103,X-AXIS SERVO ERROR TOO LARGE,The axis cannot move to the commanded position and the error grew too large.  Check for a machine crash. Check your program for errors and correct speeds and feeds.  Clean chips from the machine.  Check for chips on tools and tool-holders.  Check for dull tools. ,,
NGC,360.0000,360,0000,TOOL-CHANGER DISABLED,A tool–change command was given but no tool–changer was enabled. – Contact your local Haas Factory Outlet. ,공구 교환장치 비활성화됨,공구 교환 명령이 주어졌지만 공구 교환장치가 활성화되지 않았습니다. - 현지 Haas 직영 창고 매장에 문의하십시오.
NGC,20017.0000,20017,0000,Security Key Event,The control is reporting a Security Key Event. This is an informational message only. No parts need to be replaced.,보안 키 이벤트,제어 장치가 보안 키 이벤트를 보고하고 있습니다. 이것은 단지 정보 메시지입니다. 교체해야 할 공작물이 없습니다.
NGC,2001.0000,2001,0000,EMERGENCY STOP SWITCH ERROR,The primary emergency stop circuit has failed. ,비상 정지 스위치 고장,1차 비상 정지 회로가 실패했습니다.
CHC-Mill,394.0000,394,0000,B AXIS OVER TRAVEL RANGE,The B axis was commanded to move farther than travel limits allow. Reset the machine. Check your program for errors. Check for improper Work Offsets.,B축의 이동거리 범위,B축에 대해 이동거리 제한이 허용하는 것보다 더 멀리 이동하라는 명령이 내려졌습니다. 기계를 리셋합니다. 프로그램에 오류가 있는지 확인하십시오. 부적절한 워크 오프셋을 확인하십시오.
CHC-Mill,828.0000,828,0000,X AXIS SERIAL DATA COMMUNICATION FAULT," Check that the cable from the mocon to the indicated axis encoder is undamaged and securely connected. A serial communications fault has occurred between the indicated encoder and the mocon. This is most commonly due to a loose connector or a bad cable between the mocon and the encoder. Check the cable and connections. If the problem persists, check the motor.",X축 시리얼 데이터 통신 고장, 모콘에서 표시된 축 인코더와 연결된 케이블이 손상되지 않았는지와 확실하게 연결되었는지 확인하십시오. 시리얼 통신 고장이 표시된 인코더 및 모콘 사이에서 발생했습니다. 가장 흔한 원인은 모콘과 인코더 사이에 있는 느슨한 커넥터나 손상된 케이블 때문입니다. 케이블과 연결을 확인하십시오. 문제가 지속되면 모터를 확인하십시오.
NGC,20.108,20,108,F1 (SLAVE AXIS) AXIS SERVO OVERLOAD ,This can occur if the load on the motor is over 100% for a period of several seconds or even minutes. Reduce load on the axis by adjusting the feeds and speeds. Check for dull or broken tools. ,,
CHC-Lathe,824.0000,824,0000,SERVO AUTO DOOR OPERATION FAULT,"The Auto Door did not open or close completely. Check for debris on the door track and rollers. Once the cause is determined and corrected, normal operation can be resumed.",서보 자동 도어 작동 고장,자동 도어가 완전히 열리거나 닫히지 않았습니다. 도어 트랙 및 롤러에 찌꺼기가 껴 있는지 확인하십시오. 일단 고장의 원인이 확정되고 수정되면 일반 작동이 다시 시작될 수 있습니다.
CHC-Mill,1099.0000,1099,0000,BROKEN TOOL,This alarm occurs if a tool is out of user defined tolerance.  Replace defective tool and establish correct tool offset value.,파손된 공구,이 경보는 공구가 사용자 정의 공차를 벗어난 경우에 발생합니다. 결함이 있는 공구를 교체하고 올바른 툴 오프셋 값을 설정하십시오.
NGC,2064.0000,2064,0000,G234 INITIAL RAPID POSITIONING MOVE IS REQUIRED.,"The motion immediately following G234, TCPC, must be a rapid positioning move. In the part program place a G00 command after G234 and before the first feed command. ",G234 초기 급속 위치 이동이 요구됩니다.,"G234, TCPC를 즉각 따르는 동작은 급속 위치 설정 이동입니다. 공작물 프로그램에서 G234 이후 및 첫 번째 공급 명령 앞에 G00 명령을 배치하십시오."
CHC-Mill,485.0000,485,0000,USB RESET OCCURRED,"The USB firmware experienced a reset. This can occur if the USB media is extremely fragmented, or if there are many files in the directory. Try a faster USB. Defragment USB using Windows disk tools, or use a USB device with fewer files on it.",USB 리셋 발생,USB 펌웨어에 리셋이 발생했습니다. USB 미디어가 심하게 조각화되었거나 디렉토리에 많은 파일이 있을 경우 발생할 수 있습니다. 더빠른 USB 미디어를 사용하십시오. Windows 디스크 툴로 USB 조각모으기를 하거나 USB 장치에 더 적은 파일을 넣어 사용하십시오.
NGC,6.4011,6,4011,B-AXIS ROTARY BRAKE ENGAGEMENT FAILURE,The rotary table brake system did not engage in time. The rotary table might be unable to hold position for machining.,B축 회전 브레이크 개입 장애,회전 테이블 브레이크 시스템이 적시에 개입하지 않았습니다. 회전 테이블은 일치하기 위한 위치를 유지하지 못할 수 있습니다.
CHC-Mill,1107.0000,1107,0000,OMP40 NEEDS CALIBRATION,The work probe is not calibrated. Calibrate the probe.,OMP40에 보정이 필요,공작물 검사가 보정되지 않았습니다. 프로브를 보정하십시오.
NGC,6.4012,6,4012,B-AXIS BRAKE PRESSURE DETECTED AFTER BRAKE IS RELEASED,"One of the rotary axis brakes was released, but the brake system sensor indicates brake pressure did not dissipate. Continued use could damage the axis brake system.",B축 브레이크 해제 후 브레이크 압력이 감지됨,회전 축 브레이크 중 하나가 해제되었지만 브레이크 시스템 센서가 브레이크 압력이 소멸되지 않았다고 표시합니다. 계속 사용하면 축 브레이크 시스템이 손상될 수 있습니다.
CHC-Lathe,409.0000,409,0000,INVALID N CODE,Bad Parameter or Setting data. User was loading settings or parameters and something was wrong with the data.,잘못된 N코드,잘못된 파라미터 또는 설정 데이터 사용자는 설정이나 파라미터를 로딩하였거나 데이터에 문제가 있습니다.
NGC,386.0000,386,0000,INVALID ADDRESS FORMAT,  An H-code in the program has a negative (-) value. H-codes must always have a positive (+) value.    Example Code with Error     The negative (-) H-code value is causing the alarm.     Example Corrected Code    Edit the H-code value so that it is positive (+).    ,잘못된 주소 형식,  프로그램의 H코드가 음수(-) 값을 가집니다. H 코드는 항상 양수(+) 값을 가져야 합니다. 오류가 있는 코드의 예: 음수(-) H 코드 값이 알람을 발생시킵니다. 수정된 코드의 예:  H 코드 값이 양수(+)가 되도록 편집합니다.
NGC,2047.0000,2047,0000,D–AXIS DRIVE FAULT,"General Alarm: A fault was reported by the D–axis servo drive. The servos have been turned off. There will be a secondary alarm which will display more specific information, with repair details. – Investigate any secondary alarms.",D축 드라이브 고장,일반 경보: D축 서보 드라이브에 의해 오류가 보고되었습니다. 서보가 꺼져 있었습니다. 수리 세부 사항과 더불어 더 구체적인 정보를 표시하는 2차 경보가 있을 것입니다. - 모든 2차 경보를 조사하십시오.
NGC,4.9003,4,9003,INSUFFICIENT SPINDLE COOLANT CHILLER FLOW,Spindle chiller coolant (glycol) flow was not detected while spindle is running. Check for low spindle coolant level. Check for restrictions or obstructions in the hoses.,스핀들 절삭유 칠러 흐름 부족,스핀들이 작동 중일 때 스핀들 칠러 절삭유(글리콜) 흐름이 감지되지 않습니다. 스핀들 절삭유 레벨이 낮은지 점검하십시오. 호스에 방해물 또는 장애물이 있는지 점검하십시오.
CHC-Lathe,426.0000,426,0000,SERVO BAR ILLEGAL CODE G105," Feed Bar commanded with an illegal code on block. Legal codes are I, J, K, P, Q, R",서보 환봉 위법 코드 G105," 블록 상의 위법 코드로 명령된 이송 환봉 합법 코드는 I, J, K, P, Q, R"
NGC,9403.0000,9403,0000,ELECTRIC VISE DRIFT DETECTED,This alarms occurs because the axis of the vise has moved while the vise was in the advanced state.  To troubleshoot this issue:    First visibly inspect the vise and figure out why its axis might have moved  Check parameters 2234(Vise 1) or 2239(Vise 2) to verify that thedrift distance value &ldquo;matches axisspecifications&rdquo;  ,전기 바이스 드리프트 감지,이 경보는 바이스 축이 바이스가 전진한 상태에서 바이스가 이동한 것이 원인입니다. 이 문제를 고장 수리하려면:    먼저 바이스를 눈으로 검사하여 축이 이동했을 수 있는 원인을 파악하십시오. 파라미터 2234(바이스 1) 또는 2239(바이스 2)를 점검하여 드리프트 거리 값이 &ldquo;축 지정과 일치&rdquo;하는지 확인하십시오.
CHC-Lathe,756.0000,756,0000,Ss AXIS DRIVE FAULT MOCON2,Current in Ss servo motor beyond limit. Possibly caused by a stalled or overloaded motor. The servos are turned off. This can be caused by running the axis into a mechanical stop. It can also be caused by a short in the motor or a short of one motor lead to ground.,Ss축 드라이브 고장 MOCON2,Ss 서보 모터의 전류가 한계를 넘었습니다. 모터 정지 또는 과부하가 원인일 수 있습니다. 서보가 꺼져 있습니다. 축이 기계 멈춤장치와 부딪힌게 원인일 수 있습니다. 모터의 단락 또는 접지된 모터 리드 중 하나의 단락도 원인이 될 수 있습니다.
CHC-Mill,138.0000,138,0000,A-AXIS MOTOR OVERHEAT,The A-axis motor has overheated.  Allow the motor to cool.  Reduce the load on the motor.,A축 모터 과열,A축 모터가 과열되었습니다. 모터가 냉각되도록 하십시오. 모터의 부하를 줄이십시오.
NGC,471.0000,471,0000,TOOL GROUP LIFE LIMIT REACHED,"A programmed tool group life–limit was reached and there are no additional tools to load.  – Replace the expired group tools and reset their Tool Life data in the Advanced Tool Management (ATM) page. Highlight the Usage Counter in the Tool Life Screen and press ORIGIN. Press RESET, change tools and reset tool life limits. ",공구 그룹 수명 한계 도달,프로그래밍된 공구 그룹 수명 한계에 도달했으며 적재할 추가 공구가 없습니다. - 사용 만료된 그룹 도구를 교체하고 ATM(고급 공구 관리) 페이지에서 해당 공구 수명 데이터를 리셋합니다. 공구 수명 화면에서 사용 횟수를 강조 표시하고 ORIGIN을 누릅니다. RESET을 누르고 공구를 교체하고 공구 수명 한계를 리셋합니다.
NGC,9106.0000,9106,0000,G199 NOT ALLOWED,"G199 is not allowed in the following cases:  - While a C Axis is engaged: Disengage the C Axis before commanding G199.  - During M138: A G199 was commanded while spindle speed variation was active. Initial synchronization cannot be achieved while the master spindle speed is changing. Ensure that spindle speed variation is cancelled before commanding G199, and that any desired spindle speed variation is defined after synchronization is achieved. ",G199가 허용되지 않음,G199가 다음 사례에서 혀용되지 않습니다:  - C축이 개입되는 동안 할 일: G199 명령이 내리기 전에 C축을 분리하십시오. - M138 동안: G199에 대한 명령이 내려지는 한편 스핀들 회전수 변형이 활성화되었습니다. 초기 동기화는 달성될 수 없었지만 주 스핀들 회전수가 변경되고 있습니다. 스핀들 회전수 변형은 G199 명령에 앞서 취소되고 모든 원하는 스핀들 회전수 변형은 동기화가 달성된 이후에 정의되었음을 확인하십시오.
CHC-Mill,198.0000,198,0000,TSC SEAL DISENGAGED,The TSC seal disengaged. This might be caused by a short drop in air pressure. Check the airlines and the airregulator pressure if installed.,TSC 씰 분리됨,TSC 씰이 분리되었습니다. 이것은 공기압력에서 짧은 강하가 원인일 수 있습니다. 공기 라인과 공기압 조절기(설치된 경우) 압력을 확인하십시오.
NGC,310.0000,310,0000,INVALID G CODE,"  The control did not recognize a G-code command. The G-code command is not defined as an aliased G-code. If you intended to use an aliased G-code, make sure that the code is correctly defined. Press [SETTINGS] and use the Alias Codes tab to specify the G-code number for the O9xxx program that you want to alias.   ",유효하지 않는 G코드,  제어는 G코드 명령을 인식하지 못합니다. G코드 명령은 별칭 G코드로서 정의 되지 않았습니다. 별칭 G코드를 사용하고자 한다면 코드는 올바르게 정의되었음을 확인하여야 한다. [SETTINGS]을 누르고 Alias Codes 탭을 사용하여 별칭을 붙이기 원하는 O9xxx 프로그램을 위한 G코드 번호를 지정하십시오.
NGC,6.4004,6,4004,B-AXIS MOTION OCCURRED WHILE THE ROTARY BRAKE WAS ENGAGED,There was pressure in the rotary brake system when the axis was in motion. Damage to the brake components will occur if allowed to rotate under pressure.,,
CHC-Lathe,612.0000,612,0000,G71 G72 TYPE II ALARM,"This alarm is similar to Alarm 611, but indicates that the control has selected Type II roughing.",G71/G72 유형 II 경보,"이 경보는 경보611과 유사하지만, 제어가 유형 II 황삭을 선택한 것을 표시합니다."
CHC-Lathe,773.0000,773,0000,W–AXIS PHASING ERROR,An error occurred during the phasing initialization of the brushless motor. This error cannot be reset. – Cycle power to clear alarm.,W축 페이징 오류,브러시리스 모터의 페이징 초기화 동안에 오류가 발생하였습니다. 이 오류는 리셋될 수 없습니다. - 전원을 껐다 켜서 경보를 삭제하십시오.
NGC,6.4003,6,4003,B-AXIS ROTARY BRAKE RELEASE FAILURE,The pressure in the rotary brake system did not release in time. Damage to the brake components will occur if allowed to rotate under pressure.,B축 회전 브레이크 해제 오류,회전 브레이크 시스템에서 압력이 적시에 해제되지 않았습니다. 브레이크 구성품에 대한 손상이 압력 하에 회전이 허용될 경우 발생하게 됩니다.
NGC,9108.018,9108,018,NON RESETTABLE SYSTEM ERROR,"Power cycle the machine. If the alarm persists, with the alarm on the screen insert a USB device and press [SHIFT] and the [F3] button to generate an error report. The error report will be saved to the USB device, e-mail the error report file to your local Haas Factory Outlet for further review.",리셋 가능한 시스템 오류가 없음,기계의 전원을 껐다 켰다 해주십시오. 경보가 지속되면 화면의 경보가 있는 상태에서 USB 장치를 삽입하고 [SHIFT] 및 [F3] 버튼을 눌러 오류 보고서를 생성하십시오. 오류 보고서는 USB 장치에 저장됩니다. 추가 검토를 위해 오류 보고서 파일을 귀하의 현지 Haas 직영 창고 매장으로 이메일로 보내십시오.
NGC,938.0000,938,0000,LANGUAGES LOADED,Foreign languages were recently loaded into the control.,로드된 언어,외국어가 최근에 제어에 로드되었습니다.
CHC-Lathe,655.0000,655,0000,"MISMATCH AXIS WITH I, K CHAMFERING","I, (K) was commanded as Xaxis (Zaxis) in the block with chamfering.","축과 I, K 모따기의 불일치","I, (K)가 모따기 작업 중인 블록에 있는 X축(Z축)으로 명령을 받았습니다."
NGC,9819.0000,9819,0000,CHIP CONVEYOR SHORT CIRCUIT,"Leg to leg short, &gt;10A ",칩 컨베이어 단락,"시작과 끝 단락, &gt;10A "
CHC-Lathe,308.0000,308,0000,INVALID TOOL OFFSET,A tool offset not within the range of the control was used.,잘못된 툴 오프셋,제어 범위에 있지 않은 툴 오프셋이 사용되었습니다.
CHC-Lathe,713.0000,713,0000,W AXIS SERVO OVERLOAD,Excessive load on W axis motor. This can occur if load on the motor over a period of several seconds or even minutes is large enough to exceed the continuous rating of the motor. The servos will be turned off when this occurs. This can be caused by running into the mechanical stops but not much past them. It can also be caused by anything that causes a very high load on the motors.,W축 서보 과부하,"W축 모터에 과도한 부하가 걸렸습니다. 이것은 몇 초 또는 몇 분 동안 모터의 부하가 모터의 연속 정격을 초과할 만큼 충분히 큰 경우가 원인이 될 수 있습니다. 이런 일이 발생하면 서보는 꺼지게 됩니다. 기계 멈춤장치와 부딪힌게 원인일 수 있지만, 그다지 큰 일은 아닙니다. 또한 모터에 지나치게 높은 부하를 준 모든 것이 원인일 수 있습니다."
CHC-Lathe,469.0000,469,0000,V– AXIS LIMIT SWITCH,The Vaxis home switch input changed state while the machine was in use. There may be chips on an exposed home switch.  Remove chips on exposed home switches. Reset the machine.,V축 리미트 스위치,기계 사용 중에 V축 원점 스위치 입력이 상태를 변경하였습니다. 노출된 원점 스위치 위에 칩이 있을지 모릅니다. 노출된 원점 스위치에서 칩을 제거하십시오. 기계를 리셋합니다.
CHC-Mill,188.0000,188,0000,B AXIS SERVO OVERLOAD,This can occur if the load on the motor is over 100% for a period of several seconds or even minutes. Check for the correct rotary model–type selection in Setting 78. Reduce load on the axis by adjusting the feeds and speeds. Make sure the brake releases correctly. Check for dull or broken tools.,B축 서보 과부하,이것은 모터의 부하가 몇 초 또는 심지어 몇 분 동안 100%를 초과하는 경우 발생할 수 있습니다. 설정 78에서 정확한 회전 모델 유형 선택을 확인하십시오. 이송 및 속도를 조정하여 축에 걸리는 부하를 줄이십시오. 브레이크가 정확하게 해제되는지 확인하십시오. 무뎌졌거나 부서진 공구를 확인하십시오.
CHC-Mill,357.0000,357,0000,AUX–AXIS DISABLED,There was an attempt to move an axis that is not installed in the machine. Check your program for commands to move a nonexistent axis.  Check your program.,보조 축 비활성화됨,기계에 설치되지 않은 축을 이동시키려는 시도가 있었습니다. 존재하지 않는 축을 이동시키는 명령이 프로그램에 있는지 확인하십시오. 프로그램을 확인하십시오.
CHC-Mill,213.0000,213,0000,PROGRAM RAM CRC ERROR,"Electronics fault; possibly with main processor.  This alarm can also be generated if a program is corrupted in memory. (This includes any hidden macro programs.)

To recover from a corrupted program all programs IN MEMORY MUST BE DELETED.

Turn OFF Setting 23, Go to LIST PROG, Highlight ALL and Press ERASE PROG button.  Press Y.  Cycle the Power.",프로그램 RAM CRC 오류,"전자장비 고장의 경우 주로 메인 프로세서에서 발생할 가능성이 있습니다. 이 경보는 프로그램이 메모리에서 손상되었을 경우에도 생성될 수 있습니다. (여기에는 모든 숨겨진 매크로 프로그램이 포함됨.)

손상된 프로그램을 복구하려면 모든 프로그램을 IN MEMORY MUST BE DELETED - 메모리에서 삭제해야 합니다. 설정 23을 OFF 상태로 두고, LIST PROG로 이동하고, ALL을 강조 표시하고, ERASE PROG 버튼을 누르십시오. Y를 누르십시오. 전원을 껐다 켜 주십시오."
NGC,998.0000,998,0000,A FILE COULD NOT BE OPENED,A file on the current device could not be opened. Check the program number or name (check case).,파일이 열리지 않음,현재 장치의 파일이 열리지 않습니다. 프로그램 번호와 이름(사례 확인)을 확인하십시오.
NGC,2097.0000,2097,0000,INVALID TOOL GROUP,The tool group number doesn't exist in the ATM tool group list.  Add tool group or edit the program to use a valid group number.,잘못된 공구 그룹,공구 그룹 번호가 ATM 공구 그룹 목록에 존재하지 않습니다. 공구 그릅을 추가하거나 프로그램을 편집하여 유효한 그룹 번호를 사용합니다.
NGC,837.0000,837,0000,SP AXIS SERIAL DATA COMMUNICATION FAULT,"Check that the cable from the mocon to the indicated axis encoder is undamaged and securely connected. A serial communications fault has occurred between the indicated encoder and the mocon. This is most commonly due to a loose connector or a bad cable between the mocon and the encoder. Check the cable and connections. If the problem persists, check the motor.",SP축 시리얼 데이터 통신 고장,모콘에서 표시된 축 인코더와 연결된 케이블이 손상되지 않았는지와 확실하게 연결되었는지 확인하십시오. 시리얼 통신 고장이 표시된 인코더 및 모콘 사이에서 발생했습니다. 가장 흔한 원인은 모콘과 인코더 사이에 있는 느슨한 커넥터나 손상된 케이블 때문입니다. 케이블과 연결을 확인하십시오. 문제가 지속되면 모터를 확인하십시오.
CHC-Lathe,161.0000,161,0000,X AXIS DRIVE FAULT,A fault was reported by the axis servo drive. There will be a secondary alarm which will display more specific information. Investigate any secondary alarms.,X축 드라이브 고장,축 서보 드라이브에 의해 고장이 보고되었습니다. 더 구체적인 정보를 표시하는 2차 경보가 있을 것입니다. 모든 2차 경보를 조사하십시오.
NGC,421.0000,421,0000,NO VALID POCKETS,"  The tool table does not have tool numbers assigned to pockets. Follow this procedure to reset the tool table:   Press [CURRENT COMMANDS].   Select the Tool Table tab.   Press [ORIGIN].   Select option 1, ""Sequence All Pockets"".   Make sure that the tool numbers match the actual tools in the pockets. Move the tools to the correct pockets as needed.      ",올바르지 않은 포켓,"  공구 테이블에는 포켓에 공구 번호가 할당되어 있지 않습니다. 다음 절차에 따라 공구 테이블을 리셋합니다. [현재 명령]을 누르십시오. 공구 테이블 탭을 선택하십시오. [원점]을 누르십시오. 옵션 1, “모든 포켓 시퀀스”를 선택하십시오. 공구 번호가 포켓에 있는 실제 공구와 일치하는지 확인하십시오. 필요할 경우 공구를 정확한 포켓으로 이동합니다."
CHC-Lathe,171.0000,171,0000,rpm TOO HIGH TO UNCLAMP,The spindle speed exceeded the max speed allow in Parameter 248 to unclamp. Reduce the speed of the spindle to a value less than or equal to Parameter 248.,rpm이 너무 높아 클램핑을 해제할 수 없음,스핀들 회전수가 파라미터 248에서 클램핑을 해제할 수 있는 최대 속도를 초과했습니다. 스핀들의 속도를 매개변수 248 미만의 값으로 줄이십시오.
CHC-Lathe,665.0000,665,0000,V AXIS DISABLED,Parameter has disabled bar feeder.,V축 비활성화됨,파리미터가 봉재 이송장치를 비활성화 하였습니다.
NGC,494.0000,494,0000,G187 E CODE NOT WITHIN SPECIFIED RANGE,"   The E-code given with a G187 command was not within the allowed range. Rules for G187 E-codes:   Must be a positive (+) number.   Between 0 and 0.2500"" when Setting 9 is INCH   Between 0 and 6.350mm when Setting 9 is MM   Edit the E-code on the G187 line to a value within the allowed range.   ",G187 E 코드가 지정 범위에 없음,"   G187 명령이 함께 주어진 E코드가 허용 범위 내에 없습니다. G187 E 코드를 위한 규칙:   (+) 양수여야 합니다. 설정 9가 인치일 때 0~0.2500"" 사이       설정 9가 MM일 때 0~6.350MM 사이         G187 라인의 E 코드를 허용 범위 내 값으로 편집합니다."
CHC-Mill,105.0000,105,0000,Z AXIS SERVO ERROR TOO LARGE,"The Z axis cannot move to the commanded position. This can be caused by chips on the tool or toolholder, too much tool pressure, dull tools, or a machine crash. Clean chips from the machine. Check your program for errors and correct speeds and feeds. Check for chips on tools and toolholders. Check for dull tools. Check for a machine crash.",Z축 서보 오류 과도함,"Z축이 명령된 위치로 이동할 수 없습니다. 이는 공구 또는 공구 홀더의 칩, 지나치게 높은 공구 압력, 무뎌진 공구 또는 기계 충돌로 인해 발생할 수 있습니다. 기계에서 칩을 깨끗이 제거하십시오. 프로그램에 오류가 있는지 확인하고 속도와 이송을 수정하십시오. 공구 및 공구 홀더에 칩이 있는지 확인하십시오. 무뎌진 공구가 있는지 확인하십시오. 기계 충돌이 있는지 확인하십시오."
NGC,9302.0000,9302,0000,BTD BOARD COMMUNICATION LOST,"The control has detected a loss of communication with the Broken Tool Detection (BTD) board.
Double check that the BTD board is connected to the main board.  If the boards are connected, you can also try replacing the connecting cable to see if that resolves the issue. Then power cycle the machine.
If the issue persists, contact your local Haas Factory Outlet.
",,
CHC-Lathe,766.0000,766,0000,SS–AXIS CABLE FAULT,The SS–axis encoder cable does not have valid signals.,SS축 케이블 고장,SS축 인코더 케이블 신호가 유효하지 않습니다.
NGC,827.0000,827,0000,INTERNAL MOCON 2 FAULT,"Check the mocon power supply; if it is adequate, the mocon board must be replaced.",내부 모콘 2 고장,"모콘 전원공급장치를 점검하고, 적절하다고 판단될 경우 모콘 보드를 교체하십시오."
NGC,2037.0000,2037,0000,D–AXIS MOTOR Z FAULT,An Encoder fault has been sensed. The Z–Reference signal from the encoder was not received as expected. – Cycle power on the machine.,D축 모터 Z 고장,인코더 고장이 감지되었습니다. 인코더로부터 온 Z 참조 신호는 예상대로 수신되지 않았습니다. - 기계의 전원을 껐다 켰다 해주십시오.
CHC-Lathe,602.0000,602,0000,X DIRECTION CHANGE IN PQ BLOCKS,An X axis direction change was found in a G71 or G72 canned cycle. X direction change is only allowed in a type II canned cycle and is never allowed in a G72 cycle. Check all of the lines between the P and Q line numbers. Select type II by putting an X and Z move in the P line.,PQ 블록의 X 방향 변경,X축 방향 변경이 G71 또는 G72 고정 사이클에서 발견되었습니다. X 방향 변경은 유형 II 고정 사이클에서만 허용되며 G72 주기에서는 허용되지 않습니다. P 및 Q 라인 숫자 사이의 모든 라인을 검사하십시오. P라인에 X 및 Z 이동을 넣어 유형 II를 선택합니다.
CHC-Lathe,763.0000,763,0000,W–AXIS CABLE FAULT,The W–axis encoder cable does not have valid signals.,W축 케이블 고장,W축 인코더 케이블 신호가 유효하지 않습니다.
NGC,9116.0000,9116,0000,APC PALLET IS UNCLAMPED,Requested action requires the pallet-changer pallet to be clamped. ,APC 팔레트가 클램핑 해제됨,요청 조치에는 팔레트 교환장치 팔레트가 클램핑되는 것입니다.
NGC,988.0000,988,0000,SCREEN RESTORE AREA FAULT,Too many restores for screen save areas required.,스크린 복원 구역 고장,스크린 저장 영역에 너무 많은 복구가 필요함.
CHC-Lathe,605.0000,605,0000,INVALID TOOL NOSE A ANGLE,An invalid angle for the cutting tool tip was specified. This will occur in a G76 block if the A address has a value that is not from 0 to 120 or is negative. It also cannot have a decimal point. The Program display shows the line with the problem.,잘못된 공구 노즈 A 각도,절삭 공구 팁에 대한 유효한 각도가 지정되지 않았습니다. 이것은 A 주소가 0에서 120이 아니거나 음수인 경우 G76 블록에서 발생합니다. 또한 소수점이 있습니다. 프로그램 디스플레이에서는 문제가 있는 라인이 표시됩니다.
CHC-Mill,206.0000,206,0000,INTERNAL PROGRAM ERROR,"The subprogram became unavailable during execution. Possible causes are:
The USB device was removed during program execution from the device.
The program was deleted from the Net Share folder during program execution from the folder.
Network connection loss during program execution from the Net Share folder.",내부 프로그램 오류,서브프로그램이 실행 중에 이용할 수 없게 되었습니다. 가능한 원인은 다음과 같습니다. USB 기기가 기기에서 프로그램을 실행하는 중에 제거되었습니다. 프로그램이 폴더에서 프로그램 실행 중에 넷 공유 폴더에서 삭제 되었습니다. 넷 공유 폴더에서 네트워크 연결이 끊어졌습니다.
NGC,393.0000,393,0000,INVALID MOTION DURING TAPPING,A depth must be specified when the tapping cycle is declared.  Make sure that the distance from the reference position to the depth is not zero and that the R and Z are specified. This applies to all mill and lathe tapping canned cycles. ,태핑 중 잘못된 동작,태핑 사이클이 선언될 때 깊이를 지정해야 합니다. 기준 위치에서 깊이까지의 거리가 0이 아니며 R 및 Z가 지정되었는지 확인하십시오. 이것은 고정 사이클을 태핑하는 모든 밀과 선반에 적용됩니다.
CHC-Lathe,733.0000,733,0000,W–AXIS MOTOR Z FAULT,An Encoder fault has been sensed. The ZReference signal from the encoder was not received as expected.  Cycle power on the machine.,W축 모터 Z 고장,인코더 고장이 감지되었습니다. 인코더로부터 온 Z 참조 신호는 예상대로 수신되지 않았습니다. 기계의 전원을 껐다 켰다 해주십시오.
CHC-Mill,246.0000,246,0000,STRING TOO LONG,Input line is too long. The data entry line must be shortened.,너무 긴 스트링,입력 라인이 너무 깁니다. 데이터 입력 라인을 줄여야 합니다.
NGC,20024.0000,20024,0000,AIR PRESSURE REACHED WARNING THRESHOLD VALUE,Air Pressure approaching Parameter 1292 value. Triggers 10 PSI below Parameter 1292 value. Check the incoming air pressure. This is an informational message only. No parts need to be replaced.,,
CHC-Lathe,8113.0000,8113,0000,TURRET FAILED TO REACH UNCLAMP SWITCH,The tool turret attempted to unclamp but failed to reach the unclamp switch. Check for any obstructions or problems with the unclamp mechanism.,터렛이 클램프 해제 스위치에 도달 못함,공구 터렛이 클램핑을 해제하려 하였으나 클램프 해제 스위치를 벗어나는데 실패하였습니다. 클램핑 해제 메커니즘과 함께 모든 장애물 또는 문제를 확인하십시오.
NGC,134.0000,134,0000,TOOL UNCLAMP FAULT,The tool release piston switch shows that the tool never released when commanded to unclamp the tool. This alarm may also occur if the switch shows that the tool is not unclamped any time during a tool change. If there is a tool in the spindle check that it has the correct pull stud and that the pull stud is tight.  Check that the tool is correctly seated in the spindle. ,공구 클램핑 해제 고장,공구 배출 피스톤 스위치는 공구가 공구 클램핑을 해제하라는 명령을 받았을 때 공구가 배출되지 않았음을 보여줍니다. 또한 이 경보는 스위치가 공구가 공구 변경 중에 언제라도 클램핑 해제가 되지 않는다는 것을 보여주는 경우 발생할 수 있습니다. 스핀들에 공구가 있을 경우 정확한 풀 스터드가 있는지 그리고 풀 스터드가 단단히 장착되었는지 확인하십시오. 공구가 스핀들 안에 올바르게 장착되었는지 확인하십시오.
NGC,320.0000,320,0000,NO FEEDRATE,"  An interpolation (non-rapid) move did not have an F-code to specify the feedrate. F-codes are modal. If you did not previously command a feedrate, the control does not know the feedrate to use for the interpolation move. Be sure to command an F-code with or before the first interpolation move in the program. Note: When you use G93 Inverse Time, you must command a feedrate on each interpolation block.   ",이송량 없음,  보간(비급속) 이동에는 이송량을 지정하는 F코드가 없습니다. F-코드는 모달입니다. 이전에 이송량을 명령하지 않았다면 제어는 보간 이동에 쓰일 이송량을 알지 못합니다. 반드시 프로그램에서 처음 보간 이동과 동시 또는 이전에 F코드 명령을 내리십시오. 참고: G93 역시간을 사용할 때 각 보간 블록에 대한 이송 속도를 명령해야 합니다.
CHC-Lathe,703.0000,703,0000,W–AXIS POSITION ERROR,The W–axis cannot move to the commanded position.  Check that the axis is free from obstructions. Push the RESET button to clear the alarm and to turn on the servomotors.,W축 위치 오류,W축이 명령된 위치로 이동할 수 없습니다. 축이 장애물로부터 자유로운지 확인하십시오. RESET(리셋) 버튼을 눌러 경보를 삭제하고 서보 모터를 켜십시오.
NGC,817.0000,817,0000,TOOL PROBE OPEN,This alarm occurs when the probe is in an unexpected open (triggered) condition. Make sure the tool is not in contact with the probe before beginning an operation.,공구 프로브 개방,이 경보는 프로브가 예상치 않은 개방(트리거된) 상황에 있을 때 발생합니다. 조작을 시작하기 전에 공구가 프로브와 닿지 않는지 확인하십시오.
NGC,333.0000,333,0000,AXIS DISABLED,  The program commanded motion for an axis that is not installed in the machine. Edit the program to remove the commands for the disabled axis.   ,축 비활성화됨,  프로그램이 기계에 설치되지 않은 축에 대하여 동작을 명령하였습니다. 프로그램을 편집하여 비활성화된 축에 대한 명령을 제거하십시오.
CHC-Mill,216.0000,216,0000,EPROM SPEED FAILURE,Possible processor board problem.,EPROM 속도 오류,예상 가능한 프로세서 보드 문제.
CHC-Mill,432.0000,432,0000,DISK ILLEGAL PROG NAME,Check files being loaded. Program must be Onnnnn and must be at the beginning of a block.,디스크 위법 프로그램,로딩 중인 파일을 확인하십시오. 프로그램 이름은 Onnnnn 형식이어야 하며 블록으로 시작합니다. 
CHC-Lathe,615.0000,615,0000,NO INTERSECTION TO OFFSETS IN CC,"While cutter comp was in effect, a geometry was encountered whose compensated paths had no solution given the tool offset used. This can occur when solving circular geometries. Correct the geometry or change the tool radius.",컷터 보정의 오프셋에 교차되지 않음,컷터 보정이 적용되는 동안 사용된 툴 오프셋을 고려할 때 보정 경로에 솔루션이 없는 형상이 발생했습니다. 이것은 회전 형상을 해결할 때 발생합니다. 형상을 고치거나 공구 반경을 변경하십시오.
CHC-Mill,2041.0000,2041,0000,VECTOR DRIVE OR SPINDLE AMPLIFIER–OVERLOAD,The Vector Drive or Spindle Amplifier has sensed a high load for an extended period of time. This can be caused by running the spindle at high loads for an excessive amount of time. – Check that your program has the correct speeds and feeds for the material and the cutting tool. Make sure the correct tool for the application is being used. Check for dull or broken tools.,벡터 드라이브 또는 스핀들 증폭기 과부하,벡터 드라이브 또는 스핀들 증폭기가 연장된 시간 동안 높은 부하를 감지하였습니다. 이것은 과도한 시간 동안 높은 부하에서의 스핀들 작동이 원인일 수 있습니다. - 재료 및 절삭 공구에 대한 사용자 프로그램의 정확한 속도 및 이송을 갖고 있는지 확인하십시오. 응용 장치에 대한 정확한 공구가 사용되고 있는지 확인하십시오. 무뎌졌거나 부서진 공구를 확인하십시오.
CHC-Mill,344.0000,344,0000,CUTTER COMP WITH G17 AND G19,Cutter compensation G41 or G42 not allowed in planes other than XY plane (G17).,G17 AND G19에서 컷터 보정,XY 평면(G17) 이외의 평면에서 컷터 보정 G41 또는 G42가 허용되지 않습니다.
CHC-Mill,1089.0000,1089,0000,NO TOOL LENGTH ACTIVE,G43 or G44 must be active before the cycle is called.  Edit the program and start again from a safe position.,활성화된 공구 길이 없음,사이클이 호출되기 이전에 G43 또는 G44는 활성화되어 있어야 합니다. 프로그램을 편집하고 안전한 위치에서 다시 시작하십시오.
CHC-Lathe,801.0000,801,0000,NO BLOCK DELETES BETWEEN P AND Q,"Block delete is not allowed between the P and Q blocks of a G71, G72 or G73.",P 및 Q 사이에 블록이 삭제되지 않음,"G71, G72 또는 G73의 P 및 Q블록 사이에 블록 삭제가 허용되지 않습니다."
NGC,2057.0000,2057,0000,D–AXIS SERIAL DATA COMMUNICATION FAULT,A serial communications fault has occurred between the motor encoder and the MOCON.,D축 시리얼 데이터 통신 고장,시리얼 통신 고장이 표시된 인코더 및 MOCON 사이에서 발생했습니다.
NGC,9156.378,9156,378,SRVO-378 - SFDI Status Abnormal,"The K9 and K10 Relays on I/O PCB are not installed. Make sure you have the K9 and K10 relays installed on the I/O PCB.  Refer to the Robot Installation Procedure, Electrical section.",SRVO-378 - SFDI 상태 비정상,K9 및 K10 릴레이가 I/O PCB에 설치되지 않았습니다. K9 및 K10 릴레이가 I/O PCB에 설치되었는지 확인하십시오. 전기 섹션의 로봇 설치 절차를 참조하십시오.
NGC,7.217,7,217,C (5TH AXIS) AXIS PHASING ERROR,"An error occurred during the phasing initialization of the brushless motor. This error cannot be reset. 
– Cycle power to clear alarm.",C(다섯 번째 축) 축 페이징 오류,브러시리스 모터의 페이징 초기화 동안에 오류가 발생하였습니다. 이 오류는 리셋될 수 없습니다. - 전원을 껐다 켜서 경보를 삭제하십시오.
NGC,197.0000,197,0000,MISC. SOFTWARE ERROR,"This alarm indicates an error in the control software.  Press reset and continue.  If the alarm persists,  with the alarm on the screen insert a USB device and press [SHIFT] and the [F3] button to generate an error report.  The error report will be saved to the USB device, e-mail the error report file to your local Haas Factory Outlet for further review.",MISC. 소프트웨어 오류,이 경보는 제어 소프트웨어에 오류가 있음을 나타냅니다. 리셋을 누르고 계속하십시오. 경보가 지속되면 화면의 경보가 있는 상태에서 USB 장치를 삽입하고 [SHIFT] 및 [F3] 버튼을 눌러 오류 보고서를 생성하십시오. 오류 보고서는 USB 장치에 저장됩니다. 추가 검토를 위해 오류 보고서 파일을 귀하의 현지 Haas 직영 창고 매장으로 이메일로 보내십시오.
CHC-Mill,500.0000,500,0000,INCORRECT EOB FORMAT,An incorrect EOB format was encountered while loading a file. Make sure that the loading file format matches the EOB pattern in setting 25.,부정확한 EOB 형식,부정확한 EOB 형식이 파일 로딩 중에 충돌했습니다. 로딩하는 파일 형식이 설정 25의 EOB 패턴과 맞는지 확인하십시오.
NGC,9139.0000,9139,0000,G268 INVALID Q CODE,"Invalid Q code in G268.  Q code must be one of the following numbers:           Q code    Axis rotation order              Q123    X,Y,Z          Q132    X,Z,Y          Q213    Y,X,Z          Q231    Y,Z,X          Q312    Z,X,Y          Q321    Z,Y,X       ",G268 잘못된 Q코드,"G268에 잘못된 Q코드. Q코드는 다음 번호 중 하나여야 합니다. Q코드  축 회전 순서       Q123  X,Y,Z     Q132  X,Z,Y     Q213  Y,X,Z     Q231  Y,Z,X     Q312  Z,X,Y     Q321  Z,Y,X       "
CHC-Mill,4015.0000,4015,0000,Through Spindle Coolant-High Pressure,"Through Spindle Coolant off was commanded and expected pressure drop did not occur within time allowed. To correct the problem, reset the alarm and do a tool change. Remove M89 from the program code and perform a tool change after TSC usage. This will release residual TSC pressure between the tool and TSC check valve when the tool is pushed out of the taper and will speed cycle time. Also inspect cutting tool for TSC through hole, plugged through hole or pull stud for TSC through hole.",TSC(관통 스핀들 절삭유)-고압,"TSC 끔 명령이 내려졌고 예상된 압력 강하가 허용된 시간 안에 이루어지지 않았습니다. 문제를 고치려면 경보를 리셋하고 공구 교환을 수행하십시오. M89를 프로그램에서 제거하고 TSC 사용 후에 공구 교환을 수행하십시오. 공구 테이퍼 치수에서 벗어나서 사이클 시간을 가속시킬 때 이를 통해 공구와 TSC 체크 밸브사이의 잔여 TSC 압력을 낮출 것입니다. 또한 절삭도구가 TSC 관통홀, 플러그된 관통홀용인지 또는 폴 스터드가 TSC 관통홀용인지 검사하십시오."
CHC-Mill,475.0000,475,0000,CLOCK NOT SET,Please set the correct time and date.,클록이 설정 안됨(CLOCK NOT SET),정확한 시간과 날짜를 설정하십시오.
NGC,2014.0000,2014,0000,TOOL-CHANGER DOOR FAILED TO OPEN,The Tool-Changer door did not open in the time permitted. Check for chips blocking the door mechanism. Recover the tool changer. ,공구 교환장치 도어 개방 실패,공구 교환장치 도어가 허용된 시간 안에 개방되지 않았습니다. 칩이 도어 메커니즘을 막고 있는지 확인하십시오. 공구 교환장치를 복구시키십시오.
CHC-Lathe,1084.0000,1084,0000,CHECK PROBE CALIBRATION,"Lathe Only Alarm, this is a Macro generated alarm. Calibrate the ATP refer to Automatic Tool Presetter (ATP) - Alignment, Test, and Calibration procedure.

Verify all calibration setting are entered correctly.

Setting 59 - PROBE OFFSET X+
Setting 60 - PROBE OFFSET X-
Setting 63 - TOOL PROBE WIDTH
Setting 333 - PROBE OFFSET Z+
Setting 334 - PROBE OFFSET Z-",프로브 보정 확인 필요,"선반 전용 경보(Lathe Only Alarm), 이는 매크로 생성 경보입니다. ATP 보정은 ATP(자동 공구 프리셋터) - 정렬, 테스트 및 보정 절차를 참조하십시오. 모든 보정 설정이 정확하게 입력되었는지 확인하십시오. 설정 59 - 프로브 오프셋 X+설정 60 - 프로브 오프셋 X-설정 63 - 공구 프로브 폭 설정 333 - 프로브 오프셋 Z+설정 334 - 프로브 오프셋 Z-"
NGC,114.0000,114,0000,SHUTTLE OUT FAULT,"Tool-changer shuttle did not complete movement to the left.  - Check for chips on the tool, the shuttle, and the tool-changer.  If found, remove chips.  Use the RECOVERY function. ",셔틀 아웃 고장,"공구 교환장치 셔틀이 왼쪽으로 완전히 이동하지 않았습니다. 공구, 셔틀 및 공구 교환장치 위의 칩을 확인하십시오. 칩이 발견되면 제거하십시오. 복구(RECOVERY) 기능을 사용하십시오."
CHC-Lathe,459.0000,459,0000,APL DOOR FAULT,The APL door did not fully open as the Pallet was moving inside the machine. All movement has been stopped to prevent a crash. – Check for objects blocking door motion. Remove chips from the APL door guide rails.,APL 도어 고장,APL 도어가 팔레트가 기계 내부로 들어 오면서 완전히 개방되지 않았습니다. 모든 이동이 정지되어 충돌을 막았습니다. - 도어 동작을 막는 대상을 확인하십시오. APL 도어 가이드 레일에서 칩을 제거하십시오.
CHC-Mill,412.0000,412,0000,UNEXPECTED END OF INPUT,Program should begin and end with % sign. No text should follow the second % sign. Check your file.,예상하지 않은 입력의 끝,프로그램은 % 표시로 시작하고 끝나야 합니다. 어떠한 텍스트에도 두 번째에 % 표시가 있으면 안 됩니다. 파일을 확인하십시오.
CHC-Mill,520.0000,520,0000,OPERATOR EXPECTED,"In the evaluation of a macro expression, an operator was expected but not found. Check macro formatting.",발견되어야 할 연산자,매크로 표현식 평가에서 피연산 함수가 있어야 하나 발견되지 않았습니다. 매크로 형식을 확인하십시오.
NGC,958.0000,958,0000,TOOL OFS WEAR HAS BEEN CHANGED,"Whenever the tool wear offsets are changed, alarm 958 will be added to the alarm history along with the date and time the change was made. This is not an alarm; it is for information purposes only.",공구 오프셋 마모 교환됨,"공구 마모 오프셋이 변경될 때마다 경보 958이 경보 이력에 변경이 이루어진 날짜와 시간과 함께 추가됩니다. 이것은 경보가 아니고, 정보 전달 목적일 뿐입니다."
CHC-Mill,1104.0000,1104,0000,OTS NEEDS CALIBRATION,The tool probe is not calibrated. Calibrate the probe.,OTS에 보정이 필요,공구 프로브가 보정되지 않았습니다. 프로브를 보정하십시오.
NGC,20004.0000,20004,0000,Language Notification,The control is reporting a Language Notification. Language file missing: software update required. This is an informational message only. No parts need to be replaced.,언어 알림,이것은  언어 파일 누락: 소프트웨어 업데이트 필요. 이것은 단지 정보 메시지입니다. 교체해야 할 공작물이 없습니다.
CHC-Mill,334.0000,334,0000,Y–AXIS DISABLED,There was an attempt to move an axis that is not installed in the machine. Check your program for commands to move a nonexistent axis.  Check your program.,Y축 비활성화됨,기계에 설치되지 않은 축을 이동시키려는 시도가 있었습니다. 존재하지 않는 축을 이동시키는 명령이 프로그램에 있는지 확인하십시오. 프로그램을 확인하십시오.
CHC-Mill,226.0000,226,0000,Z–AXIS TRANSITION FAULT,An Encoder problem has been sensed. The encoder position data may be unreliable. Cycle power on the machine.,Z축 전환 고장,인코더 문제가 감지되었습니다. 인코더 위치 데이터가 신뢰성이 없는 것일 수도 있습니다. 기계의 전원을 껐다 켰다 해주십시오.
CHC-Mill,158.0000,158,0000,VIDEO KEYBOARD PCB FAILURE,"During poweron tests, the control has detected a problem in either the keyboard or the video memory.",비디오/키보드 PCB 고장,전원 테스트 중에 제어는 키보드 또는 비디오 메모리에서 문제를 감지했습니다.
CHC-Lathe,831.0000,831,0000,A AXIS (Tool Turret) SERIAL DATA COMMUNICATION FAULT,"Check that the encoder cable to the tool turret motor is undamaged and securely connected. A serial communications fault has occurred between the indicated encoder and the mocon. This is most commonly due to a loose connector or a bad cable between the mocon and the encoder. Check the cable and connections. If the problem repeats, check the motor.",A축(공구 터렛) 시리얼 데이터 통신 고장,공구 터렛 모터에 연결된 인코더 케이블이 손상되지 않았는지와 확실하게 연결되었는지 확인하십시오. 시리얼 통신 고장이 표시된 인코더 및 모콘 사이에서 발생했습니다. 가장 흔한 원인은 모콘과 인코더 사이에 있는 느슨한 커넥터나 손상된 케이블 때문입니다. 케이블과 연결을 확인하십시오. 문제가 반복되면 모터를 확인하십시오.
CHC-Lathe,992.0000,992,0000,AMPLIFIER OVER CURRENT,"An Amplifier has sensed excessive current going to the motor. – A preceding axis alarm will indicate which axis amplifier had the fault. This can be caused by a stalled motor, a high motor load for a short duration, Entering a heavy cut with a dull or broken tool can cause this alarm. Check your tools. Check your speeds and feeds.
",전류가 높은 증폭기(AMPLIFIER OVER CURRENT),"증폭기가 모터에 지나친 전류가 흐르는지를 감지했습니다. – 선행 축 경보는 어떤 축 증폭기에 오류가 있었는지를 나타냅니다. 이것은 정지된 모터, 짧은 시간 동안 높은 모터 부하가 원인일 수 있습니다. 무뎌졌거나 부러진 공구로 무거운 절단을 입력하면 이 경보가 발생할 수 있습니다. 공구를 확인하십시오. 속도와 이송을 확인하십시오.
"
NGC,4018.0000,4018,0000,Y AXIS NOT AT ZERO BEFORE ENABLING G112,G112 does not use the physical Y-axis. If there is a Y-axis in the machine it should be commanded to machine zero (center of rotation).      e.g.:     ....     T101      G17 G20 G40 G80 G98      M154      G01 G54 X1. Y0. C45. F25.     G112     .... ,G112를 활성화하기 전에 Y축이 0이 아님,G112는 물리적 Y축을 사용하지 않습니다. 기계에 Y축이 있을 경우 기계 영점(회전 중심)으로 명령해야 합니다. 예:     ....     T101      G17 G20 G40 G80 G98      M154      G01 G54 X1. Y0. C45. F25. G112     ....
CHC-Lathe,796.0000,796,0000,SUB SPINDLE NOT TURNING,Status from subspindle drive indicates it is not at speed when expected. This can also be caused by commanding a feed when the spindle is stopped.,회전 안하는 서브 스핀들,서브스핀들 상태가 기대했던 속도가 아니라고 표시합니다. 또한 이것은 스핀들이 정지되었을 때 이송을 명령하면 발생할 수도 있습니다.
NGC,2004.0000,2004,0000,TOOL LOAD STATION EMERGENCY STOP SWITCH ERROR,The emergency stop circuit at the tool load station has failed. Check tool load station emergency stop switch contacts and wiring. Fix the problem and then cycle power to clear this alarm.    ,공구 로드 스테이션 비상 정지 스위치 오류,공구 로드 스테이션의 비상 정지 회로가 고장났습니다. 공구 로드 스테이션 비상 정지 스위치의 접촉 및 배선을 확인하십시오. 문제를 고친 다음에 경보를 삭제하기 위해 전원을 껐다 켰다 하십시오.
NGC,363.0000,363,0000,COOLANT LOCKED OFF,     Press    to play video related to this content.    The control read a coolant ON command while Setting 32 (Coolant Override) is OFF. There are three options to correct this alarm:  Change Setting 32 to NORMAL.    This lets the control respond normally to coolant commands.   Change Setting 32 to IGNORE.    The control ignores coolant commands during program execution.   Edit the program to remove coolant commands.   ,절삭유 잠금 끔,     이 콘텐츠와 관련하여 영상 재생 버튼을 누르십시오. 제어가 절삭유 ON 명령을 읽은 반면에 설정 32(절삭유 취소)가 꺼져 있습니다. 이 경보를 수정할 세 가지 옵션이 있습니다. 설정 32를 NORMAL(일반)으로 변경합니다. 이를 통하여 제어는 정상적으로 절삭유 명령에 대응할 수 있습니다. 설정 32를 IGNORE(무시)로 변경하십시오. 제어는 프로그램 실행 동안에 절삭유 명령을 무시합니다. 프로그램을 편집하여 절삭유 명령을 제거합니다.
CHC-Mill,236.0000,236,0000,SPINDLE MOTOR OVERLOAD,The spindle motor has had a load above 100% for too long. Adjust your program to reduce the spindle motor load.,스핀들 모터 과부하,스핀들 모터가 너무 길어 100%를 초과했습니다. 프로그램을 조정하여 스핀들 모터 부하를 줄이십시오.
CHC-Lathe,723.0000,723,0000,W–AXIS MOTOR OVERHEAT,The W–axis motor has overheated. – Allow the motor to cool. Reduce the load on the motor.,W축 모터 과열,W축 모터가 과열되었습니다. -모터가 냉각되도록 하십시오. 모터의 부하를 줄이십시오.
CHC-Mill,510.0000,510,0000,ILLEGAL OPERATOR OR FUNCTION USE,See Operator manual macro section for valid variables.,위법 연산자나 함수 사용,유효한 변수는 운영자 매뉴얼 매크로 섹션을 참고하십시오.
CHC-Mill,148.0000,148,0000,A-AXIS LIMIT SWITCH,The A-axis has touched the limit switch.,A축 리미트 스위치,A축이 리미트 스위치에 닿았습니다.
CHC-Mill,397.0000,397,0000,AUX AXIS IN G93 BLOCK, Auxiliary axis interpolation cannot be commanded in G93 feed mode. Check your program. An auxiliary axis cannot be programmed to move in a feed mode with any other axis.,G93 블록의 보조 축, 보조 축 보간이 G93 이동 모드에서 명령되었습니다. 프로그램을 확인하십시오. 보조 축은 기타 다른 축과는 이송 모드에서 이동하도록 프로그래밍되어서는 안 됩니다.
NGC,177.0000,177,0000,OVERVOLTAGE SHUTDOWN,The incoming voltage is higher than allowed.  The machine will be shut down automatically. ,과전압 정지,인입 전압이 허용된 것보다 높습니다. 기계는 자동으로 정지됩니다.
