용어1,용어2,용어3,용어4,용어5,용어6,용어7,용어8,용어9,용어10,용어11,용어12,용어13,용어14,용어15,용어16
전도,넘어짐,미끄러짐,,,,,,,,,,,,,
럭스,lux,룩스,lx,Lux,조도,,,,,,,,,,
미터,m,M,,,,,,,,,,,,,
센티미터,cm,CM,Cm,,,,,,,,,,,,
낙하물방지망,낙방,보호망,낙하물 방지망,,,,,,,,,,,,
제곱미터,m2,헤베,㎡,Square meter,평방미터,,,,,,,,,,
리프트,lift,Lift,,,,,,,,,,,,,
크레인,crane,크래인,,,,,,,,,,,,,
버킷,bucket,버켓,Bucket,,,,,,,,,,,,
록볼트,락볼트,rockbolt,Rockbolt,,,,,,,,,,,,
해치커버,해치보드,hatchboard,해치빔,hatchbeam,hatch board,hatch beam,,,,,,,,,
데릭,derrick,Derrick,,,,,,,,,,,,,
이동식크레인,모바일크레인,이동식 크레인,모바일 크레인,,,,,,,,,,,,
이동식크레인,모바일크레인,이동식 크레인,모바일 크레인,,,,,,,,,,,,
이동식크레인,모바일크레인,이동식 크레인,모바일 크레인,,,,,,,,,,,,
볼트,Volt,volt,,,,,,,,,,,,,
밸러스트콤팩터,ballastcompactor,철도자갈다짐기,Ballast Compactor,ballast compactor,밸러스트 콤팩터,,,,,,,,,,
밀리미터,mm,MM,미리미터,Mm,,,,,,,,,,,
썬라이트,sunlight,skylight,스카이라이트,슬레이트,선라이트,채광창,폴리카보네이트,폴리카 보네이트,Sunlight,Skylight,,,,,
케틀,kettle,캐틀,Kettle,,,,,,,,,,,,
호퍼,hopper,호파,Hopper,,,,,,,,,,,,
피트,pit,구덩이,Pit,,,,,,,,,,,,
균열,크랙,crack,크렉,Crack,,,,,,,,,,,
곤돌라,곤도라,gondola,Gondola,,,,,,,,,,,,
브라켓,bracket,까치발,Bracket,,,,,,,,,,,,
스트랜드,strand,꼬임,Strand,,,,,,,,,,,,
필러,pillar,필라,Pillar,,,,,,,,,,,,
섬유벨트,슬링벨트,벨트슬링,slingbelt,beltsling,Slingbelt,Sling belt,,,,,,,,,
아웃트리거,아우트리거,아웃리거,전도방지용지지대,전도방지지지대,outrigger,Outrigeer,,,,,,,,,
꽂음접속기,멀티콘센트,멀티탭,꽂음 접속기,electrical plugs sockets,Electrical Plugs Sockets,Electrical plugs sockets,plug-in type socket connector,Plug-in type socket connector,,,,,,,
지하매설물,상수도관,하수도관,상하수도관,도시가스관,전력구,송유관,,,,,,,,,
잭베이스,jackbace,jackbase,자키베이스,받침철물,,,,,,,,,,,
fume,흄,Fume,,,,,,,,,,,,,
미스트,mist,Mist,,,,,,,,,,,,,
덕트,duct,닥트,,,,,,,,,,,,,
잔재물등,해로운기체,해로운액체,잔재물,,,,,,,,,,,,
가스등,가스,증기,미스트,흄,분진,,,,,,,,,,
지게차,포크리프트,folklift,folk lift,,,,,,,,,,,,
엘리베이터,승강기,엘레베이터,e/v,,,,,,,,,,,,
컨베이어,콘베이어,conveyer,conveyor,,,,,,,,,,,,
의복,옷,작업복,,,,,,,,,,,,,
레버풀러,레바풀러,leverpuller,lever puller,,,,,,,,,,,,
프레스,press,프레스등,Press,,,,,,,,,,,,
최고사용압력,설계압력,최고허용압력,,,,,,,,,,,,,
코르크,cork,콜크,Cork,CORK,,,,,,,,,,,
상자,박스,box,Box,,,,,,,,,,,,
승강기,승객용엘리베이터,승객화물용엘리베이터,화물용엘리베이터,소형화물용엘리베이터,에스컬레이터,,,,,,,,,,
출입문인터록,출입문인터락,interlock,인터록,Interlock,,,,,,,,,,,
갠트리크레인,갠츄리크레인,gantrycrane,Gantry Crane,gantry crane,갠트리,,,,,,,,,,
균형,밸런스,balance,발란스,Balance,,,,,,,,,,,
클립,clip,크립,Clip,,,,,,,,,,,,
샤클,shackle,연결고리,Shackle,새클,썌클,,,,,,,,,,
샤클,shackle,연결고리,Shackle,새클,썌클,,,,,,,,,,
샤클,shackle,연결고리,Shackle,새클,썌클,,,,,,,,,,
좌석안전띠,안전벨트,안전띠,,,,,,,,,,,,,
꼬아넣기,아이스플라이스,eyesplice,eye splice,Eye splice,Eye Splice,,,,,,,,,,
팔레트,파렛트,파랫트,팔렛트,pallet,파래트,파레트,빠레트,Pallet,,,,,,,
망간,manganese,Mn,Manganse,,,,,,,,,,,,
망간,manganese,Mn,Manganse,,,,,,,,,,,,
트롤리컨베이어,trolleyconveyor,trolleyconveyer,Trolley Conveyor,trolley conveyer,trolley conveyor,트롤리 컨베이어,,,,,,,,,
불도저,불도자,bulldozer,Bulldozer,,,,,,,,,,,,
트랙터,tracktor,트랙타,tractor,,,,,,,,,,,,
쇼벨,shovel,Shovel,셔블,,,,,,,,,,,,
로더,로우더,loader,Loader,,,,,,,,,,,,
로더,로우더,loader,Loader,,,,,,,,,,,,
파우더쇼벨,powdershovel,Powder Shovel,powder shovel,파우더 쇼벨,,,,,,,,,,,
드래그쇼벨,dragshovel,Drag Shovel,drag shovel,드래그 쇼벨,,,,,,,,,,,
로봇,로보트,robot,Robot,산업용 로봇,,,,,,,,,,,
교시,티칭,teaching,,,,,,,,,,,,,
도장,페인트칠,코팅,coating,painting,도색,Coating,Painting,,,,,,,,
플랜지,플렌지,flange,Flange,,,,,,,,,,,,
개스킷,가스킷,가스켓,gasket,Gasket,,,,,,,,,,,
통기밸브,breathervalve,통기설비,Breather Valve,breather valve,,,,,,,,,,,
폼헤드,foamhead,자동소화설비,foam head,Foam head,Foam Head,,,,,,,,,,
철골작업,철골조립,철골해체,철골공사,,,,,,,,,,,,
파스칼,pascal,Pa,Pascal,,,,,,,,,,,,
퓨즈,휴즈,fuse,Fuse,,,,,,,,,,,,
밸러스트탱크,평형수탱크,ballasttank,Ballast tank,Ballast Tank,ballast tank,,,,,,,,,,
절연용보호구등,절연용보호구,절연용방호구,활선작업용기구,활선작업용장치,,,,,,,,,,,
서포트,support,삿보도,삿뽀도,Support,,,,,,,,,,,
시스템동바리,시스템서포트,systemsupport,System Support,system support,,,,,,,,,,,
파이프서포트,파이프동바리,pipesupport,Pipe Support,pipe support,,,,,,,,,,,
콘크리트펌프카,펌프카,콘크리트 펌프카,,,,,,,,,,,,,
터널작업,터널공사,터널굴착,터널건설작업,,,,,,,,,,,,
기울기면,경사면,사면,굴착경사면,,,,,,,,,,,,
운반기계,운반기계등,,,,,,,,,,,,,,
굴착기계,굴착기계등,포크레인,굴삭기,백호,backhoe,excavator,엑스커베이터,poclain,굴착장비,굴착기,,,,,
적재기계,적재기계등,적재장비,,,,,,,,,,,,,
개착,opencut,오픈컷,Open cut,Open Cut,open cut,오픈컷트,,,,,,,,,
로프,rope,밧줄,Rope,,,,,,,,,,,,
산알칼리류,산·알칼리류,수산화화합물,,,,,,,,,,,,,
세제곱미터,m3,루베,입방미터,㎥,세제곱,,,,,,,,,,
콕,cock,콕크,코크,,,,,,,,,,,,
특수형태근로종사자,보험설계사,우체국보험모집인,건설기계운전원,학습지교사,골프장캐디,택배기사,퀵서비스기사,퀵서비스배달원,택배배달원,대출모집인,신용카드회원모집인,대리운전기사,특고,,
석면해체작업,석면제거작업,석면해체제거작업,석면해체,,,,,,,,,,,,
고지,알림,게시,,,,,,,,,,,,,
페인트,paint,패인트,Paint,,,,,,,,,,,,
혈액매개감염병,인간면역결핍증,B형간염,C형간염,매독,,,,,,,,,,,
공기매개감염병,결핵,수두,홍역,covid19,코로나,코로나19,코로나-19,Covid-19,,,,,,,
곤충및동물매개감염병,쯔쯔가무시증,렙토스피라증,신증후군출혈열,탄저병,부르셀라증,인수공통감염병,쯔쯔가무시,,,,,,,,
투베르쿨린피부반응검사,Tuberculin skin test,TST,,,,,,,,,,,,,
결핵균항원,purified protein derivatives,PPD,,,,,,,,,,,,,
스쿠버,scuba,SELF CONTAINED UNDERWATER BREATHING APPARATUS,스쿠바,,,,,,,,,,,,
NTM,비결핵성마이코박테리아질환,non-tuberculosismycobacteria,ntm,non-tuberculosis mycobacteria,비결핵성 마이코박테리아,,,,,,,,,,
이견,다툼,분쟁,,,,,,,,,,,,,
진공빨판,진공흡착컵,고무흡입컵,,,,,,,,,,,,,
셀시우스,섭씨,Celsius,℃,celsius,,,,,,,,,,,
mg,밀리그램,밀리그람,미리그람,,,,,,,,,,,,
마이크로피펫,micropipet,micropipette,Micropipette,,,,,,,,,,,,
니켈,nickel,Ni,Nickel,,,,,,,,,,,,
니켈,nickel,Ni,Nickel,,,,,,,,,,,,
경간,clear span,,,,,,,,,,,,,,
마그네슘,magnesium,Mg,Magnesium,,,,,,,,,,,,
백금,platinum,Pt,Platinum,,,,,,,,,,,,
선박승강설비,현문사다리,Accommodationladder,accommodation ladder,Accommodation Ladder,,,,,,,,,,,
피크,peak,최고,Peak,,,,,,,,,,,,
국제암연구소,International Agency for Research on Cancer,IARC,,,,,,,,,,,,,
마우스피스,mouthpiece,마우쓰피쓰,마우스피쓰,,,,,,,,,,,,
IMO,국제해사기구,InternationalMaritimeOrganization,International Maritime Organization,,,,,,,,,,,,
화물집화장,Containerfreightstation,CFS,Container freight station,Container Freight Station,,,,,,,,,,,
로-로(Ro-ro)선,로로선,roro선,Ro-Ro선,,,,,,,,,,,,
Mobileharborcrane,모빌하버크레인,모바일하버크레인,모바일 하버크레인,Mobile Harbor Crane,,,,,,,,,,,
ft,피트,feet,,,,,,,,,,,,,
List,횡경사,heeling,,,,,,,,,,,,,
kg,킬로그램,킬로그람,,,,,,,,,,,,,
Tarpaulin,천막,타포린,,,,,,,,,,,,,
RCS,RCS폼,RailClimbingSystem,,,,,,,,,,,,,
ACS,ACS폼,AiutoClimbingSystem,,,,,,,,,,,,,
Shoe,날끝,슈,교량받침,,,,,,,,,,,,
정격하중,NetCapacity,NetRatedLoad,,,,,,,,,,,,,
슬라브,슬래브,slab,스라브,바닥,,,,,,,,,,,
switchunit,스위치유닛,스위치유니트,,,,,,,,,,,,,
kN,킬로뉴튼,킬로뉴턴,,,,,,,,,,,,,
PFD,개인부양장치,PersonalFlotationDevice,,,,,,,,,,,,,
Nose,추진코,노즈,,,,,,,,,,,,,
흙막이지보공,흙막이지보공,흙막이가시설,,,,,,,,,,,,,
흙막이벽,흙막이벽체,,,,,,,,,,,,,,
Earthanchor,지반앵커,e/a,,,,,,,,,,,,,
Strut,스트럿트,스트럿,스트러트,버팀보,버팀대,strut,,,,,,,,,
Raker,레이커,레커,,,,,,,,,,,,,
Wale,웨일,띠장,,,,,,,,,,,,,
Tiling,타일공사,Tileworks,,,,,,,,,,,,,
Sheet,시트,쉬트,,,,,,,,,,,,,
모르타르,몰탈,mortar,,,,,,,,,,,,,
휘니샤,피니샤,피니셔,finisher,,,,,,,,,,,,
타카,Tacker,타정기,,,,,,,,,,,,,
MaterialSafetyDataSheet,물질안전보건자료,msds,MSDS,Material Safety Data Sheet,,,,,,,,,,,
Sag,새그,쌔그,,,,,,,,,,,,,
행어,Suspender,Hanger,,,,,,,,,,,,,
bracing,브레이싱,가새,가새재,,,,,,,,,,,,
로커,락커,Locker,,,,,,,,,,,,,
파일로트,파일롯트,파이롯트,파일럿,Pilot,,,,,,,,,,,
캐트워크,케트워크,Catwalk,캣워크,,,,,,,,,,,,
오거기,EarthAuger,어스오거,,,,,,,,,,,,,
사일로,사이로,silo,,,,,,,,,,,,,
조도,밝기,illumination,라이트,전조등,전등,조명,intensity illumination,Intensity Illumination,,,,,,,
적정공기,적정공기,,,,,,,,,,,,,,
상부난간,상부난간대,,,,,,,,,,,,,,
중간난간,중간난간대,,,,,,,,,,,,,,
발끝막이,발끝막이판,,,,,,,,,,,,,,
금속제파이프,금속파이프,,,,,,,,,,,,,,
앵커볼트,앙카볼트,,,,,,,,,,,,,,
파이프,pipe,배관,,,,,,,,,,,,,
파이프,pipe,배관,,,,,,,,,,,,,
수직보호망,수직망,,,,,,,,,,,,,,
건축물,건물,,,,,,,,,,,,,,
암,arm,,,,,,,,,,,,,,
블록,블럭,,,,,,,,,,,,,,
램,ram,,,,,,,,,,,,,,
포크,fork,Fork,,,,,,,,,,,,,
케이블,cable,캐이블,Cable,,,,,,,,,,,,
양화장치,양화장치등,,,,,,,,,,,,,,
드럼,drum,,,,,,,,,,,,,,
드럼,drum,,,,,,,,,,,,,,
드럼,drum,,,,,,,,,,,,,,
분할기계,굴착기계등,,,,,,,,,,,,,,
해치,hatch,,,,,,,,,,,,,,
보드,board,,,,,,,,,,,,,,
빔,beam,,,,,,,,,,,,,,
붐,boom,,,,,,,,,,,,,,
훅,hook,,,,,,,,,,,,,,
훅,hook,,,,,,,,,,,,,,
승차,탑승,,,,,,,,,,,,,,
기상,날씨,,,,,,,,,,,,,,
볼트암페어,VA,,,,,,,,,,,,,,
모터카,motorcar,,,,,,,,,,,,,,
멀티플타이탬퍼,multipletietamper,,,,,,,,,,,,,,
추락방호망,안전방망,,,,,,,,,,,,,,
저하,감소,,,,,,,,,,,,,,
절연용방호구,절연방호구,,,,,,,,,,,,,,
안쪽,내부,,,,,,,,,,,,,,
브레이크,brake,,,,,,,,,,,,,,
시스템비계,system비계,system scaffolding,시스템 비계,,,,,,,,,,,,
후드,hood,,,,,,,,,,,,,,
ntr공법,NewTubularRoofmethod,,,,,,,,,,,,,,
TRM,TubularRoofMethod,,,,,,,,,,,,,,
드라이독,Drydock,,,,,,,,,,,,,,
그라우트,주입액,,,,,,,,,,,,,,
침매공법,Immersedmethod,,,,,,,,,,,,,,
침설조인트,Immersionjoint,,,,,,,,,,,,,,
세그먼트조인트,Segmentjoint,,,,,,,,,,,,,,
가스상태물질,분진등,,,,,,,,,,,,,,
세제곱미터,m3,,,,,,,,,,,,,,
클러치,clutch,,,,,,,,,,,,,,
킹크,kink,,,,,,,,,,,,,,
중립부력,Neutrallybuoyant,,,,,,,,,,,,,,
체인블록,chainblock,체인 블록,,,,,,,,,,,,,
클램프,clamp,Clamp,,,,,,,,,,,,,
클램프,clamp,Clamp,,,,,,,,,,,,,
클램프,clamp,Clamp,,,,,,,,,,,,,
피벗클램프,pivotclamp,,,,,,,,,,,,,,
러그,lug,,,,,,,,,,,,,,
상부훅,tophook,,,,,,,,,,,,,,
훅입구,hookmouth,,,,,,,,,,,,,,
킬로미터,km,Km,,,,,,,,,,,,,
전단기,슬리터,샤링작업,,,,,,,,,,,,,
최고사용회전수,최고회전수,,,,,,,,,,,,,,
국가교정업무전담기관,국가교정기관,교정기관,,,,,,,,,,,,,
게이트가드,gateguard,Gate Guard,gate guard,Gateguard,,,,,,,,,,,
가드,guard,,,,,,,,,,,,,,
히터,heater,,,,,,,,,,,,,,
가이드롤러,guideroller,,,,,,,,,,,,,,
북,shuttle,,,,,,,,,,,,,,
인발블록,drawingblock,,,,,,,,,,,,,,
버프,buff,,,,,,,,,,,,,,
자루,마대,,,,,,,,,,,,,,
호이스트,hoist,,,,,,,,,,,,,,
호이스트,hoist,,,,,,,,,,,,,,
파이널리미트스위치,finallimitswitch,,,,,,,,,,,,,,
트롤리,trolly,trolley,,,,,,,,,,,,,
프레임,frame,,,,,,,,,,,,,,
지브크레인,jibcrane,jib crane,,,,,,,,,,,,,
지브크레인,jibcrane,jib crane,,,,,,,,,,,,,
지브크레인,jibcrane,jib crane,,,,,,,,,,,,,
스토퍼,stopper,,,,,,,,,,,,,,
새들,saddle,,,,,,,,,,,,,,
볼트,bolt,,,,,,,,,,,,,,
거더,girder,,,,,,,,,,,,,,
윈치,winch,,,,,,,,,,,,,,
아크,arc,,,,,,,,,,,,,,
지그,zig,,,,,,,,,,,,,,
슬링,sling,,,,,,,,,,,,,,
엔드리스,endless,,,,,,,,,,,,,,
주용도,주된용도,,,,,,,,,,,,,,
이송용롤러,컨베이어등,,,,,,,,,,,,,,
헤드가드,headguard,,,,,,,,,,,,,,
백레스트,backrest,,,,,,,,,,,,,,
마스트,mast,,,,,,,,,,,,,,
스키드,skid,,,,,,,,,,,,,,
행거,hanger,,,,,,,,,,,,,,
레일클램프,railclamp,,,,,,,,,,,,,,
시프팅보드,shiftingboard,,,,,,,,,,,,,,
펌프,pump,,,,,,,,,,,,,,
하적단,포장화물,,,,,,,,,,,,,,
플레어스택,flarestack,,,,,,,,,,,,,,
플레어헤더,flareheader,,,,,,,,,,,,,,
통기관,통기설비,,,,,,,,,,,,,,
물분무시설,자동소화설비,,,,,,,,,,,,,,
게이지,gauge,,,,,,,,,,,,,,
중량물취급작업,중량물취급,,,,,,,,,,,,,,
킬로,kilo,,,,,,,,,,,,,,
내용적,부피,,,,,,,,,,,,,,
킬로와트,kw,,,,,,,,,,,,,,
가스검지기,가스감지기,,,,,,,,,,,,,,
습윤한장소,습윤장소,,,,,,,,,,,,,,
주관,mainpipe,,,,,,,,,,,,,,
굴삭,굴착,,,,,,,,,,,,,,
킬로볼트암페어,kva,,,,,,,,,,,,,,
밀리암페어,ma,,,,,,,,,,,,,,
tank,탱크,,,,,,,,,,,,,,
킬로볼트,kv,,,,,,,,,,,,,,
정전기대전방지용안전화,정전기방지용안전화,,,,,,,,,,,,,,
돌발,갑자기,,,,,,,,,,,,,,
갱폼,gangform,,,,,,,,,,,,,,
슬립폼,slipform,,,,,,,,,,,,,,
클라이밍폼,climbingform,,,,,,,,,,,,,,
터널라이닝폼,liningform,,,,,,,,,,,,,,
tunnel,터널,,,,,,,,,,,,,,
lining,라이닝,,,,,,,,,,,,,,
폭약,화약,,,,,,,,,,,,,,
정의,기준,,,,,,,,,,,,,,
자동전격방지기,자동전격방지장치,,,,,,,,,,,,,,
시계,시야,,,,,,,,,,,,,,
보링,boring,,,,,,,,,,,,,,
결핍,부족,,,,,,,,,,,,,,
순차적,순서대로,,,,,,,,,,,,,,
피더박스,feederbox,,,,,,,,,,,,,,
진공흡입식언로더,unloader,,,,,,,,,,,,,,
베일포장,balewrapper,,,,,,,,,,,,,,
베일,bale,,,,,,,,,,,,,,
벌목작업,벌목,,,,,,,,,,,,,,
스내치블록,snatchblock,,,,,,,,,,,,,,
슬링로프,slingrope,,,,,,,,,,,,,,
상가작용,협력작용,,,,,,,,,,,,,,
피피엠,ppm,parts per million,Parts per miilion,,,,,,,,,,,,
반응조,batchreactor,,,,,,,,,,,,,,
위급,긴급,,,,,,,,,,,,,,
약품,의약품,,,,,,,,,,,,,,
천공,구멍뚫기,,,,,,,,,,,,,,
고글,Goggles,,,,,,,,,,,,,,
근처,인근,,,,,,,,,,,,,,
비닐시트,비닐쉬트,,,,,,,,,,,,,,
적합도검사,fittesting,,,,,,,,,,,,,,
데시벨,db,,,,,,,,,,,,,,
엔진커터,enginecutter,,,,,,,,,,,,,,
가습,humidification,,,,,,,,,,,,,,
임팩트렌치,impactwrench,,,,,,,,,,,,,,
그레이팅,grating,,,,,,,,,,,,,,
트렌치,trench,,,,,,,,,,,,,,
대차,truck,,,,,,,,,,,,,,
제곱센티미터,cm2,,,,,,,,,,,,,,
공기조,예비공기조,Air tank,air tank,에어탱크,,,,,,,,,,,
모포,보온용구,,,,,,,,,,,,,,
역지밸브,nonreturnvalve,,,,,,,,,,,,,,
헬멧,helmet,,,,,,,,,,,,,,
사이크로트론,cyclotron,,,,,,,,,,,,,,
synchrotron,신크로트론,,,,,,,,,,,,,,
케노트론,kenotron,,,,,,,,,,,,,,
아르곤,알곤,ar,argon,,,,,,,,,,,,
징후,증상,,,,,,,,,,,,,,
부여,제공,,,,,,,,,,,,,,
Temperature,온도,,,,,,,,,,,,,,
Pressure,압력,,,,,,,,,,,,,,
일급,1급,,,,,,,,,,,,,,
스테이지,stage,,,,,,,,,,,,,,
스테이지라인,stageline,,,,,,,,,,,,,,
표준원액,stocksolution,,,,,,,,,,,,,,
매뉴얼,manual,,,,,,,,,,,,,,
바이알,vial,,,,,,,,,,,,,,
니켈카보닐,nickelcarbonyl,,,,,,,,,,,,,,
수크로스,sucrose,,,,,,,,,,,,,,
표면공급공기잠수장비,SURFACESUPPLYDIVINGSYSTEM,,,,,,,,,,,,,,
호루라기,whistle,,,,,,,,,,,,,,
마스크크리어링,maskclearing,,,,,,,,,,,,,,
퍼지,PURGE,,,,,,,,,,,,,,
카트리지,CARTRIDGE,,,,,,,,,,,,,,
매니폴드,MANIFOLD,,,,,,,,,,,,,,
부력조절용버튼,chinbutton,,,,,,,,,,,,,,
안전줄,HOGGINGline,,,,,,,,,,,,,,
오버버튼프레셔,OVERBUTTONPRESSURE,,,,,,,,,,,,,,
헬멧실,helmetseal,,,,,,,,,,,,,,
토치,torch,,,,,,,,,,,,,,
비트,BITT,,,,,,,,,,,,,,
접안,Alongside,,,,,,,,,,,,,,
묘박,Anchoring,,,,,,,,,,,,,,
Buoy,브이,,,,,,,,,,,,,,
방현재,Fender,,,,,,,,,,,,,,
컨테이너,Container,,,,,,,,,,,,,,
Loading,적하,,,,,,,,,,,,,,
Discharging,양하,,,,,,,,,,,,,,
컨테이너크레인,Containercrane,,,,,,,,,,,,,,
스프레더,Spreader,,,,,,,,,,,,,,
로드,Load,,,,,,,,,,,,,,
코너,Corner,,,,,,,,,,,,,,
캐스트,cast,,,,,,,,,,,,,,
리치,reach,,,,,,,,,,,,,,
야드,Yard,,,,,,,,,,,,,,
랏싱케이지,Lashingcage,,,,,,,,,,,,,,
단실박스,singlecellbox,,,,,,,,,,,,,,
다실박스,multicellbox,,,,,,,,,,,,,,
다중박스,Multiplesinglecellbox,,,,,,,,,,,,,,
강박스거더,steelboxgirder,,,,,,,,,,,,,,
다이아프램,Diaphragm,,,,,,,,,,,,,,
고장력볼트,hightensionbolt,,,,,,,,,,,,,,
위험물질,위험물,,,,,,,,,,,,,,
브릿지,bridge,,,,,,,,,,,,,,
위험물질등,인화점60도이상인물질,,,,,,,,,,,,,,
삼각뿔,cone,,,,,,,,,,,,,,
화물적부도,Stowageplan,,,,,,,,,,,,,,
안티랙스페이서,antirackspacer,,,,,,,,,,,,,,
앰블런스케이지,Ambulancecage,,,,,,,,,,,,,,
농포,pustule,,,,,,,,,,,,,,
갱웨이,gangway,,,,,,,,,,,,,,
에이프런,Apron,,,,,,,,,,,,,,
에이프런컨베이어,Apronconveyor,,,,,,,,,,,,,,
플랫,Flat,,,,,,,,,,,,,,
국제해사위험물코드,imdgcode,,,,,,,,,,,,,,
프론트엔드토픽로더,Frontendtopicloader,,,,,,,,,,,,,,
리치스태커,Reachstacker,,,,,,,,,,,,,,
Yardtractor,야드트랙터,Y/T,,,,,,,,,,,,,
섀시,Chassis,샤시,,,,,,,,,,,,,
트랜스퍼크레인,Transfercrane,,,,,,,,,,,,,,
불워크,Bulwark,,,,,,,,,,,,,,
플랫트랙컨테니어,Flatrackcointainer,,,,,,,,,,,,,,
Linehandling,줄걸이작업자,,,,,,,,,,,,,,
펜더,fender,,,,,,,,,,,,,,
세그먼트,segment,,,,,,,,,,,,,,
공정안전보고서,PSM,process safety management report,Process Safety Management Report,Process safety management report,,,,,,,,,,,
런칭거더,LaunchingGirder,,,,,,,,,,,,,,
캔틸레버,Cantilever,,,,,,,,,,,,,,
포스트텐션,Posttension,,,,,,,,,,,,,,
tensioningnut,인장너트,,,,,,,,,,,,,,
포트,Pier,,,,,,,,,,,,,,
Typical,형태별,,,,,,,,,,,,,,
행잉빔,Hangingbeam,,,,,,,,,,,,,,
Tilting,조정,,,,,,,,,,,,,,
RearLeg,후방지점,,,,,,,,,,,,,,
Workingplatform,작업발판,,,,,,,,,,,,,,
Truss,트러스,,,,,,,,,,,,,,
왜건,wagon,,,,,,,,,,,,,,
슬라이딩,Sliding,,,,,,,,,,,,,,
Break,브레이크,,,,,,,,,,,,,,
Inchingoperation,미세조정,,,,,,,,,,,,,,
쉬즈관,쉬스관,,,,,,,,,,,,,,
Jack,잭,,,,,,,,,,,,,,
hr,시간당,,,,,,,,,,,,,,
케이싱,Casing,,,,,,,,,,,,,,
Tendon,인장,,,,,,,,,,,,,,
웨지,Wedge,,,,,,,,,,,,,,
휴먼에러,Humanerror,HumanError,인적오류,인간의실수,인적과오,휴먼에러,humanerror,,,,,,,,
그리스오일,GreaseOil,,,,,,,,,,,,,,
테프론,tefron,,,,,,,,,,,,,,
Stroke,스트로크,,,,,,,,,,,,,,
탄성슈,Elasticshoe,,,,,,,,,,,,,,
Epoxy,에폭시,,,,,,,,,,,,,,
엄지말뚝,H-pile,엄지말둑,,,,,,,,,,,,,
토류판,흙막이판,,,,,,,,,,,,,,
Jacking,잭킹,,,,,,,,,,,,,,
or,또는,,,,,,,,,,,,,,
소일시멘트,soilcement,,,,,,,,,,,,,,
Stiffener,스티프너,,,,,,,,,,,,,,
TBM,ToolBoxMeeting,Tool Box Meeting,tool box meeting,툴박스미팅,티비엠,작업 전 안전점검회의,위험예지훈련,툴박스 미팅,T.B.M,,,,,,
노루발못뽑이,배척,,,,,,,,,,,,,,
Primer,프라이머,,,,,,,,,,,,,,
로울러,roller,,,,,,,,,,,,,,
불대,Torch,,,,,,,,,,,,,,
와이어메시,Wiremesh,,,,,,,,,,,,,,
루프,Roof,,,,,,,,,,,,,,
Grouting,그라우팅,,,,,,,,,,,,,,
Shield,쉬일드,,,,,,,,,,,,,,
롤링,Rolling,,,,,,,,,,,,,,
AirVent,공기배출구,,,,,,,,,,,,,,
IncrementalLaunchingMethod,I.L.M공법,,,,,,,,,,,,,,
Launchingmould,강제거푸집,,,,,,,,,,,,,,
Temporarypier,임시교각,,,,,,,,,,,,,,
PSC,프리스트레스트콘크리트,,,,,,,,,,,,,,
Lateralguide,횡방향가이드,,,,,,,,,,,,,,
프리스트레스트,Prestressed,,,,,,,,,,,,,,
프리스트레싱,Prestressing,,,,,,,,,,,,,,
Breakingsaddle,활동방지지지받침,,,,,,,,,,,,,,
Liftingjack,리프팅잭,,,,,,,,,,,,,,
Mouldcover,작업장지붕,,,,,,,,,,,,,,
작업장,작업하는장소,workplace,작업하는 장소,작업하는장소,worksite,Workplace,Work Site,work site,,,,,,,
Pushingjack,수평잭,,,,,,,,,,,,,,
스판,span,경간,,,,,,,,,,,,,
min,분당,,,,,,,,,,,,,,
Lift&PushingUp,압출잭,,,,,,,,,,,,,,
Tread,발판,,,,,,,,,,,,,,
폭,너비,,,,,,,,,,,,,,
WidthofTread,발판폭,,,,,,,,,,,,,,
DepthofTread,발판너비,,,,,,,,,,,,,,
Rise,발판높이,,,,,,,,,,,,,,
Landing,계단참,,,,,,,,,,,,,,
영국규격,BSEN,,,,,,,,,,,,,,
미국규격,OSHA,,,,,,,,,,,,,,
어스,earth,,,,,,,,,,,,,,
온수,따뜻한물,,,,,,,,,,,,,,
패커,Packer,,,,,,,,,,,,,,
네일,Nail,,,,,,,,,,,,,,
Shotcrete,뿜어붙이기콘크리트,,,,,,,,,,,,,,
Nut,너트,,,,,,,,,,,,,,
Platehole,플레이트홀,,,,,,,,,,,,,,
플라스터,plaster,,,,,,,,,,,,,,
진동기,Vibrator,,,,,,,,,,,,,,
Concealed-type,매립형,,,,,,,,,,,,,,
캐링찬넬,CarryingChannel,,,,,,,,,,,,,,
마이너찬넬,MinorChannel,,,,,,,,,,,,,,
CMr,건설사업관리자,,,,,,,,,,,,,,
Sleeve,슬리브,,,,,,,,,,,,,,
요크,Yoke,,,,,,,,,,,,,,
Strength,강도,,,,,,,,,,,,,,
Stiffness,강성,,,,,,,,,,,,,,
치기,타설,,,,,,,,,,,,,,
앵커리지,Anchorage,,,,,,,,,,,,,,
현수교,Suspensionbridge,,,,,,,,,,,,,,
Earth-anchored,타정식,,,,,,,,,,,,,,
아카시대교,Akashi-kaikyo,,,,,,,,,,,,,,
Pylon,주탑,,,,,,,,,,,,,,
Spiralrope,나선로프,,,,,,,,,,,,,,
Parallelwirecable,평행강선케이블,,,,,,,,,,,,,,
Stiffeninggirder,보강거더,,,,,,,,,,,,,,
매스,Mass,,,,,,,,,,,,,,
케이슨공법,PneumaticCaissonMethod,,,,,,,,,,,,,,
Cableformer,케이블포머,,,,,,,,,,,,,,
Cableband,케이블밴드,,,,,,,,,,,,,,
스톰로프,Stormrope,,,,,,,,,,,,,,
러더스톡,Rudderstock,,,,,,,,,,,,,,
스케그,Skeg,,,,,,,,,,,,,,
러더,Rudder,,,,,,,,,,,,,,
탱크선박,Tankvessel,,,,,,,,,,,,,,
폐선작업,Shipbreaking,,,,,,,,,,,,,,
불활성화,Inerting,,,,,,,,,,,,,,
중공구조물,Hollowstructure,,,,,,,,,,,,,,
라멘교,Rahmenbridge,,,,,,,,,,,,,,
신축이음,Expansionjoint,,,,,,,,,,,,,,
캐스팅,Casting,,,,,,,,,,,,,,
scw,SoilCementWall,,,,,,,,,,,,,,
슬라임,Slime,,,,,,,,,,,,,,
안내벽,GuideWall,,,,,,,,,,,,,,
플랜트,Plant,,,,,,,,,,,,,,
우물통기초,wellfoundation,,,,,,,,,,,,,,
조금구,guideframe,,,,,,,,,,,,,,
레이턴스,laitance,,,,,,,,,,,,,,
트레미,tremie,,,,,,,,,,,,,,
이젝터,Ejector,,,,,,,,,,,,,,
다이하이트,Dieheight,,,,,,,,,,,,,,
플래시,flash,,,,,,,,,,,,,,
사출기,사출성형기,,,,,,,,,,,,,,
구리,Copper,7440-50-8,,,,,,,,,,,,,
구리,Copper,7440-50-8,,,,,,,,,,,,,
납 및 그 무기화합물,Lead its inorganic compounds,7439-92-1,납,,,,,,,,,,,,
"니켈 및 그 무기화합물, 니켈 카르보닐","Nickel its inorganic compounds, Nickel carbonyl",7440-02-0 ,13463-39-3,니켈,니켈 카르보닐,니켈 및 그 무기화합물,,,,,,,,,
망간 및 그 무기화합물,Manganese its inorganic compounds,7439-96-5,망간,,,,,,,,,,,,
사알킬납,Tetraalkyl lead,78-00-2,,,,,,,,,,,,,
산화아연,Zinc oxide,1314-13-2,,,,,,,,,,,,,
산화철,Iron oxide,1309-37-1,,,,,,,,,,,,,
삼산화비소,Arsenic trioxide,1327-53-3,,,,,,,,,,,,,
삼산화비소,Arsenic trioxide,1327-53-3,,,,,,,,,,,,,
수은 및 그 화합물,Mercury its compounds,7439-97-6,수은,,,,,,,,,,,,
안티몬 및 그 화합물,Antimony its compounds,7440-36-0,안티몬,,,,,,,,,,,,
알루미늄 및 그 화합물,Aluminum its compounds,7429-90-5,알루미늄,,,,,,,,,,,,
오산화바나듐,Vanadium pentoxide,1314-62-1,,,,,,,,,,,,,
오산화바나듐,Vanadium pentoxide,1314-62-1,,,,,,,,,,,,,
요오드 및 요오드화물,Iodine iodides,7553-56-2,요오드,요오드화물,,,,,,,,,,,
인듐 및 그 화합물,Indium its compounds,7440-74-6 ,인듐,,,,,,,,,,,,
주석 및 그 화합물,Tin its compounds,7440-31-5,주석,,,,,,,,,,,,
지르코늄 및 그 화합물,Zirconium its compounds,7440-67-7 ,지르코늄,,,,,,,,,,,,
카드뮴 및 그 화합물,Cadmium its compounds,7440-43-9,카드뮴,,,,,,,,,,,,
코발트,Cobalt,7440-48-4,,,,,,,,,,,,,
코발트,Cobalt,7440-48-4,,,,,,,,,,,,,
크롬 및 그 화합물,Chromium its compounds,7440-47-3 ,크롬,,,,,,,,,,,,
텅스텐 및 그 화합물,Tungsten its compounds,7440-33-7 ,텅스텐,,,,,,,,,,,,
무수 초산,Acetic anhydride,108-24-7,,,,,,,,,,,,,
무수 초산,Acetic anhydride,108-24-7,,,,,,,,,,,,,
불화수소,Hydrogen fluoride,7664-39-3,hydrogen fluoride,불산,Hydrogen Fluoride,,,,,,,,,,
불화수소,Hydrogen fluoride,7664-39-3,hydrogen fluoride,불산,Hydrogen Fluoride,,,,,,,,,,
불화수소,Hydrogen fluoride,7664-39-3,hydrogen fluoride,불산,Hydrogen Fluoride,,,,,,,,,,
시안화 나트륨,Sodium cyanide,143-33-9,,,,,,,,,,,,,
시안화 칼륨,Potassium cyanide,151-50-8,,,,,,,,,,,,,
염화수소,Hydrogen chloride,7647-01-0,,,,,,,,,,,,,
염화수소,Hydrogen chloride,7647-01-0,,,,,,,,,,,,,
염화수소,Hydrogen chloride,7647-01-0,,,,,,,,,,,,,
질산,Nitric acid,7697-37-2,,,,,,,,,,,,,
질산,Nitric acid,7697-37-2,,,,,,,,,,,,,
질산,Nitric acid,7697-37-2,,,,,,,,,,,,,
질산,Nitric acid,7697-37-2,,,,,,,,,,,,,
트리클로로아세트산,Trichloroacetic acid,1976-03-09,트리클로로 아세트산,trichloro acetic acid,Trichloro acetic acid,,,,,,,,,,
트리클로로아세트산,Trichloroacetic acid,1976-03-09,트리클로로 아세트산,trichloro acetic acid,Trichloro acetic acid,,,,,,,,,,
황산,Sulfuric acid,7664-93-9,,,,,,,,,,,,,
황산,Sulfuric acid,7664-93-9,,,,,,,,,,,,,
황산,Sulfuric acid,7664-93-9,,,,,,,,,,,,,
불소,Fluorine,7782-41-4,fluorine,불소화합물,,,,,,,,,,,
불소,Fluorine,7782-41-4,fluorine,불소화합물,,,,,,,,,,,
불소,Fluorine,7782-41-4,fluorine,불소화합물,,,,,,,,,,,
브롬,Bromine,7726-95-6,bromine,브롬화합물,,,,,,,,,,,
브롬,Bromine,7726-95-6,bromine,브롬화합물,,,,,,,,,,,
브롬,Bromine,7726-95-6,bromine,브롬화합물,,,,,,,,,,,
산화에틸렌,Ethylene oxide,75-21-8,,,,,,,,,,,,,
산화에틸렌,Ethylene oxide,75-21-8,,,,,,,,,,,,,
산화에틸렌,Ethylene oxide,75-21-8,,,,,,,,,,,,,
삼수소화 비소,Arsine,7784-42-1,,,,,,,,,,,,,
시안화 수소,Hydrogen cyanide,74-90-8,,,,,,,,,,,,,
염소,Chlorine,7782-50-5,chlorine,염소화합물,,,,,,,,,,,
염소,Chlorine,7782-50-5,chlorine,염소화합물,,,,,,,,,,,
염소,Chlorine,7782-50-5,chlorine,염소화합물,,,,,,,,,,,
오존,Ozone,10028-15-6,,,,,,,,,,,,,
오존,Ozone,10028-15-6,,,,,,,,,,,,,
이산화질소,nitrogen dioxide,10102-44-0,,,,,,,,,,,,,
이산화질소,nitrogen dioxide,10102-44-0,,,,,,,,,,,,,
이산화황,Sulfur dioxide,7446-09-05,,,,,,,,,,,,,
이산화황,Sulfur dioxide,7446-09-05,,,,,,,,,,,,,
일산화질소,Nitric oxide,10102-43-9,,,,,,,,,,,,,
일산화질소,Nitric oxide,10102-43-9,,,,,,,,,,,,,
일산화탄소,Carbon monoxide,630-08-0,co,,,,,,,,,,,,
일산화탄소,Carbon monoxide,630-08-0,co,,,,,,,,,,,,
일산화탄소,Carbon monoxide,630-08-0,co,,,,,,,,,,,,
포스겐,Phosgene,75-44-5,phosgene,,,,,,,,,,,,
포스겐,Phosgene,75-44-5,phosgene,,,,,,,,,,,,
포스겐,Phosgene,75-44-5,phosgene,,,,,,,,,,,,
포스핀,Phosphine,7803-51-2,phosphine,인화수소,,,,,,,,,,,
포스핀,Phosphine,7803-51-2,phosphine,인화수소,,,,,,,,,,,
황화수소,Hydrogen sulfide,7783-06-04,hydrogen sulfide,,,,,,,,,,,,
황화수소,Hydrogen sulfide,7783-06-04,hydrogen sulfide,,,,,,,,,,,,
황화수소,Hydrogen sulfide,7783-06-04,hydrogen sulfide,,,,,,,,,,,,
황화수소,Hydrogen sulfide,7783-06-04,hydrogen sulfide,,,,,,,,,,,,
α-나프틸아민 및 그 염,α-naphthylamine its salts,134-32-7,α-나프틸아민,,,,,,,,,,,,
디아니시딘 및 그 염,Dianisidine its salts,119-90-4,디아니시딘,,,,,,,,,,,,
디클로로벤지딘 및 그 염,Dichlorobenzidine its salts,91-94-1,디클로로벤지딘,,,,,,,,,,,,
베릴륨 및 그 화합물,Beryllium its compounds,7440-41-7,베릴륨,,,,,,,,,,,,
벤조트리클로라이드,Benzotrichloride,1998-07-07,,,,,,,,,,,,,
비소 및 그 무기화합물,Arsenic its inorganic compounds,7440-38-2,비소,,,,,,,,,,,,
염화비닐,Vinyl chloride,1975-01-04,,,,,,,,,,,,,
염화비닐,Vinyl chloride,1975-01-04,,,,,,,,,,,,,
콜타르피치 휘발물,코크스 제조 또는 취급업무,65996-93-2,콜타르피치,,,,,,,,,,,,
크롬광 가공,Chromite ore processing,,,,,,,,,,,,,,
크롬산 아연,Zinc chromates,13530-65-9,,,,,,,,,,,,,
o-톨리딘 및 그 염,o-Tolidine its salts,119-93-7,o-톨리딘,,,,,,,,,,,,
황화니켈류,Nickel sulfides,12035-72-2,16812-54-7,,,,,,,,,,,,
금속가공유,Metal working fluids,미네랄 오일 미스트,광물성 오일,oil mist,mineral,,,,,,,,,,
곡물 분진,Grain dusts,,,,,,,,,,,,,,
광물성 분진,Mineral dusts,,,,,,,,,,,,,,
면 분진,Cotton dusts,,,,,,,,,,,,,,
목재 분진,Wood dusts,,,,,,,,,,,,,,
용접 흄,Welding fume,,,,,,,,,,,,,,
유리 섬유,Glass fiber dusts,,,,,,,,,,,,,,
석면 분진,Asbestos dusts,1332-21-4,,,,,,,,,,,,,
가솔린,Gasoline,8006-61-9,,,,,,,,,,,,,
가솔린,Gasoline,8006-61-9,,,,,,,,,,,,,
가솔린,Gasoline,8006-61-9,,,,,,,,,,,,,
가솔린,Gasoline,8006-61-9,,,,,,,,,,,,,
글루타르알데히드,Glutaraldehyde,111-30-8,,,,,,,,,,,,,
글루타르알데히드,Glutaraldehyde,111-30-8,,,,,,,,,,,,,
β-나프틸아민,β-Naphthylamine,91-59-8,,,,,,,,,,,,,
니트로글리세린,Nitroglycerin,55-63-0,,,,,,,,,,,,,
니트로글리세린,Nitroglycerin,55-63-0,,,,,,,,,,,,,
니트로메탄,Nitromethane,75-52-5,,,,,,,,,,,,,
니트로메탄,Nitromethane,75-52-5,,,,,,,,,,,,,
니트로벤젠,Nitrobenzene,98-95-3,,,,,,,,,,,,,
니트로벤젠,Nitrobenzene,98-95-3,,,,,,,,,,,,,
p-니트로아닐린,p-Nitroaniline,100-01-6,,,,,,,,,,,,,
p-니트로아닐린,p-Nitroaniline,100-01-6,,,,,,,,,,,,,
p-니트로클로로벤젠,p-Nitrochlorobenzene,100-00-5,,,,,,,,,,,,,
p-니트로클로로벤젠,p-Nitrochlorobenzene,100-00-5,,,,,,,,,,,,,
디니트로톨루엔,Dinitrotoluene,25321-14-6,,,,,,,,,,,,,
디니트로톨루엔,Dinitrotoluene,25321-14-6,,,,,,,,,,,,,
"N,N-디메틸아닐린","N,N-Dimethylaniline",121-69-7,,,,,,,,,,,,,
p-디메틸아미노아조벤젠,p-Dimethylaminoazobenzene,1960-11-07,,,,,,,,,,,,,
p-디메틸아미노아조벤젠,p-Dimethylaminoazobenzene,1960-11-07,,,,,,,,,,,,,
"N,N-디메틸아세트아미드","N,N-Dimethylacetamide",127-19-5,,,,,,,,,,,,,
"N,N-디메틸아세트아미드","N,N-Dimethylacetamide",127-19-5,,,,,,,,,,,,,
디메틸포름아미드,Dimethylformamide,1968-12-02,,,,,,,,,,,,,
디메틸포름아미드,Dimethylformamide,1968-12-02,,,,,,,,,,,,,
디에틸 에테르,Diethyl ether,60-29-7,,,,,,,,,,,,,
디에틸렌트리아민,Diethylenetriamine,111-40-0,,,,,,,,,,,,,
디에틸렌트리아민,Diethylenetriamine,111-40-0,,,,,,,,,,,,,
"1,4-디옥산","1,4-Dioxane",123-91-1,,,,,,,,,,,,,
"1,4-디옥산","1,4-Dioxane",123-91-1,,,,,,,,,,,,,
디이소부틸케톤,Diisobutylketone,108-83-8,,,,,,,,,,,,,
디이소부틸케톤,Diisobutylketone,108-83-8,,,,,,,,,,,,,
디클로로메탄,Dichloromethane,1975-09-02,,,,,,,,,,,,,
디클로로메탄,Dichloromethane,1975-09-02,,,,,,,,,,,,,
o-디클로로벤젠,o-Dichlorobenzene,95-50-1,,,,,,,,,,,,,
"1,2-디클로로에탄","1,2-Dichloroethane",107-06-2,,,,,,,,,,,,,
"1,2-디클로로에탄","1,2-Dichloroethane",107-06-2,,,,,,,,,,,,,
"1,2-디클로로에틸렌","1,2-Dichloroethylene",540-59-0,,,,,,,,,,,,,
"1,2-디클로로에틸렌","1,2-Dichloroethylene",540-59-0,,,,,,,,,,,,,
"1,2-디클로로프로판","1,2-Dichloropropane",78-87-5,,,,,,,,,,,,,
"1,2-디클로로프로판","1,2-Dichloropropane",78-87-5,,,,,,,,,,,,,
디클로로플루오로메탄,Dichlorofluoromethane,75-43-4,,,,,,,,,,,,,
p-디히드록시벤젠,p-dihydroxybenzene,123-31-9,,,,,,,,,,,,,
마젠타,Magenta,569-61-9,,,,,,,,,,,,,
마젠타,Magenta,569-61-9,,,,,,,,,,,,,
메탄올,Methanol,67-56-1,,,,,,,,,,,,,
메탄올,Methanol,67-56-1,,,,,,,,,,,,,
2-메톡시에탄올,2-Methoxyethanol,109-86-4,,,,,,,,,,,,,
2-메톡시에탄올,2-Methoxyethanol,109-86-4,,,,,,,,,,,,,
2-메톡시에틸 아세테이트,2-Methoxyethyl acetate,110-49-6,,,,,,,,,,,,,
메틸 n-부틸 케톤,Methyl n-butyl ketone,591-78-6,,,,,,,,,,,,,
메틸 n-아밀 케톤,Methyl n-amyl ketone,110-43-0,,,,,,,,,,,,,
메틸 에틸 케톤,Methyl ethyl ketone,78-93-3,,,,,,,,,,,,,
메틸 이소부틸 케톤,Methyl isobutyl ketone,108-10-1,,,,,,,,,,,,,
메틸 클로라이드,Methyl chloride,74-87-3,,,,,,,,,,,,,
메틸 클로로포름,Methyl chloroform,71-55-6,,,,,,,,,,,,,
ILO권고,ILO Recommendation,,,,,,,,,,,,,,
메틸렌 비스,Methylene bis(phenyl isocyanate),101-68-8,메틸렌 비스,페닐 이소시아네이트,Methylene bis,phenyl isocyanate,,,,,,,,,
"4,4'-메틸렌 비스","4,4'-Methylene bis(2-chloroaniline)",101-14-4,"4,4'-메틸렌 비스",2-클로로아닐린,"4,4'-Methylene bis",2-chloroaniline,,,,,,,,,
간접조명,indirect lighting,,,,,,,,,,,,,,
간질,epilepsy,,,,,,,,,,,,,,
간질환,liver disease,,,,,,,,,,,,,,
간헐운전제어,intermittent operation control,,,,,,,,,,,,,,
갈석면,amosite,,,,,,,,,,,,,,
감각경로,sensory channel,,,,,,,,,,,,,,
감각신경,sensory nerve,,,,,,,,,,,,,,
감각신경성 난청,sensorineural hearing loss,,,,,,,,,,,,,,
감각온도 ,effective temperature,,,,,,,,,,,,,,
감김통,winder,,,,,,,,,,,,,,
감독자 훈련 ,training supervisors,,,,,,,,,,,,,,
감마선,gamma ray,,,,,,,,,,,,,,
감속장치 ,reducer,,,,,,,,,,,,,,
감수성,susceptibility,,,,,,,,,,,,,,
감시인 ,superintendent,,,,,,,,,,,,,,
감시창,sight glass,,,,,,,,,,,,,,
감압병,decompression sickness,,,,,,,,,,,,,,
감염병,infectious disease,,,,,,,,,,,,,,
감응식 안전장치,photoelectric sensor safety device,,,,,,,,,,,,,,
감작,sensitization,,,,,,,,,,,,,,
감전,electric shock,,,,,,,,,,,,,,
감전방지용 누전차단기,residual-current circuit breaker,,,,,,,,,,,,,,
감전시간,electric shock duration,,,,,,,,,,,,,,
감정고양적 성격,impulsive personality,,,,,,,,,,,,,,
감지기,fire detector,,,,,,,,,,,,,,
강관비계,steel tube scaffolding,,,,,,,,,,,,,,
강관지주,steel pipe shoring,,,,,,,,,,,,,,
강도계산서,strength calculation sheet,,,,,,,,,,,,,,
강도율,intensity rate,,,,,,,,,,,,,,
강렬한 소음작업,severe noise work,,,,,,,,,,,,,,
강반한시,very inverse time,,,,,,,,,,,,,,
강사,lecturer,instructor,,,,,,,,,,,,,
리스크,risk,,,,,,,,,,,,,,
시일,seal,,,,,,,,,,,,,,
강아치 지보공,steel arched timbering,,,,,,,,,,,,,,
강의식 안전교육 ,lecture-based safety training,,,,,,,,,,,,,,
강재거푸집,steel form,,,,,,,,,,,,,,
강화절연,reinforced insulation,,,,,,,,,,,,,,
개구부,opening,,,,,,,,,,,,,,
개미산,formic acid,,,,,,,,,,,,,,
개방로,open-hearth furnace,,,,,,,,,,,,,,
개방형 수전설비,open-type power substation,,,,,,,,,,,,,,
개별검정 ,individual certification,,,,,,,,,,,,,,
개선권고사항,recommendations improvement,,,,,,,,,,,,,,
개스킷,gasket,,,,,,,,,,,,,,
개인면접 안전교육 ,individual counseling safety education,,,,,,,,,,,,,,
개인시료 채취방법,personal sampling method,,,,,,,,,,,,,,
개질,reforming,,,,,,,,,,,,,,
개폐기,switch,,,,,,,,,,,,,,
개폐서지,switching surge,,,,,,,,,,,,,,
객담 도말,sputum smear,,,,,,,,,,,,,,
객담 배양,sputum culture,,,,,,,,,,,,,,
객담 세포 검사,sputum cell examination,,,,,,,,,,,,,,
객담검사,sputum test,,,,,,,,,,,,,,
갱,mine,,,,,,,,,,,,,,
갱내설비,tunnel equipment,,,,,,,,,,,,,,
갱외설비,surface equipment,,,,,,,,,,,,,,
"갱의실, 탈의실",locker room,,,,,,,,,,,,,,
거미막하출혈,subarachnoid hemorrhage ,,,,,,,,,,,,,,
거푸집,"form, cast, mold",,,,,,,,,,,,,,
거푸집동바리,form timbering,,,,,,,,,,,,,,
건,tendon,,,,,,,,,,,,,,
건강관리수첩,health care handbook,health management pocketbook,,,,,,,,,,,,,
건강장해,health obstacle,,,,,,,,,,,,,,
건강증진,health promotion,,,,,,,,,,,,,,
건강진단,health examination,,,,,,,,,,,,,,
건널다리,overbridge,,,,,,,,,,,,,,
건설,construction,,,,,,,,,,,,,,
건설 산업기본법,Framework Act Construction Industry ,,,,,,,,,,,,,,
건설기계,construction machinery,,,,,,,,,,,,,,
건설안전체험교육,hands-on practice training program construction safety,,,,,,,,,,,,,,
건설용 리프트,construction lift,,,,,,,,,,,,,,
건식변압기,dry-type transformer,,,,,,,,,,,,,,
건조설비,drying machinery,,,,,,,,,,,,,,
건초염,tenosynovitis,,,,,,,,,,,,,,
검댕 ,soot,,,,,,,,,,,,,,
검량선,calibration curve,,,,,,,,,,,,,,
검사의 원리,principle test,,,,,,,,,,,,,,
검전기,voltage detector,,,,,,,,,,,,,,
검정,certification,,,,,,,,,,,,,,
검지관측정법,detector tube measurement method,,,,,,,,,,,,,,
검출한계,limit detection,,,,,,,,,,,,,,
o-메틸시클로헥사논,o-Methylcyclohexanone,583-60-8,,,,,,,,,,,,,
메틸시클로헥사놀,Methylcyclohexanol,25639-42-3,,,,,,,,,,,,,
메틸시클로헥사놀,Methylcyclohexanol,25639-42-3,,,,,,,,,,,,,
무수 말레산,Maleic anhydride,108-31-6,,,,,,,,,,,,,
무수 프탈산,Phthalic anhydride,85-44-9,,,,,,,,,,,,,
벤젠,Benzene,71-43-2,,,,,,,,,,,,,
벤젠,Benzene,71-43-2,,,,,,,,,,,,,
벤젠,Benzene,71-43-2,,,,,,,,,,,,,
벤지딘 및 그 염,Benzidine its salts,92-87-5,벤지딘,,,,,,,,,,,,
"1,3-부타디엔","1,3-Butadiene",106-99-0,,,,,,,,,,,,,
"1,3-부타디엔","1,3-Butadiene",106-99-0,,,,,,,,,,,,,
n-부탄올,n-Butanol,71-36-3,,,,,,,,,,,,,
2-부탄올,2-Butanol,78-92-2,,,,,,,,,,,,,
2-부톡시에탄올,2-Butoxyethanol,111-76-2,,,,,,,,,,,,,
2-부톡시에탄올,2-Butoxyethanol,111-76-2,,,,,,,,,,,,,
2-부톡시에틸 아세테이트,2-Butoxyethyl acetate,112-07-2,,,,,,,,,,,,,
1-브로모프로판,1-Bromopropane,106-94-5,,,,,,,,,,,,,
1-브로모프로판,1-Bromopropane,106-94-5,,,,,,,,,,,,,
2-브로모프로판,2-Bromopropane,75-26-3,,,,,,,,,,,,,
2-브로모프로판,2-Bromopropane,75-26-3,,,,,,,,,,,,,
브롬화 메틸,Methyl bromide,74-83-9,methyl bromide,Methyl Bromide,,,,,,,,,,,
비스에테르,bis(Chloromethyl) ether,542-88-1,비스 에테르,클로로메틸 에테르,bis ether,Chloromethyl ether,,,,,,,,,
사염화탄소,Carbon tetrachloride,56-23-5,,,,,,,,,,,,,
사염화탄소,Carbon tetrachloride,56-23-5,,,,,,,,,,,,,
사염화탄소,Carbon tetrachloride,56-23-5,,,,,,,,,,,,,
스토다드 솔벤트,Stoddard solvent,8052-41-3,stoddard solvent,,,,,,,,,,,,
스티렌,Styrene,100-42-5,,,,,,,,,,,,,
스티렌,Styrene,100-42-5,,,,,,,,,,,,,
시클로헥사논,Cyclohexanone,108-94-1,,,,,,,,,,,,,
시클로헥사논,Cyclohexanone,108-94-1,,,,,,,,,,,,,
시클로헥사놀,Cyclohexanol,108-93-0,,,,,,,,,,,,,
시클로헥사놀,Cyclohexanol,108-93-0,,,,,,,,,,,,,
시클로헥센,Cyclohexene,110-83-8,,,,,,,,,,,,,
시클로헥센,Cyclohexene,110-83-8,,,,,,,,,,,,,
아닐린,Aniline its homologues,62-53-3,,,,,,,,,,,,,
아닐린,Aniline its homologues,62-53-3,,,,,,,,,,,,,
아세토니트릴,Acetonitrile,1975-05-08,,,,,,,,,,,,,
아세토니트릴,Acetonitrile,1975-05-08,,,,,,,,,,,,,
아세톤,Acetone,67-64-1,,,,,,,,,,,,,
아세톤,Acetone,67-64-1,,,,,,,,,,,,,
아세톤,Acetone,67-64-1,,,,,,,,,,,,,
아세트알데히드,Acetaldehyde,75-07-0,,,,,,,,,,,,,
아세트알데히드,Acetaldehyde,75-07-0,,,,,,,,,,,,,
아세트알데히드,Acetaldehyde,75-07-0,,,,,,,,,,,,,
아세트알데히드,Acetaldehyde,75-07-0,,,,,,,,,,,,,
아우라민,Auramine,492-80-8,,,,,,,,,,,,,
아크릴로니트릴,Acrylonitrile,107-13-1,,,,,,,,,,,,,
아크릴로니트릴,Acrylonitrile,107-13-1,,,,,,,,,,,,,
아크릴아미드,Acrylamide,1979-06-01,,,,,,,,,,,,,
아크릴아미드,Acrylamide,1979-06-01,,,,,,,,,,,,,
2-에톡시에탄올,2-Ethoxyethanol,110-80-5,,,,,,,,,,,,,
2-에톡시에탄올,2-Ethoxyethanol,110-80-5,,,,,,,,,,,,,
2-에톡시에틸 아세테이트,2-Ethoxyethyl acetate,111-15-9,,,,,,,,,,,,,
에틸 벤젠,Ethyl benzene,100-41-4,,,,,,,,,,,,,
에틸 아크릴레이트,Ethyl acrylate,140-88-5,,,,,,,,,,,,,
에틸렌 글리콜,Ethylene glycol,107-21-1,,,,,,,,,,,,,
에틸렌 글리콜 디니트레이트,Ethylene glycol dinitrate,628-96-6,,,,,,,,,,,,,
에틸렌 클로로히드린,Ethylene chlorohydrin,107-07-3,,,,,,,,,,,,,
에틸렌이민,Ethyleneimine,151-56-4,,,,,,,,,,,,,
에틸렌이민,Ethyleneimine,151-56-4,,,,,,,,,,,,,
"2,3-에폭시-1-프로판올","2,3-Epoxy-1-propanol",556-52-5,,,,,,,,,,,,,
"2,3-에폭시-1-프로판올","2,3-Epoxy-1-propanol",556-52-5,,,,,,,,,,,,,
에피클로로히드린,Epichlorohydrin,106-89-8,,,,,,,,,,,,,
염소화비페닐,Polychlorobiphenyls,53469-21-9,11097-69-1,,,,,,,,,,,,
요오드화 메틸,Methyl iodide,74-88-4,,,,,,,,,,,,,
이소부틸 알코올,Isobutyl alcohol,78-83-1,,,,,,,,,,,,,
이소아밀 아세테이트,Isoamyl acetate,123-92-2,,,,,,,,,,,,,
이소아밀 알코올,Isoamyl alcohol,123-51-3,,,,,,,,,,,,,
이소프로필 알코올,Isopropyl alcohol,67-63-0,,,,,,,,,,,,,
이황화탄소,Carbon disulfide,75-15-0,,,,,,,,,,,,,
이황화탄소,Carbon disulfide,75-15-0,,,,,,,,,,,,,
이황화탄소,Carbon disulfide,75-15-0,,,,,,,,,,,,,
이황화탄소,Carbon disulfide,75-15-0,,,,,,,,,,,,,
콜타르,Coal tar,8007-45-2,,,,,,,,,,,,,
콜타르,Coal tar,8007-45-2,,,,,,,,,,,,,
크레졸,Cresol,1319-77-3,cresol,모든이성체,,,,,,,,,,,
크레졸,Cresol,1319-77-3,cresol,모든이성체,,,,,,,,,,,
크실렌,Xylene,1330-20-7,,,,,,,,,,,,,
크실렌,Xylene,1330-20-7,,,,,,,,,,,,,
크실렌,Xylene,1330-20-7,,,,,,,,,,,,,
크실렌,Xylene,1330-20-7,,,,,,,,,,,,,
클로로메틸 메틸 에테르,Chloromethyl methyl ether,107-30-2,,,,,,,,,,,,,
클로로벤젠,Chlorobenzene,108-90-7,,,,,,,,,,,,,
클로로벤젠,Chlorobenzene,108-90-7,,,,,,,,,,,,,
테레빈유,Turpentine oil,8006-64-2,,,,,,,,,,,,,
"1,1,2,2-테트라클로로에탄","1,1,2,2-Tetrachloroethane",79-34-5,,,,,,,,,,,,,
"1,1,2,2-테트라클로로에탄","1,1,2,2-Tetrachloroethane",79-34-5,,,,,,,,,,,,,
테트라히드로푸란,Tetrahydrofuran,109-99-9,,,,,,,,,,,,,
톨루엔,Toluene,108-88-3,,,,,,,,,,,,,
톨루엔,Toluene,108-88-3,,,,,,,,,,,,,
톨루엔,Toluene,108-88-3,,,,,,,,,,,,,
EMS,electromagnetic susceptibility,,,,,,,,,,,,,,
"톨루엔-2,4-디이소시아네이트","Toluene-2,4-diisocyanate",584-84-9,,,,,,,,,,,,,
"톨루엔-2,4-디이소시아네이트","Toluene-2,4-diisocyanate",584-84-9,,,,,,,,,,,,,
뇌격,lightning,,,,,,,,,,,,,,
"톨루엔-2,6-디이소시아네이트","Toluene-2,6-diisocyanate",1991-08-07,,,,,,,,,,,,,
"톨루엔-2,6-디이소시아네이트","Toluene-2,6-diisocyanate",1991-08-07,,,,,,,,,,,,,
트리클로로메탄,Trichloromethane,67-66-3,trichloromethane,,,,,,,,,,,,
트리클로로메탄,Trichloromethane,67-66-3,trichloromethane,,,,,,,,,,,,
"1,1,2-트리클로로에탄","1,1,2-Trichloroethane",79-00-5,,,,,,,,,,,,,
"1,1,2-트리클로로에탄","1,1,2-Trichloroethane",79-00-5,,,,,,,,,,,,,
트리클로로에틸렌,Trichloroethylene,1979-01-06,TCE,,,,,,,,,,,,
트리클로로에틸렌,Trichloroethylene,1979-01-06,TCE,,,,,,,,,,,,
트리클로로에틸렌,Trichloroethylene,1979-01-06,TCE,,,,,,,,,,,,
"1,2,3-트리클로로프로판","1,2,3-Trichloropropane",96-18-4,,,,,,,,,,,,,
"1,2,3-트리클로로프로판","1,2,3-Trichloropropane",96-18-4,,,,,,,,,,,,,
퍼클로로에틸렌,Perchloroethylene,127-18-4,perchloroethylene,,,,,,,,,,,,
퍼클로로에틸렌,Perchloroethylene,127-18-4,perchloroethylene,,,,,,,,,,,,
페놀,Phenol,108-95-2,,,,,,,,,,,,,
페놀,Phenol,108-95-2,,,,,,,,,,,,,
펜타클로로페놀,Pentachlorophenol,87-86-5,pentachlorophenol,,,,,,,,,,,,
펜타클로로페놀,Pentachlorophenol,87-86-5,pentachlorophenol,,,,,,,,,,,,
펜타클로로페놀,Pentachlorophenol,87-86-5,pentachlorophenol,,,,,,,,,,,,
포름알데히드,Formaldehyde,50-00-0,,,,,,,,,,,,,
포름알데히드,Formaldehyde,50-00-0,,,,,,,,,,,,,
포름알데히드,Formaldehyde,50-00-0,,,,,,,,,,,,,
β-프로피오락톤,β-Propiolactone,57-57-8,베타프로피오락톤,,,,,,,,,,,,
β-프로피오락톤,β-Propiolactone,57-57-8,베타프로피오락톤,,,,,,,,,,,,
o-프탈로디니트릴,o-Phthalodinitrile,91-15-6,,,,,,,,,,,,,
o-프탈로디니트릴,o-Phthalodinitrile,91-15-6,,,,,,,,,,,,,
피리딘,Pyridine,110-86-1,pyridine,,,,,,,,,,,,
피리딘,Pyridine,110-86-1,pyridine,,,,,,,,,,,,
헥사메틸렌 디이소시아네이트,Hexamethylene diisocyanate,822-06-0,,,,,,,,,,,,,
n-헥산,n-Hexane,110-54-3,,,,,,,,,,,,,
n-헵탄,n-Heptane,142-82-5,,,,,,,,,,,,,
황산 디메틸,Dimethyl sulfate,77-78-1,,,,,,,,,,,,,
히드라진,Hydrazine,302-01-2,,,,,,,,,,,,,
2-메틸-3,2H)-이소시아졸론의 혼합물,,,,,,,,,,,,,,
붕소산사나트륨염,무수물,오수화물,십수화물,,,,,,,,,,,,
2-클로로에탄올,에틸렌클로로하이드린,,,,,,,,,,,,,,
2-부톡시에탄올아세테이트,에틸렌글리콜모노부틸에테르아세테이트,,,,,,,,,,,,,,
트리클로로아세트산,삼염화초산,,,,,,,,,,,,,,
트리클로로아세트산,삼염화초산,,,,,,,,,,,,,,
아닐린,아미노벤젠과 그 동족체,,,,,,,,,,,,,,
아닐린,아미노벤젠과 그 동족체,,,,,,,,,,,,,,
삼산화안티몬,"취급,사용",,,,,,,,,,,,,,
헵탄,n-헵탄,,,,,,,,,,,,,,
디메틸아닐린,아미노디메틸벤젠,,,,,,,,,,,,,,
디에틸에테르,에틸에테르,,,,,,,,,,,,,,
디에틸에테르,에틸에테르,,,,,,,,,,,,,,
%임피던스,percent impedance,,,,,,,,,,,,,,
0종 장소,zone 0,,,,,,,,,,,,,,
1종 장소,zone 1,,,,,,,,,,,,,,
1종기기,class 1 equipment,,,,,,,,,,,,,,
20종 장소,zone 20,,,,,,,,,,,,,,
21종 장소,zone 21,,,,,,,,,,,,,,
22종 장소,zone 22,,,,,,,,,,,,,,
2종 장소,zone 2,,,,,,,,,,,,,,
2종기기,class 2 equipment ,,,,,,,,,,,,,,
2차-부탄올,sec-butyl alcohol,,,,,,,,,,,,,,
3Ds,"dirty, dangerous difficult ",,,,,,,,,,,,,,
3E,"engineering, education, enforcement",,,,,,,,,,,,,,
3권선 변압기,three-winding transformer,,,,,,,,,,,,,,
3로 스위치,three-way switch,,,,,,,,,,,,,,
3선 결선도,three-line diagram,,,,,,,,,,,,,,
4-니트로디페닐,p-nitrodiphenyl,,,,,,,,,,,,,,
6가 크롬,hexavalent chromium,,,,,,,,,,,,,,
AAS,atomic absorption spectrometer,,,,,,,,,,,,,,
ACB ,air blast circuit breaker,,,,,,,,,,,,,,
ACSR,aluminium conductor steel-reinforced cable,,,,,,,,,,,,,,
준공도,As-built drawing,,,,,,,,,,,,,,
A형 간염,Hepatitis Virus,,,,,,,,,,,,,,
A형 간염 검사,hepatitis virus test,,,,,,,,,,,,,,
BLLRS,blood lead laboratory reference system,,,,,,,,,,,,,,
BTPS ,"body temperature pressure, saturated",,,,,,,,,,,,,,
BVQI국제인증,Bureau Veritas Quality International BVQI,,,,,,,,,,,,,,
B형 간염,hepatitis B virus,,,,,,,,,,,,,,
B형 간염 C항체,hepatitis B core antibody,,,,,,,,,,,,,,
B형 간염 e항원,hepatitis B e antigen,,,,,,,,,,,,,,
CAUTION,caution,,,,,,,,,,,,,,
CCA,cause-consequence analysis,,,,,,,,,,,,,,
CCPS,Center Chemical Plant Safety,,,,,,,,,,,,,,
CE마크,CE Marking,,,,,,,,,,,,,,
CPQRA,chemical process quantitative risk analysis,,,,,,,,,,,,,,
CSO,chief security officer,,,,,,,,,,,,,,
C형간염,hepatitis C virus,,,,,,,,,,,,,,
EHS,"environment, health, sasfety",,,,,,,,,,,,,,
EMC ,electromagnetic compatibility,,,,,,,,,,,,,,
F-N 커브,F-N curve,,,,,,,,,,,,,,
H형강,wide flange beam,H빔,W-beam,,,,,,,,,,,,
ICP,inductively coupled plasma,,,,,,,,,,,,,,
IEC,International Electrotechnical Commission,,,,,,,,,,,,,,
IEEE,Institute Electrical Electronics Engineers,,,,,,,,,,,,,,
ILO조약,ILO Convention,,,,,,,,,,,,,,
INRS,Institut National de Recherche de Securite,,,,,,,,,,,,,,
IPCS,International Programme Chemical Safety,,,,,,,,,,,,,,
IP등급,Ingress Protection ratings,,,,,,,,,,,,,,
ISBL,inside battery limit,,,,,,,,,,,,,,
ISO,International Organization Standardization,,,,,,,,,,,,,,
IT계통,IT system,,,,,,,,,,,,,,
KVA,kilovolt ampere,,,,,,,,,,,,,,
KW,kilowatt,,,,,,,,,,,,,,
LC50,lethal concentration 50,,,,,,,,,,,,,,
LCMS,liquid chromatography- mass spectrometry,,,,,,,,,,,,,,
LDL 콜레스테롤,low-density lipoprotein cholesterol,,,,,,,,,,,,,,
LPG,liquefied petroleum gas,lp가스,lpgas,lp 가스,액화석유가스,,,,,,,,,,
MI케이블,mineral insulation,,,,,,,,,,,,,,
OCA,offsite consequence analysis,,,,,,,,,,,,,,
OFF-JT,off-the-job training,,,,,,,,,,,,,,
OHSMS,Occupational Health Safety Management System,,,,,,,,,,,,,,
OSBL,outside battery limits,,,,,,,,,,,,,,
OVERFLOW,OVERFLOW,,,,,,,,,,,,,,
PC,"precast concrete, prestressed concrete",,,,,,,,,,,,,,
PEN 도체,Combined Protective Neutral Conductor,,,,,,,,,,,,,,
RC,responsible care,,,,,,,,,,,,,,
RTO,regenerative thermal oxidizer,축열식 연소산화장치,축열식 소각로,,,,,,,,,,,,
STOP기법,Safety Training Observation Program,,,,,,,,,,,,,,
UL마크,Underwriters Laboratories' Mark,,,,,,,,,,,,,,
X-ray 회절계,X-ray diffractometer,,,,,,,,,,,,,,
X이론,Theory X,,,,,,,,,,,,,,
Y이론,Theory Y,,,,,,,,,,,,,,
가공선로,"aerial line, overhead line, overhead wire",,,,,,,,,,,,,,
가공인입선,"service drop, overhead service line",,,,,,,,,,,,,,
가공전선,overhead conductor/wire,,,,,,,,,,,,,,
가공지선,overhead ground wire,,,,,,,,,,,,,,
가교 폴리에틸렌,cross-linked polyethylene,,,,,,,,,,,,,,
가네하라 현상,Kanehara phenomenon,,,,,,,,,,,,,,
가동률,operationg rate,,,,,,,,,,,,,,
가동시간,operation time,,,,,,,,,,,,,,
가동전 점검,check before operation,,,,,,,,,,,,,,
가동철편형 계기,moving-iron instrument,,,,,,,,,,,,,,
가동코일형 계기,moving-coil instrument,,,,,,,,,,,,,,
가드 ,guard,,,,,,,,,,,,,,
가변전압 가변주파수 전원장치,variable voltage variable frequency control,,,,,,,,,,,,,,
가변전압가변주파수,Variable Voltage Variable Frequency,,,,,,,,,,,,,,
가상안전체험교육,virtual reality safety training,,,,,,,,,,,,,,
가설공사,temporary work,,,,,,,,,,,,,,
가설구조물,temporary structure,,,,,,,,,,,,,,
가설기계,temporary construction machine,,,,,,,,,,,,,,
가설기자재,temporary construction equipment material,,,,,,,,,,,,,,
가설도로,temporary work road,,,,,,,,,,,,,,
가설통로,temporary alley/path,,,,,,,,,,,,,,
가속기,accelerating machine,,,,,,,,,,,,,,
가수분리기,steam separator,,,,,,,,,,,,,,
가스,gas,,,,,,,,,,,,,,
가스,gas,,,,,,,,,,,,,,
가스 긴급차단밸브,gas emergency shut-off valve,,,,,,,,,,,,,,
가스 차단기,gas circuit breaker,,,,,,,,,,,,,,
가스 크로마토그래피-질량검출기,gas chromatography-mass selective detector,,,,,,,,,,,,,,
가스검지기,gas detector,,,,,,,,,,,,,,
가스누출감지경보기 ,gas leakage detector alarm,,,,,,,,,,,,,,
가스용단,fusion cutting,,,,,,,,,,,,,,
가스절연개폐장치,gas insulated switchgear,,,,,,,,,,,,,,
가스절연변압기,gas insulated transformer,,,,,,,,,,,,,,
가스집합용접장치,gas gathering welding equipment,,,,,,,,,,,,,,
가시광선 ,visible light/spectrum,,,,,,,,,,,,,,
가시방사,visible radiation,,,,,,,,,,,,,,
가압,pressurization,,,,,,,,,,,,,,
가압·감압방법,pressurization & decompression method,,,,,,,,,,,,,,
가연성,combustibility,,,,,,,,,,,,,,
가연성가스,inflammable gas,,,,,,,,,,,,,,
가연성물질,combustibles,,,,,,,,,,,,,,
가연성분진,combustible dusts,,,,,,,,,,,,,,
가열로,furnace,,,,,,,,,,,,,,
가열장치,heating device,,,,,,,,,,,,,,
가요전선관,flexible conduit,,,,,,,,,,,,,,
가이거-뮐러 계수기,Geiger-Muller counter,,,,,,,,,,,,,,
가이데릭,guy derrick,,,,,,,,,,,,,,
가이드 레일,guide rail,,,,,,,,,,,,,,
가이드 워드,guide word,,,,,,,,,,,,,,
가이로프,guy rope,,,,,,,,,,,,,,
가정안전,home safety,,,,,,,,,,,,,,
가족성난청,familial hearing loss,,,,,,,,,,,,,,
가청신호,audible signal,,,,,,,,,,,,,,
가청역치,hearing threshold ,,,,,,,,,,,,,,
가청주파수 ,audio frequency,,,,,,,,,,,,,,
가피,"crust, incrustation",,,,,,,,,,,,,,
가해물,assailing materials,,,,,,,,,,,,,,
각막염,keratitis,,,,,,,,,,,,,,
각막혼탁,corneal opacity,,,,,,,,,,,,,,
각막화상,cornea burn,,,,,,,,,,,,,,
각재,square timber,,,,,,,,,,,,,,
간결성의 원리,principle simplicity,,,,,,,,,,,,,,
간경화증,liver cirrhosis,,,,,,,,,,,,,,
간기능검사,liver function test,,,,,,,,,,,,,,
간디스토마검사,clonorchiasis test,,,,,,,,,,,,,,
간비장증후군,liver spleen syndrome,,,,,,,,,,,,,,
간선,trunk line,,,,,,,,,,,,,,
간염,hepatitis,,,,,,,,,,,,,,
간염검사,hepatitis virus test,,,,,,,,,,,,,,
간이 흙막이지보공,small sheathing timbering,,,,,,,,,,,,,,
간이리프트,simplified lift,small lift,Simplified Lift,Simplified lift,Small Lift,,,,,,,,,,
간접비 ,"indirect cost, uninsured cost",,,,,,,,,,,,,,
간접원인 ,indirect cause,,,,,,,,,,,,,,
선석,Berth,,,,,,,,,,,,,,
Liftingbeam,리프팅빔,,,,,,,,,,,,,,
건현,freeboard,,,,,,,,,,,,,,
SOLAS,국제해상인명안전규칙,,,,,,,,,,,,,,
패드아이,Padeye,,,,,,,,,,,,,,
Ring,링,,,,,,,,,,,,,,
Netsling,네트슬링,,,,,,,,,,,,,,
네트,net,,,,,,,,,,,,,,
중력하역,Gravityunloading,,,,,,,,,,,,,,
입출하설비,Loadingandunloadingstation,,,,,,,,,,,,,,
무너짐,도괴,,,,,,,,,,,,,,
Clerk,검수자,,,,,,,,,,,,,,
ISPSCode,항만보안규정,,,,,,,,,,,,,,
Dunnage,던네지,,,,,,,,,,,,,,
Foreman,작업지휘자,,,,,,,,,,,,,,
종경사,Trim,,,,,,,,,,,,,,
슬링포인트,slingpoint,,,,,,,,,,,,,,
트위스트록킹,Twistlocking,,,,,,,,,,,,,,
Benchdeck,벤치데크,,,,,,,,,,,,,,
Deck,갑판,,,,,,,,,,,,,,
Lashingplatform,랏싱플랫폼,,,,,,,,,,,,,,
플랫폼,platform,,,,,,,,,,,,,,
Turnbuckle,턴버클,,,,,,,,,,,,,,
Anchor,앵커,,,,,,,,,,,,,,
Hold,선창,,,,,,,,,,,,,,
종단벽,endwall,,,,,,,,,,,,,,
슬롯,Slot,,,,,,,,,,,,,,
Inertiareel,관성릴,,,,,,,,,,,,,,
Manifest,화물적하목록,,,,,,,,,,,,,,
롤페이퍼,Rollpaper,,,,,,,,,,,,,,
엔트리가이드,Entryguide,,,,,,,,,,,,,,
점보백,Jumbobag,,,,,,,,,,,,,,
벌크,Bulk,,,,,,,,,,,,,,
플레이트,plate,,,,,,,,,,,,,,
Opentop,상부개방,,,,,,,,,,,,,,
벤치,Bench,,,,,,,,,,,,,,
스토핑,Stopping,,,,,,,,,,,,,,
플리퍼,Flipper,,,,,,,,,,,,,,
폐쇠회로TV,CCTV,,,,,,,,,,,,,,
띠장긴장공법,PrestressedWaleMethod,,,,,,,,,,,,,,
긴장,Stressing,,,,,,,,,,,,,,
선행가압,Prejacking,,,,,,,,,,,,,,
PS강선,Prestressedwire,,,,,,,,,,,,,,
낙착률,낙착율,,,,,,,,,,,,,,
텔레스코핑,Telescoping,인상작업,,,,,,,,,,,,,
텔레스코픽케이지,Telescopiccage,,,,,,,,,,,,,,
헬기장,Heliport,,,,,,,,,,,,,,
키락,KeyLock,,,,,,,,,,,,,,
안정성,Stability,,,,,,,,,,,,,,
디비닥타이로드,Dywidagtierod,,,,,,,,,,,,,,
스트롱백,strongback,,,,,,,,,,,,,,
캐리지,Carriage,,,,,,,,,,,,,,
로드핀,loadpin,,,,,,,,,,,,,,
코너캐스트,Cornercast,,,,,,,,,,,,,,
백리치,Backreach,,,,,,,,,,,,,,
헤비듀티스핀들,HeavyDutySpindle,,,,,,,,,,,,,,
HydraulicPump,유압펌프,,,,,,,,,,,,,,
Operatinglever,작동레버,,,,,,,,,,,,,,
Hydraulicoiltank,유압오일탱크,,,,,,,,,,,,,,
oil,오일,,,,,,,,,,,,,,
Fillingpiece,오일보충마개,,,,,,,,,,,,,,
전원소켓,Electricitysocketwithphaseinverther,,,,,,,,,,,,,,
유압호스커플러,Hydraulicquick-coupler,,,,,,,,,,,,,,
로터리필드콘트롤램프,Rataryfieldcontrollamp,,,,,,,,,,,,,,
Oillevelindicator,오일게이지,,,,,,,,,,,,,,
Oilfilter,오일필터,,,,,,,,,,,,,,
Adaptercable,어댑터케이블,,,,,,,,,,,,,,
plugsocket,소켓,,,,,,,,,,,,,,
bar,바,,,,,,,,,,,,,,
cyliner,실린더,,,,,,,,,,,,,,
힌지,Hinge,,,,,,,,,,,,,,
풀린,Unlock,,,,,,,,,,,,,,
Barge,바지선,,,,,,,,,,,,,,
SEP바지선,SelfElevatingPlatform,,,,,,,,,,,,,,
Leg,고정용장치,,,,,,,,,,,,,,
Windlass,윈드라스,,,,,,,,,,,,,,
knot,노트,,,,,,,,,,,,,,
Spark,불꽃,,,,,,,,,,,,,,
프리캐스트,Precast,PC,,,,,,,,,,,,,
독일국립산업안전보건연구원,Bundesanstalt fuer Arbeitsschutz und Arbeitsmedizin,,,,,,,,,,,,,,
독일산업안전전시관,Deutsche fur Arbeitsschutz Ausstellung,,,,,,,,,,,,,,
독일연방물리연구원,Physikalisch-Technisch Bundesanstalt,,,,,,,,,,,,,,
독일전기기술자협회,Verband Deutscher Elektrotechniker,,,,,,,,,,,,,,
독일직업조합중앙회,Hauptverband der Gewerblichen Berufsgenossenschaften,,,,,,,,,,,,,,
돌발성난청,sudden hearing loss,,,,,,,,,,,,,,
돌입전류,inrush current,,,,,,,,,,,,,,
돌출비계,cantilever scaffolding,,,,,,,,,,,,,,
동결공법,freezing method,,,,,,,,,,,,,,
동기기,synchronous electric equipment,,,,,,,,,,,,,,
동기부여 ,motivation,,,,,,,,,,,,,,
동력전달장치,power transmission equipment,,,,,,,,,,,,,,
동력차단장치,power interruption equipment,,,,,,,,,,,,,,
동맥혈 가스분압검사,arterial blood gas analysis,,,,,,,,,,,,,,
동물실험,animal experimentation,,,,,,,,,,,,,,
동상,frostbite,,,,,,,,,,,,,,
동색조화 ,analogous color harmony,,,,,,,,,,,,,,
동위원소 ,radioisotope,,,,,,,,,,,,,,
동작시간,operating time,,,,,,,,,,,,,,
동종재해,accidents of a similar kind,,,,,,,,,,,,,,
동체,"shell, body plate",,,,,,,,,,,,,,
동축케이블,coaxial cable,,,,,,,,,,,,,,
두부외상,head injury,,,,,,,,,,,,,,
"두창, 천연두","smallpox, variola",,,,,,,,,,,,,,
둥근톱 기계,circular sawing machine,,,,,,,,,,,,,,
둥근톱기계의 반발예방장치 ,repulsion-proof device circular sawing machine,,,,,,,,,,,,,,
둥근톱기계의 톱날접촉예방장치,safety device circular sawing machine,,,,,,,,,,,,,,
드래그셔블,drag shovel,,,,,,,,,,,,,,
드럼,drum,,,,,,,,,,,,,,
드럼,drum,,,,,,,,,,,,,,
드럼,drum,,,,,,,,,,,,,,
드레인 피팅,drain fitting,,,,,,,,,,,,,,
드릴기계 ,drilling machine,,,,,,,,,,,,,,
들것,stretcher,,,,,,,,,,,,,,
등가소음레벨 ,equivalent continuous sound pressure level,,,,,,,,,,,,,,
등가회로,equivalent circuit,,,,,,,,,,,,,,
등감곡선,equal loudness contours,,,,,,,,,,,,,,
등받이 울,hoop guard ,,,,,,,,,,,,,,
등분포정하중,uniformly distributed load,,,,,,,,,,,,,,
등전위 본딩,equipotential bonding,,,,,,,,,,,,,,
등전위 접지,equipotential earthing,,,,,,,,,,,,,,
디니트로톨루엔,dinitrotoluene,,,,,,,,,,,,,,
디니트로톨루엔,dinitrotoluene,,,,,,,,,,,,,,
디메틸아닐린,dimethylaniline,,,,,,,,,,,,,,
디메틸아민,dimethylamine,,,,,,,,,,,,,,
디메틸포름아미드,dimethylformamide,,,,,,,,,,,,,,
디메틸포름아미드,dimethylformamide,,,,,,,,,,,,,,
디보틀 네킹,debottlenecking,,,,,,,,,,,,,,
디아니시딘과 그 염,dianisidine its salts,,,,,,,,,,,,,,
디에탄올아민,diethanolamine,,,,,,,,,,,,,,
디에틸 에테르,diethyl ether,,,,,,,,,,,,,,
디에틸렌 트리아민,diethylene triamine,,,,,,,,,,,,,,
디에틸아민,diethylamine,,,,,,,,,,,,,,
디이소부틸 케톤,diisobutyl ketone,,,,,,,,,,,,,,
디젤해머,diesel hammer,,,,,,,,,,,,,,
디지털분진계,digital dust indicator,,,,,,,,,,,,,,
디클로로메탄,dichloromethane,,,,,,,,,,,,,,
디클로로메탄,dichloromethane,,,,,,,,,,,,,,
디클로로벤지딘과 그 염,dichlorobenzidine its salts,,,,,,,,,,,,,,
디클로로플루오로메탄,dichlorofluoromethane,,,,,,,,,,,,,,
디퍼준설선,dipper dredger,,,,,,,,,,,,,,
디하이드록시벤젠,dihydroxybenzene,,,,,,,,,,,,,,
띠장,wale,,,,,,,,,,,,,,
띠톱기계 ,band sawing machine,,,,,,,,,,,,,,
띠톱기계 이송로울러기,guide roller band sawing machine,,,,,,,,,,,,,,
라벨,label,,,,,,,,,,,,,,
라벨링,labelling,,,,,,,,,,,,,,
라이닝,lining,,,,,,,,,,,,,,
라인형 안전관리 ,line system safety management,,,,,,,,,,,,,,
래칫 휘일,ratchet wheel,,,,,,,,,,,,,,
램 ,ram,,,,,,,,,,,,,,
러그,rug,,,,,,,,,,,,,,
런 웨이 ,runway,,,,,,,,,,,,,,
레시버식 후드,receiver-type hood,,,,,,,,,,,,,,
레이노증후군,Raynaud's syndrome,,,,,,,,,,,,,,
레이노현상,Raynaud's phenomenon,,,,,,,,,,,,,,
레이놀드 수,Reynolds number,,,,,,,,,,,,,,
레이드 증기압,Reid vapor pressure,,,,,,,,,,,,,,
레일 클램프,rail clamp,,,,,,,,,,,,,,
레크리에이션 ,recreation,,,,,,,,,,,,,,
렌치,wrench,,,,,,,,,,,,,,
렙토스피라증,leptospirosis,,,,,,,,,,,,,,
로,furnace,,,,,,,,,,,,,,
로그 시트,log sheet,,,,,,,,,,,,,,
검측체크 리스트,punch list,,,,,,,,,,,,,,
검토구간,study node,,,,,,,,,,,,,,
게리,E.H. Gary,,,,,,,,,,,,,,
게이지,gauge,,,,,,,,,,,,,,
게이지 압력 ,gauge pressure,,,,,,,,,,,,,,
게이트 ,gate,,,,,,,,,,,,,,
게이트 가드,gate guard,,,,,,,,,,,,,,
게이트 가드식 안전장치 ,gate guard-type safety device,,,,,,,,,,,,,,
게이트 밸브,gate valve,,,,,,,,,,,,,,
격납실,store room,,,,,,,,,,,,,,
격리기,isolator,,,,,,,,,,,,,,
견갑부,scapula,,,,,,,,,,,,,,
결막궤양,conjunctival ulcer,,,,,,,,,,,,,,
결막수종,chemosis,,,,,,,,,,,,,,
결막염,conjunctivitis,,,,,,,,,,,,,,
결막충혈,conjunctival hyperemia,,,,,,,,,,,,,,
결상보호,open phase protection,,,,,,,,,,,,,,
결상운전,"open phasing, open phase operation",,,,,,,,,,,,,,
결선,connection,,,,,,,,,,,,,,
결손장해,deficit impairment,,,,,,,,,,,,,,
결손치,missing tooth,,,,,,,,,,,,,,
결절성 다발성 동맥염,"polyarteritis nodosa, periarteritis nodosa",,,,,,,,,,,,,,
결함,defect,,,,,,,,,,,,,,
분리기,separator,,,,,,,,,,,,,,
결함수분석,fault tree analysis,,,,,,,,,,,,,,
결핵,tuberculosis,,,,,,,,,,,,,,
경견완증후군,cervicobrachial syndrome,,,,,,,,,,,,,,
경계구역,supervisory zone,,,,,,,,,,,,,,
경고표지,warning sign,,,,,,,,,,,,,,
경구감염,oral infection,,,,,,,,,,,,,,
경구투여,oral medication,,,,,,,,,,,,,,
경년열화,elapsed degradation,,,,,,,,,,,,,,
경동선,solid copper wire,,,,,,,,,,,,,,
경량골재,lightweight aggregate,,,,,,,,,,,,,,
경량지보빔,lightweight timbering beam,,,,,,,,,,,,,,
경량철골,lightweight steel structure,,,,,,,,,,,,,,
경미사고,minor accident,,,,,,,,,,,,,,
경보,alarm,,,,,,,,,,,,,,
경보설비,alarm system,,,,,,,,,,,,,,
경보장치,alarm device,,,,,,,,,,,,,,
경사,grade,,,,,,,,,,,,,,
경사각,tilt angle,,,,,,,,,,,,,,
경상,slight injury,,,,,,,,,,,,,,
경영과 안전,management safety,,,,,,,,,,,,,,
경제적 손실,economical loss,,,,,,,,,,,,,,
경질비닐 전선관,plastic conduit,,,,,,,,,,,,,,
경청 ,attentive listening,,,,,,,,,,,,,,
경추보호대,cervical collar,,,,,,,,,,,,,,
경판,end plate,,,,,,,,,,,,,,
경피증,"pachyderma, scleroderma",,,,,,,,,,,,,,
경향성,proneness,,,,,,,,,,,,,,
경험 상관성 ,interrelation experience,,,,,,,,,,,,,,
계기용 변류기,current transformer,,,,,,,,,,,,,,
계기용 변성기,instrument transformer,,,,,,,,,,,,,,
계기용 변압기,potential transformer,,,,,,,,,,,,,,
계단참,stair landing,,,,,,,,,,,,,,
계량탱크,"measuring tank, metering tank",,,,,,,,,,,,,,
계열동작 ,serial movement,,,,,,,,,,,,,,
계장,measurement,계측,측정,,,,,,,,,,,,
계전기,relay,,,,,,,,,,,,,,
계전기 시험기,relay tester,,,,,,,,,,,,,,
계측감시,instrument surveillance,,,,,,,,,,,,,,
계측장치,instrumentation equipment,,,,,,,,,,,,,,
계측제어,measuring control,,,,,,,,,,,,,,
계통오차,systematic error,,,,,,,,,,,,,,
계통접지,system grounding,,,,,,,,,,,,,,
고기압,high pressure,,,,,,,,,,,,,,
고단백혈증,hyperproteinemia,,,,,,,,,,,,,,
고독성물질,highly toxic material,,,,,,,,,,,,,,
고리걸이용구,hitch tool,,,,,,,,,,,,,,
고산병,altitude sickness,,,,,,,,,,,,,,
고성능 액체 크로마토그래피,high performance liquid cromatography,,,,,,,,,,,,,,
고소작업,high place work,,,,,,,,,,,,,,
고소작업대,aerial work platform,,,,,,,,,,,,,,
고속회전체,high-speed rotator,,,,,,,,,,,,,,
고압가스,high pressure gas,,,,,,,,,,,,,,
고압신경 증후군,high-pressure nervous syndrome,,,,,,,,,,,,,,
고압작업,high atmospheric pressure work,,,,,,,,,,,,,,
고열작업,high-temperature work,,,,,,,,,,,,,,
고열작업장소,hot environment workplace,,,,,,,,,,,,,,
고열장해,heat disorders,,,,,,,,,,,,,,
고용형태,type employment,,,,,,,,,,,,,,
고유대지저항,earth resistance,,,,,,,,,,,,,,
고유저항,specific resisitance,,,,,,,,,,,,,,
고장률,failure rate,,,,,,,,,,,,,,
고장시 안전,fail-safe,,,,,,,,,,,,,,
고장시간,failure time,,,,,,,,,,,,,,
고장전류,fault current,,,,,,,,,,,,,,
고장전압,fault voltage,,,,,,,,,,,,,,
고장형태에 따른 영향 분석,failure modes effects analysis,,,,,,,,,,,,,,
고저수위조절장치,level contoller,,,,,,,,,,,,,,
고정식 지붕탱크,cone roof tank,,,,,,,,,,,,,,
고조파,high harmonic,,,,,,,,,,,,,,
고주파,high frequency,,,,,,,,,,,,,,
고지중지단백콜레스테롤,High-density lipoprotein cholesterol,,,,,,,,,,,,,,
고지혈증,hyperlipidemia,,,,,,,,,,,,,,
고체채취방법 ,solid sampling method,,,,,,,,,,,,,,
고콜레스테롤혈증,hypercholesterolemia,,,,,,,,,,,,,,
고혈압,hypertension,,,,,,,,,,,,,,
고혈압성 뇌증,hypertensive encephalopathy,,,,,,,,,,,,,,
기준,standard,,,,,,,,,,,,,,
고혈압성 망막증,hypertensive retinopathy,,,,,,,,,,,,,,
곡률반경,radius curvature,,,,,,,,,,,,,,
곡물분진,grain dust,,,,,,,,,,,,,,
곤봉지,clubbed finger,,,,,,,,,,,,,,
곤충 및 동물매개 감염병,insects animal-borne infection,,,,,,,,,,,,,,
골괴사,osteonecrosis,,,,,,,,,,,,,,
골다공증,osteoporosis,,,,,,,,,,,,,,
골도 청력역치,bone conduction threshold,,,,,,,,,,,,,,
골도전도,bone conduction,,,,,,,,,,,,,,
골수기능장해,"myelopathy, bone marrow disorders",,,,,,,,,,,,,,
공공안전,public safety,,,,,,,,,,,,,,
공기 ,air,,,,,,,,,,,,,,
공기공급식 호흡용 보호구,supplied-air respirator,,,,,,,,,,,,,,
공기그라인더 ,"pneumatic grinder, air grinder",,,,,,,,,,,,,,
공기매개 감염병,airborne infectious disease,공기감염매개병,감염병,공기매개감염병,,,,,,,,,,,
공기매개감염인자,airborne infectious agent,,,,,,,,,,,,,,
공기선도,psychrometric chart,,,,,,,,,,,,,,
공기압축기 ,air compressor,,,,,,,,,,,,,,
공기역학적 직경,aerodynamic diameter,,,,,,,,,,,,,,
공기예열기 ,air preheater,,,,,,,,,,,,,,
공기정화설비,air cleaner system,,,,,,,,,,,,,,
공기청정장치,air cleaner equipment,,,,,,,,,,,,,,
공기필터 ,air filter,,,,,,,,,,,,,,
공기호흡기,air respirator,,,,,,,,,,,,,,
공동 도급체 ,consortium contract,,,,,,,,,,,,,,
공동구,utility tunnel (utility corridor),,,,,,,,,,,,,,
공시료,blank sample,,,,,,,,,,,,,,
공시료 신호값,blank sample signal (background signal),,,,,,,,,,,,,,
공작기계 ,machine tool,,,,,,,,,,,,,,
공작물 ,"structure, building",,,,,,,,,,,,,,
공장밀봉형,factory sealed type,,,,,,,,,,,,,,
공정 개략도,process outline diagram,,,,,,,,,,,,,,
공정 흐름도,process flow diagram,,,,,,,,,,,,,,
공정도,process flow diagram,,,,,,,,,,,,,,
공정배관계장도,piping & instrumentation diagram,,,,,,,,,,,,,,
공정변수,process variable,,,,,,,,,,,,,,
공정안전관리,process safety management,,,,,,,,,,,,,,
공정안전자료,process safety information,,,,,,,,,,,,,,
공정위험성평가서,process hazard analysis report,,,,,,,,,,,,,,
공정제어 ,process control,,,,,,,,,,,,,,
공중합체,copolymer,,,,,,,,,,,,,,
공통접지,common grounding,,,,,,,,,,,,,,
공학적 대책,engineering control,,,,,,,,,,,,,,
과각화증,hyperkeratosis,,,,,,,,,,,,,,
과도직류전류,direct current offset,,,,,,,,,,,,,,
과로,overwork,,,,,,,,,,,,,,
과민반응,hypersensitivity,,,,,,,,,,,,,,
과민성물질,hypersensitive substances,,,,,,,,,,,,,,
과민성폐렴,hypersensitivity pneumonitis,,,,,,,,,,,,,,
과부하,overload,,,,,,,,,,,,,,
과부하 보호,overload protection,,,,,,,,,,,,,,
과부하방지장치,overload limiter,,,,,,,,,,,,,,
과산화물,peroxide,,,,,,,,,,,,,,
과산화수소,hydrogen peroxide,,,,,,,,,,,,,,
과산화수소,hydrogen peroxide,,,,,,,,,,,,,,
과산화수소,hydrogen peroxide,,,,,,,,,,,,,,
과잉행동,hyperactivity,,,,,,,,,,,,,,
과전류,overcurrent,,,,,,,,,,,,,,
과전류 계전기,overcurrent relay,,,,,,,,,,,,,,
과전류 보호장치,overcurrent protector,,,,,,,,,,,,,,
과전류 차단기,overcurrent circuit breaker,,,,,,,,,,,,,,
과전압,overvoltage,,,,,,,,,,,,,,
과전압 계전기,overvoltage relay,,,,,,,,,,,,,,
과전압 보호,overvoltage protection,,,,,,,,,,,,,,
과학적 관리법,scientific management,,,,,,,,,,,,,,
관능판정 ,sensory investigation,,,,,,,,,,,,,,
관로식,pipeline form,,,,,,,,,,,,,,
관류보일러 ,once-through boiler,,,,,,,,,,,,,,
관리농도,action level,,,,,,,,,,,,,,
관리시스템,management system,,,,,,,,,,,,,,
관상동맥경화증,coronary sclerosis (atherosclerosis),,,,,,,,,,,,,,
관상동맥성 심장질환,coronary heart disease,,,,,,,,,,,,,,
관절염,arthritis,,,,,,,,,,,,,,
관찰,observation,,,,,,,,,,,,,,
관형 열교환기,tubular heat exchanger,,,,,,,,,,,,,,
광과민성,photosensitivity,,,,,,,,,,,,,,
광과민성피부염,"photosensitive dermatitis, photodermatitis",,,,,,,,,,,,,,
광도 ,luminous intensity,,,,,,,,,,,,,,
광물성 분진,mineral dust,,,,,,,,,,,,,,
광학성 안염,photophthalmia,,,,,,,,,,,,,,
교과과정 ,curriculum,,,,,,,,,,,,,,
교대 근무제,shift work system,,,,,,,,,,,,,,
교류아크용접기,alternating current arc welders,,,,,,,,,,,,,,
교류전원,alternating current,,,,,,,,,,,,,,
교반기 ,agitator,,,,,,,,,,,,,,
교반장치,"agitating machine, agitator",,,,,,,,,,,,,,
교육기법 ,teaching method,,,,,,,,,,,,,,
교육매체,educational media,,,,,,,,,,,,,,
교육평가,educational evaluation,,,,,,,,,,,,,,
교정망상 적혈구수,corrected reticulocyte count,,,,,,,,,,,,,,
교차가새,cross bracing,,,,,,,,,,,,,,
교차반응,cross reaction,,,,,,,,,,,,,,
교통안전,transportation safety,,,,,,,,,,,,,,
교환적재,switch loading,,,,,,,,,,,,,,
구내 운반차,platform truck,,,,,,,,,,,,,,
구름 베어링,ball roller bearing,,,,,,,,,,,,,,
구리 ,copper,,,,,,,,,,,,,,
구분도,sectional diagram,,,,,,,,,,,,,,
구열성 피부염,fissure dermatitis,,,,,,,,,,,,,,
구진,papule,,,,,,,,,,,,,,
구형탱크,spherical tank,,,,,,,,,,,,,,
국가질량감독검험검역총국,"General Administration Quality Supervision, Inspection Quarantine People's Republic China",,,,,,,,,,,,,,
국소배기장치,local ventilation equipment,,,,,,,,,,,,,,
국제노동기구,International Labour Organization,,,,,,,,,,,,,,
국제노동보호법제협회,International Association Legal Protection Workers,,,,,,,,,,,,,,
국제노동통계전문가회의 ,International Conference Labour Statisticians,,,,,,,,,,,,,,
국제사회보장협회,International Social Security Association,,,,,,,,,,,,,,
국제산업보건학회,International Occupational Safety and Health Information Centre,,,,,,,,,,,,,,
국제산업안전보건정보센터,International Occupational Safety Health Information Centre,,,,,,,,,,,,,,
국제안전보건전시회,Korea International Safety & Health Show,,,,,,,,,,,,,,
국제자유노동조합연맹,International Confederation Free Trade Unions,,,,,,,,,,,,,,
국제전기표준위원회,International Electrotechnical Commission,,,,,,,,,,,,,,
국제표준화기구,International Organization Standardization,,,,,,,,,,,,,,
굴뚝 효과,stack effect,,,,,,,,,,,,,,
굴착공사,excavation,,,,,,,,,,,,,,
굴착면,excavation face,,,,,,,,,,,,,,
굴착용 기계,excavation equipment,,,,,,,,,,,,,,
권고기준,recommendable standards,,,,,,,,,,,,,,
권과방지장치,overwinding protector,,,,,,,,,,,,,,
권상용 도르래,lifting sheave,,,,,,,,,,,,,,
권상용 와이어로프,lifting wire rope,,,,,,,,,,,,,,
권상장치 ,winding device,,,,,,,,,,,,,,
권상하중,hoisting load,,,,,,,,,,,,,,
궤도,"railway, rail track",,,,,,,,,,,,,,
궤도안정기,track stabilizer,,,,,,,,,,,,,,
궤양,ulcer,,,,,,,,,,,,,,
궤양성 구내염,ulcerative stomatitis,,,,,,,,,,,,,,
귀덮개 ,earmuffs,,,,,,,,,,,,,,
귀마개,earplugs,,,,,,,,,,,,,,
규정수량,provision quantity,,,,,,,,,,,,,,
균열,fissure,,,,,,,,,,,,,,
그래브 버킷,grab bucket,,,,,,,,,,,,,,
그래브 준설선,grab dredger ,,,,,,,,,,,,,,
그랜드 패킹,grand packing,,,,,,,,,,,,,,
그리퍼 피더 ,gripper feeder,,,,,,,,,,,,,,
그린우드 비균등 재해분포 ,Greenwood's distribution unequal liability,,,,,,,,,,,,,,
기준값,reference value,,,,,,,,,,,,,,
그린우드 우연 빈도분포 ,greenwood's simple chance distribution,,,,,,,,,,,,,,
극상근 증후군,supraspinatus syndrome,,,,,,,,,,,,,,
극저주파,extremely low frequency,,,,,,,,,,,,,,
근골격계 부담작업,musculoskeletal system-related work,근골격계부담작업,근골부담,,,,,,,,,,,,
근골격계 질환,musculoskeletal disorders,근골격계질환,근골질환,,,,,,,,,,,,
근골격계질환 예방관리프로그램,prevention program musculoskeletal disorders,carrying out prevention management program musculoskeletal disorders ,,,,,,,,,,,,,
근로감독관,labor supervisor,,,,,,,,,,,,,,
근로기준법,Labor Standards Act,,,,,,,,,,,,,,
근로손실일수,lost work days,,,,,,,,,,,,,,
근로시간 ,working hour,,,,,,,,,,,,,,
근로의욕 ,"employee morale, will work",,,,,,,,,,,,,,
근로자,worker,,,,,,,,,,,,,,
근로조건,"working condition, terms employment",,,,,,,,,,,,,,
근로형태,type work,,,,,,,,,,,,,,
근무력증,myatonia,,,,,,,,,,,,,,
근원적 분석,cause analysis,,,,,,,,,,,,,,
근입장,penetration depth,,,,,,,,,,,,,,
근전도 검사,electromyography,,,,,,,,,,,,,,
글로브 밸브,globe valve,,,,,,,,,,,,,,
글로브·박스형 후드,glove box-type hood,,,,,,,,,,,,,,
글로우 방전,glow discharge,,,,,,,,,,,,,,
글루타르알데히드,glutaraldehyde,,,,,,,,,,,,,,
글루타르알데히드,glutaraldehyde,,,,,,,,,,,,,,
금속,metal,,,,,,,,,,,,,,
금속 가공유,metalworking fluids,,,,,,,,,,,,,,
금속류,metals,,,,,,,,,,,,,,
금속열,metal (fume) fever,,,,,,,,,,,,,,
금속제 전선관,rigid metal conduit,,,,,,,,,,,,,,
금수성물질,water-reactive materials,,,,,,,,,,,,,,
금형,"metal mold, die",,,,,,,,,,,,,,
급기·배기환기장치,push-pull ventilator,,,,,,,,,,,,,,
급성간염,acute hepatitis,,,,,,,,,,,,,,
급성기관지염,acute bronchitis,,,,,,,,,,,,,,
급성방사선증후군,acute radiation syndrome,,,,,,,,,,,,,,
급정지시험 ,emergency stop test,,,,,,,,,,,,,,
급정지장치 ,emergency stop device,,,,,,,,,,,,,,
기갑실 ,airlock room,,,,,,,,,,,,,,
기계식 브레이크 ,mechanical brake,,,,,,,,,,,,,,
기계식 환기,mechanical ventilation,,,,,,,,,,,,,,
기계적 에너지,mechanical energy,,,,,,,,,,,,,,
기관지과민성,bronchial hyperresponsiveness,,,,,,,,,,,,,,
기관지염,bronchitis,,,,,,,,,,,,,,
기관지유발과민반응검사,bronchial provocation test,,,,,,,,,,,,,,
기관지확장증,bronchiectasis,,,,,,,,,,,,,,
기기 이력 카드,instrument history card,,,,,,,,,,,,,,
기기 접지도체,equipment grounding conductor,,,,,,,,,,,,,,
기능장애,dysfunction,,,,,,,,,,,,,,
기능절연,basic insulation,,,,,,,,,,,,,,
기능접지,functional earthing,,,,,,,,,,,,,,
기도전도,air conduction,,,,,,,,,,,,,,
기도저항검사,airway resistance test,,,,,,,,,,,,,,
기도청력역치,air conduction threshold,,,,,,,,,,,,,,
기동기,starter,,,,,,,,,,,,,,
기동전류,"starting current, inrush",,,,,,,,,,,,,,
기밀시험,leak test ,,,,,,,,,,,,,,
기반암,bedrock,,,,,,,,,,,,,,
기복장치 ,derricking device,,,,,,,,,,,,,,
기수분리기,vapor liquid separator,,,,,,,,,,,,,,
기술,technology,,,,,,,,,,,,,,
기압,atmospheric pressure,,,,,,,,,,,,,,
기압조절실,air pressure control room,,,,,,,,,,,,,,
기어,gear,,,,,,,,,,,,,,
기온·습도측정 ,temperature humidity measurement,,,,,,,,,,,,,,
기왕증,medical history,,,,,,,,,,,,,,
기인물,original cause material,,,,,,,,,,,,,,
기저부하,base load,,,,,,,,,,,,,,
기저질환,underlying disease,,,,,,,,,,,,,,
기적,room space/volume,,,,,,,,,,,,,,
기전력,electromotive force,,,,,,,,,,,,,,
기존 질병,underlying disease,,,,,,,,,,,,,,
기준대지,reference earth,,,,,,,,,,,,,,
기준실험실,reference laboratory,,,,,,,,,,,,,,
기준충격 절연강도,basic impulse insulation level,,,,,,,,,,,,,,
기중방전,air discharge,,,,,,,,,,,,,,
기중차단기,air circuit breaker,,,,,,,,,,,,,,
기초,"foundation, footing",,,,,,,,,,,,,,
기초공법,foundation practice,,,,,,,,,,,,,,
기초공사용 기계,machine foundation work,,,,,,,,,,,,,,
기초굴착,base excavation,,,,,,,,,,,,,,
기초대사량 ,basal metabolic rate,,,,,,,,,,,,,,
기타 도전부,other conductive parts,,,,,,,,,,,,,,
기하평균,geometric mean,,,,,,,,,,,,,,
기하표준편차,geometric standard deviation,,,,,,,,,,,,,,
기흉,pneumothorax,,,,,,,,,,,,,,
긴급방출장치 ,emergency emission (release) equipment,,,,,,,,,,,,,,
긴급보전 ,emergency maintenance,,,,,,,,,,,,,,
긴급차단밸브 ,emergency shut-off valve,,,,,,,,,,,,,,
깔판,"planking, decking",,,,,,,,,,,,,,
꼬임,strand,,,,,,,,,,,,,,
꽂음접속기형 누전차단기,plug-in type earth leakage breaker,꽂음접속기형누전차단기,plug-in type earth leakage circuit breaker ,Plug-in type earth leakage circuit breaker ,,,,,,,,,,,
끝점,end point,,,,,,,,,,,,,,
"나도체, 나선",bare conductor,,,,,,,,,,,,,,
나이프 스위치,knife switch,,,,,,,,,,,,,,
낙뢰,lightning,,,,,,,,,,,,,,
낙반,"rock falling, fall roof mine",,,,,,,,,,,,,,
낙하,falling,,,,,,,,,,,,,,
낙하방지장치,governor,,,,,,,,,,,,,,
난연,flame resistance,,,,,,,,,,,,,,
난연성,flame-retardant ,,,,,,,,,,,,,,
난청,hearing loss,,,,,,,,,,,,,,
납 및 그 무기화합물,lead its inorganic compounds,,,,,,,,,,,,,,
내부표준물질,internal reference material,,,,,,,,,,,,,,
내분비계,endocrine system,,,,,,,,,,,,,,
내압방폭,explosion-proof enclosure,,,,,,,,,,,,,,
내압시험,internal pressure test,,,,,,,,,,,,,,
내이염,otitis interna,,,,,,,,,,,,,,
내인성천식,intrinsic asthma,,,,,,,,,,,,,,
내장탈,enterocolitis,,,,,,,,,,,,,,
내화구조,fire proofing structure,,,,,,,,,,,,,,
내화물,refractories,,,,,,,,,,,,,,
냉각부하검사,cold provocation test,,,,,,,,,,,,,,
냉각설비,cooling facilities,,,,,,,,,,,,,,
냉각응축 채취방법,cooling condensation sampling method,,,,,,,,,,,,,,
냉각탑,cooling tower,,,,,,,,,,,,,,
냉동고,freezer,,,,,,,,,,,,,,
냉동기,refrigerating machine,,,,,,,,,,,,,,
냉동능력,refrigeration ability,,,,,,,,,,,,,,
냉장고,refrigerator,,,,,,,,,,,,,,
널말뚝,sheet pile,,,,,,,,,,,,,,
노동강도,labor intensity,,,,,,,,,,,,,,
노동과학 ,labor science,,,,,,,,,,,,,,
노동력 인구,labor force,,,,,,,,,,,,,,
노동재해,industrial accident,,,,,,,,,,,,,,
노동환경 ,working environment,,,,,,,,,,,,,,
노력성폐활량,forced vital capacity,,,,,,,,,,,,,,
노르웨이선급협회,det norske veritas,,,,,,,,,,,,,,
노무관리 ,personnel labor management,,,,,,,,,,,,,,
노사협의회,labor-management council,,,,,,,,,,,,,,
노출,exposure,,,,,,,,,,,,,,
노출 도전부,exposed conductive parts,,,,,,,,,,,,,,
노출경로,exposure process,,,,,,,,,,,,,,
노출기준,exposure limits,occupational exposure limits,,,,,,,,,,,,,
노출지수,exposure index,,,,,,,,,,,,,,
녹아웃 드럼,knockout drum,,,,,,,,,,,,,,
농업용 기계,agricultural machinery,,,,,,,,,,,,,,
뇌경색,cerebral infarction,,,,,,,,,,,,,,
뇌부종,cerebral edema,,,,,,,,,,,,,,
뇌서어지,lightning surge,,,,,,,,,,,,,,
뇌섬락,lightning flashover,,,,,,,,,,,,,,
뇌신경계,cranial nerve system,,,,,,,,,,,,,,
뇌실질내출혈,intracerebral hemorrhage,,,,,,,,,,,,,,
뇌염,encephalitis,,,,,,,,,,,,,,
뇌전류,lightning current,,,,,,,,,,,,,,
뇌졸중,stroke,,,,,,,,,,,,,,
뇌출혈,cerberal hemorrhage,,,,,,,,,,,,,,
누름버튼스위치,push button switch,,,,,,,,,,,,,,
누설보상방식,pressurization with leakage compensation,,,,,,,,,,,,,,
누설전류,leakage current,,,,,,,,,,,,,,
누적노출량,cumulative exposure dose,,,,,,,,,,,,,,
누전차단기,residual-current device,,,,,,,,,,,,,,
누전차단기용 테스터,residual-current device tester,,,,,,,,,,,,,,
누출원,leak source,,,,,,,,,,,,,,
눈부심 ,glare,,,,,,,,,,,,,,
눈의 피로 ,eye strain,,,,,,,,,,,,,,
늑막비후,pleural thickening,,,,,,,,,,,,,,
다공도,porosity,,,,,,,,,,,,,,
다단압축기,multistage compressor,,,,,,,,,,,,,,
다발성 경화증,multiple sclerosis,,,,,,,,,,,,,,
다발성 골수종,multiple myeloma,,,,,,,,,,,,,,
다발성 뇌경색증,multiple cerebral infarction,,,,,,,,,,,,,,
다발성 말초신경병변,multiple peripheral neuropathy,,,,,,,,,,,,,,
다습,high humidity,,,,,,,,,,,,,,
다운스트림,downstream,,,,,,,,,,,,,,
다이높이 ,die height,,,,,,,,,,,,,,
단관비계,steel pipe scaffolding,,,,,,,,,,,,,,
단권변압기,auto-transformer,,,,,,,,,,,,,,
단독,erysipelas,,,,,,,,,,,,,,
단독접지,isolated earthing,,,,,,,,,,,,,,
단락,short circuit,,,,,,,,,,,,,,
단락비,short-circuit ratio,,,,,,,,,,,,,,
단락전류,short-circuit current,,,,,,,,,,,,,,
단락접지기구,earthing short circuiting equipment,,,,,,,,,,,,,,
단락환,end ring,,,,,,,,,,,,,,
단락흔,short-circuit mark,,,,,,,,,,,,,,
단로기,disconnecting switch,,,,,,,,,,,,,,
단백뇨,proteinuria,,,,,,,,,,,,,,
단상운전,single phasing,,,,,,,,,,,,,,
단선결선도,single-line diagram,,,,,,,,,,,,,,
단순반복작업,monotonous repetitive work,,,,,,,,,,,,,,
단시간 노출기준,short-term exposure limit,STEL,,,,,,,,,,,,,
단시간 작업,short-term work,,,,,,,,,,,,,,
단시간 정격,short-time rating,,,,,,,,,,,,,,
단열압축,adiabatic compression,,,,,,,,,,,,,,
단위공정,unit process,,,,,,,,,,,,,,
단위공정,unit process,,,,,,,,,,,,,,
단위작업장소,unit workplace,,,,,,,,,,,,,,
단자대,terminal block,,,,,,,,,,,,,,
단자전압,terminal voltage,,,,,,,,,,,,,,
단체협약,collective agreement,,,,,,,,,,,,,,
단투형 개폐기,single throw switch,,,,,,,,,,,,,,
달기기구,lifting equipment,,,,,,,,,,,,,,
달기체인,hanging chain,,,,,,,,,,,,,,
달비계,suspended scaffolds,,,,,,,,,,,,,,
담도질환,biliary tract disease,,,,,,,,,,,,,,
담액증,biliousness,,,,,,,,,,,,,,
당뇨병,diabetes mellitus,,,,,,,,,,,,,,
당뇨병성 신증,diabetic nephropathy,,,,,,,,,,,,,,
대기압,atmospheric pressure,,,,,,,,,,,,,,
대기압 탱크,atmospheric pressure tank,,,,,,,,,,,,,,
대기오염 ,air pollution,,,,,,,,,,,,,,
대기오염물질 ,air pollutant,,,,,,,,,,,,,,
대만산업안전보건협회,The Chinese Taipei Industrial Safety Health Association,,,,,,,,,,,,,,
대사 ,metabolism,,,,,,,,,,,,,,
대사산물,metabolite,,,,,,,,,,,,,,
대사성산증,metabolic acidosis,,,,,,,,,,,,,,
대응,responsiveness,,,,,,,,,,,,,,
대전방지제,antistatic agent ,,,,,,,,,,,,,,
대지저항률,soil resistivity,,,,,,,,,,,,,,
대지전압,earth/ground voltage,,,,,,,,,,,,,,
대칭전류,symmetrical current,,,,,,,,,,,,,,
대칭좌표,symmetrical coordinates,,,,,,,,,,,,,,
대패기계,wood planing machine,,,,,,,,,,,,,,
대패기계 날 접촉예방장치,saw-blade contact prevention device wood planing machine,,,,,,,,,,,,,,
대표치,representative value,,,,,,,,,,,,,,
대한건설협회,Construction Association Korea,,,,,,,,,,,,,,
대한산업보건협회,Korean Industrial Health Association,,,,,,,,,,,,,,
대한산업안전협회,Korea Industrial Safety Association,,,,,,,,,,,,,,
대한전문건설협회,Korea Specialty Contractors Association,,,,,,,,,,,,,,
댐퍼,damper,,,,,,,,,,,,,,
덕트 ,duct,,,,,,,,,,,,,,
덕트속도,duct velocity,,,,,,,,,,,,,,
덤프,dump,,,,,,,,,,,,,,
덮개 ,cover,,,,,,,,,,,,,,
데릭 ,derrick,,,,,,,,,,,,,,
데시벨 ,decibel,,,,,,,,,,,,,,
데이터 시트,data sheet,,,,,,,,,,,,,,
도갱,heading,,,,,,,,,,,,,,
도괴,collapse,붕괴,destruction,,,,,,,,,,,,
도금작업,plating work,,,,,,,,,,,,,,
도급사업,contract business,subcontractor's work,,,,,,,,,,,,,
도랑파기,trench excavation,,,,,,,,,,,,,,
도미노이론,domino theory,,,,,,,,,,,,,,
도수율,inquiry frequency rate,,,,,,,,,,,,,,
도시가스사업법,urban gas business act ,,,,,,,,,,,,,,
도장,"coating, painting",,,,,,,,,,,,,,
도전복,conductive clothes,,,,,,,,,,,,,,
도전성 분진,conductive dust,,,,,,,,,,,,,,
도전율,conductivity,,,,,,,,,,,,,,
도체,conductor,,,,,,,,,,,,,,
도화선,blasting fuse,,,,,,,,,,,,,,
독성간염,toxic hepatitis,,,,,,,,,,,,,,
독성물질,toxicant,,,,,,,,,,,,,,
독일공업규격 ,Deutsche Industrie Normen,,,,,,,,,,,,,,
메틸 이소부틸 케톤,methyl isobutyl ketone,,,,,,,,,,,,,,
메틸 클로라이드,methyl chloride,,,,,,,,,,,,,,
메틸 클로로포름,methyl chloroform,,,,,,,,,,,,,,
메틸렌 비스페닐 이소시아네이트,methylene bisphenyl isocyanate,,,,,,,,,,,,,,
메틸마뇨산,methylhippuric acid,,,,,,,,,,,,,,
메틸시클로헥사놀,methylcyclohexanol,,,,,,,,,,,,,,
메틸시클로헥사놀,methylcyclohexanol,,,,,,,,,,,,,,
메틸아민,methylamine,,,,,,,,,,,,,,
메틸아민,methylamine,,,,,,,,,,,,,,
메틸알코올,methyl alcohol,,,,,,,,,,,,,,
메틸알코올,methyl alcohol,,,,,,,,,,,,,,
면 분진,cotton dust,,,,,,,,,,,,,,
면속도,face velocity,,,,,,,,,,,,,,
명순응 ,light adaptation,,,,,,,,,,,,,,
명예산업안전감독관,honorary industry safety supervisor,,,,,,,,,,,,,,
모니터링,monitoring,,,,,,,,,,,,,,
모따기 기계의 날접촉예방장치,safety device chamfering machine,,,,,,,,,,,,,,
모떼기기계 ,chamfering machine,,,,,,,,,,,,,,
모멘트 리미터,moment limiter,,,,,,,,,,,,,,
모방반사동작 ,emulating reflex action,,,,,,,,,,,,,,
모선,busbar,,,,,,,,,,,,,,
모세혈관확장증,telangiectasia,,,,,,,,,,,,,,
모터 그레이더,motor grader,,,,,,,,,,,,,,
모터카,motor car,,,,,,,,,,,,,,
목 분진,wood dust,,,,,,,,,,,,,,
목책,wood fence/picket/barricade,,,,,,,,,,,,,,
몰드방폭,mold explosion-proof,,,,,,,,,,,,,,
몰드변압기,mold transformer,,,,,,,,,,,,,,
몽골노동보호추진협회,Mongolian Labour Protection Movement,,,,,,,,,,,,,,
몽골노동사회복지부,Ministry Social Welfare Labour,,,,,,,,,,,,,,
무 재해 운동의 지도자,Leader disaster-free movement,,,,,,,,,,,,,,
무결점 운동,zero defects movement,,,,,,,,,,,,,,
무기분석,inorganic analysis,,,,,,,,,,,,,,
무기절연 케이블,mineral insulated metal sheathed cable,,,,,,,,,,,,,,
무기폐,atelectasis,,,,,,,,,,,,,,
무선간섭,radio interference,,,,,,,,,,,,,,
무선원격 제어기,remote controller,,,,,,,,,,,,,,
무수 말레인산,maleic anhydride,,,,,,,,,,,,,,
무수 초산,acetic anhydride,,,,,,,,,,,,,,
무수 초산,acetic anhydride,,,,,,,,,,,,,,
무재해목표달성,accident-free goal achievement,,,,,,,,,,,,,,
무정전 전원공급장치,uninterruptable power supply,,,,,,,,,,,,,,
무조건 반사 ,unconditioned reflex,,,,,,,,,,,,,,
무지 ,ignorance,,,,,,,,,,,,,,
무질병,disease-free,,,,,,,,,,,,,,
무혈성골괴사,avascular necrosis,,,,,,,,,,,,,,
무효전력,reactive power,,,,,,,,,,,,,,
문제해결방법 ,problem solution,,,,,,,,,,,,,,
문진,"history taking, inquiry",,,,,,,,,,,,,,
묻힘형,sunk type,,,,,,,,,,,,,,
물리적 인자,physical agents,,,,,,,,,,,,,,
물리적 폭발,physical explosion,,,,,,,,,,,,,,
물리탐사,physical investigation,,,,,,,,,,,,,,
물적손실 ,property loss,,,,,,,,,,,,,,
물질대사 ,metabolism,,,,,,,,,,,,,,
물질수지,mass balance,,,,,,,,,,,,,,
물질안전보건자료,material safety data sheets,msds,MSDS,,,,,,,,,,,,
물체이동금지,prohibition object movement,,,,,,,,,,,,,,
뮤콘산,muconic acid,,,,,,,,,,,,,,
미국 화학사고 조사위원회,U.S Chemical Safety Hazard Investigation Board,,,,,,,,,,,,,,
미국기계기술자학회,American Society Mechanical Engineers,,,,,,,,,,,,,,
미국노동통계청,Bureau Labor Statistics,,,,,,,,,,,,,,
미국산업안전보건청,Occupational Safety Health Administration,OSHA,,,,,,,,,,,,,
미국산업위생전문가협의회,American Conference Governmental Industrial Hygienists,,,,,,,,,,,,,,
미국산업위생학회,American Industrial Hygiene Association,,,,,,,,,,,,,,
미국석유학회,American Petroleum Institute,,,,,,,,,,,,,,
미국안전기술자학회,American Society Safety Engineers,,,,,,,,,,,,,,
미국자율안전프로그램,Voluntary Protection Programs,,,,,,,,,,,,,,
미국표준협회,American National Standard Institute,,,,,,,,,,,,,,
미국화재보험협회연구소,Underwriters Laboratories Inc,,,,,,,,,,,,,,
미끄럼 ,"slip, sliding",,,,,,,,,,,,,,
미끄럼 베어링,"sliding bearing, plain bearing, metal bearing",,,,,,,,,,,,,,
미나마타병,minamata disease,,,,,,,,,,,,,,
미란,erosion,,,,,,,,,,,,,,
미스트 ,mist,,,,,,,,,,,,,,
밀폐공간,confined space,,,,,,,,,,,,,,
밀폐공간보건작업프로그램,health working program confined spaces,healthy work program confined space ,,,,,,,,,,,,,
바륨 및 그 가용성 화합물,barium soluble compounds,,,,,,,,,,,,,,
바세도우씨병,Basedow's disease,,,,,,,,,,,,,,
바이러스성간염,viral hepatitis,,,,,,,,,,,,,,
바이오리듬,biorhythm,,,,,,,,,,,,,,
바이오에어로졸,bioaerosols,,,,,,,,,,,,,,
바탕보정,background correction,,,,,,,,,,,,,,
박무,mist,,,,,,,,,,,,,,
반,patch,,,,,,,,,,,,,,
반감기,half-life,,,,,,,,,,,,,,
반단면 굴착,half-section excavation,,,,,,,,,,,,,,
반송속도,transport velocity,,,,,,,,,,,,,,
반수 치사량,lethal dose 50,,,,,,,,,,,,,,
반응 메커니즘,reaction mechanism,,,,,,,,,,,,,,
반응기,chemical reactor,,,,,,,,,,,,,,
반응성 화학물질,reactive chemicals,,,,,,,,,,,,,,
반응속도,reaction velocity,,,,,,,,,,,,,,
반응시간,reaction time,,,,,,,,,,,,,,
반응열,heat reaction,,,,,,,,,,,,,,
반장,group leader,,,,,,,,,,,,,,
반점,macule,,,,,,,,,,,,,,
반흔,"scar, cicatrix ",,,,,,,,,,,,,,
발끝막이판,toe board,,,,,,,,,,,,,,
발생로가스,producer gas,,,,,,,,,,,,,,
발암성물질,carcinogen,,,,,,,,,,,,,,
발연관,smoke tube,,,,,,,,,,,,,,
발열반응,exothermic reaction,,,,,,,,,,,,,,
발전설비,power generation facilities,,,,,,,,,,,,,,
발진,rash,,,,,,,,,,,,,,
발파,blast,,,,,,,,,,,,,,
발파작업,blasting work,,,,,,,,,,,,,,
발판,plate,,,,,,,,,,,,,,
발화성,ignitability,,,,,,,,,,,,,,
발화성물질,ignitable material,,,,,,,,,,,,,,
방독 마스크 ,gas mask,,,,,,,,,,,,,,
방망,protective net,,,,,,,,,,,,,,
방사선,"radioactive rays, radiation",,,,,,,,,,,,,,
방사선 관리구역,radiation area requiring specific controls,,,,,,,,,,,,,,
방사선 전문의,radiologist,,,,,,,,,,,,,,
방사선증,radiation syndrome,,,,,,,,,,,,,,
방사선폐렴,radiation pneumonitis,,,,,,,,,,,,,,
방사선피부염,radiodermatitis,,,,,,,,,,,,,,
방사선피부장해,radiation-induced skin damage,,,,,,,,,,,,,,
방사선화상,radiation burn,,,,,,,,,,,,,,
방사성물질,radioactive materials,,,,,,,,,,,,,,
방사저항,radiation resistance,,,,,,,,,,,,,,
방심,carelessness,,,,,,,,,,,,,,
방어운전 ,defensive driving,,,,,,,,,,,,,,
방열복,heat protective clothing,,,,,,,,,,,,,,
방유제,dike,,,,,,,,,,,,,,
방음보호구,hearing protector,,,,,,,,,,,,,,
방재,prevention disasters,,,,,,,,,,,,,,
방지대책,prevention measure,,,,,,,,,,,,,,
방진,dust protection,,,,,,,,,,,,,,
방진,"vibration-proof, vibration isolation ",,,,,,,,,,,,,,
방진마스크 ,dust respirator,,,,,,,,,,,,,,
방책(防柵),stockade,,,,,,,,,,,,,,
방출,discharge,,,,,,,,,,,,,,
방향성 과전류계전기,directional overcurrent relay,,,,,,,,,,,,,,
방향족화합물,aromatic compounds,,,,,,,,,,,,,,
방호,protection,,,,,,,,,,,,,,
방호망,protective net,,,,,,,,,,,,,,
방호선반,protection rack,,,,,,,,,,,,,,
방호외함,protective enclosure,,,,,,,,,,,,,,
방호울,protective fence,,,,,,,,,,,,,,
방호장치,protective equipment,,,,,,,,,,,,,,
방호장치명세서,protective equipment detail,,,,,,,,,,,,,,
방호조치,"protective measures, protection management",,,,,,,,,,,,,,
방화벽,fire wall,,,,,,,,,,,,,,
배관 호칭경,pipe nominal diameter,,,,,,,,,,,,,,
배관응력,pipe stress,,,,,,,,,,,,,,
배기구,exhaust port,,,,,,,,,,,,,,
배기기구,air exhauster,,,,,,,,,,,,,,
배소,roasting,,,,,,,,,,,,,,
배수밸브,drain valve,,,,,,,,,,,,,,
배압밸브,back pressure valve,,,,,,,,,,,,,,
배전반,"panelboard, switchboard",,,,,,,,,,,,,,
배전설비,distribution facilities,,,,,,,,,,,,,,
배전용 변압기,distribution transformer,,,,,,,,,,,,,,
비점,boiling point,,,,,,,,,,,,,,
배출시설,"relieving establishment, discharge facilities, exhaust equipment",,,,,,,,,,,,,,
배출용량,relieving capacity,,,,,,,,,,,,,,
배치도,layout,,,,,,,,,,,,,,
백금 및 가용성 염,platinum soluble salts,,,,,,,,,,,,,,
백내장,cataract,,,,,,,,,,,,,,
백레스트 ,back rest,,,,,,,,,,,,,,
백반증,vitiligo,,,,,,,,,,,,,,
백색잡음,white noise,,,,,,,,,,,,,,
백석면,chrysotile,,,,,,,,,,,,,,
백선,"dermatophytosis, ringworm",,,,,,,,,,,,,,
백업시스템 ,back-up system,,,,,,,,,,,,,,
백연,white lead,,,,,,,,,,,,,,
백필터,bag filter,,,,,,,,,,,,,,
백혈구 감소증,leukopenia,,,,,,,,,,,,,,
백혈구 백분율,differential white cell count,,,,,,,,,,,,,,
백혈구수,white blood cell count,,,,,,,,,,,,,,
백혈병,leukemia,,,,,,,,,,,,,,
밴드 브레이크 ,band brake,,,,,,,,,,,,,,
밸러스트 콤팩터,ballast compactor,,,,,,,,,,,,,,
버럭,muck,,,,,,,,,,,,,,
버킷,bucket,,,,,,,,,,,,,,
버팀대,"strut, brace",,,,,,,,,,,,,,
버팀목,support wood,,,,,,,,,,,,,,
버프연마기 ,buffing machine,,,,,,,,,,,,,,
벌개제근,clearing grubbing,,,,,,,,,,,,,,
벌목작업,felling operation,,,,,,,,,,,,,,
벌채,tree trimming,,,,,,,,,,,,,,
벌칙,penal clauses,,,,,,,,,,,,,,
벌크,bulk,,,,,,,,,,,,,,
범혈구 감소증,"pancytopenia, panhematopenia",,,,,,,,,,,,,,
법 기준 ,act standards,,,,,,,,,,,,,,
법랑,enamel,,,,,,,,,,,,,,
법적책임,legal responsibility/liability,,,,,,,,,,,,,,
베릴륨,beryllium,,,,,,,,,,,,,,
베릴륨,beryllium,,,,,,,,,,,,,,
베릴륨 동합금 ,beryllium copper compounds,,,,,,,,,,,,,,
베트남 노동보훈사회부,"Ministry Labour, Invalids Social Affairs",,,,,,,,,,,,,,
벤더 패키지,vendor package,,,,,,,,,,,,,,
벤젠,benzene,,,,,,,,,,,,,,
벤젠,benzene,,,,,,,,,,,,,,
벤젠,benzene,,,,,,,,,,,,,,
벤조트리클로리드,benzotrichloride,,,,,,,,,,,,,,
벤트,vent,,,,,,,,,,,,,,
벤트스택 ,vent stack,,,,,,,,,,,,,,
벨로우즈형 안전밸브,balanced bellows safety valve,,,,,,,,,,,,,,
벨트 ,belt,,,,,,,,,,,,,,
벨트 이동장치,belt shifter,,,,,,,,,,,,,,
벨트 컨베이어 ,belt conveyor,,,,,,,,,,,,,,
벽연결,wall connection,월브레이싱,wall bracing,벽이음,,,,,,,,,,,
변경관리,management change,,,,,,,,,,,,,,
변경관리위원회,alteration management committee,,,,,,,,,,,,,,
변경요소 ,changing element,,,,,,,,,,,,,,
변류기,current transformer,,,,,,,,,,,,,,
변압비,transformation ratio,,,,,,,,,,,,,,
변이계수,coefficient variation,,,,,,,,,,,,,,
변이원성 물질,mutagenic substance ,,,,,,,,,,,,,,
변이원성 시험,mutagenicity testing,,,,,,,,,,,,,,
병렬운전,parallel operation transformer,,,,,,,,,,,,,,
병렬접지,parallel grounding,,,,,,,,,,,,,,
병류,parallel flow,,,,,,,,,,,,,,
병목,bottleneck,,,,,,,,,,,,,,
병원체,"pathogen, pathogenic organism",,,,,,,,,,,,,,
보건관리 대행기관,vicarious health management institution,,,,,,,,,,,,,,
보건관리자,health manager,,,,,,,,,,,,,,
보건교육 ,health education,,,,,,,,,,,,,,
보건기준 ,health standards,,,,,,,,,,,,,,
보건상의 조치,measures health,,,,,,,,,,,,,,
보건시설,health institution,,,,,,,,,,,,,,
보링,boring,,,,,,,,,,,,,,
보상 코스트 ,compensation cost,,,,,,,,,,,,,,
보상도선,compensating cable ,,,,,,,,,,,,,,
보안경 ,goggles,,,,,,,,,,,,,,
보온재,insulation material,,,,,,,,,,,,,,
보일러 ,boiler,,,,,,,,,,,,,,
보일링,boiling,,,,,,,,,,,,,,
보일오버,boil over,,,,,,,,,,,,,,
보전 ,maintenance,,,,,,,,,,,,,,
보전도 ,maintainability,,,,,,,,,,,,,,
보전업무 ,maintenance work,,,,,,,,,,,,,,
보전율 ,maintenance ratio,,,,,,,,,,,,,,
보전조직 ,maintenance organization,,,,,,,,,,,,,,
보조지주,assistance support,,,,,,,,,,,,,,
보충공기,replacement/makeup air,,,,,,,,,,,,,,
보팔사고,"Bhopal disaster, Bhopal gas tragedy",,,,,,,,,,,,,,
보폭전압,step voltage,,,,,,,,,,,,,,
보행금지,walking prohibited,,,,,,,,,,,,,,
보험비용,insurance cost,,,,,,,,,,,,,,
보호 앞치마,protective apron,,,,,,,,,,,,,,
보호구,protector,personal protective equipment (ppe),protective equipment,PPE,안전보호구,,,,,,,,,,
보호구 검정,certification protective equipment,,,,,,,,,,,,,,
보호구 점검,inspection protective equipment,,,,,,,,,,,,,,
산재보험요율,industrial accident compensation insurance premium rate,,,,,,,,,,,,,,
산화 방지제,antioxidant,,,,,,,,,,,,,,
산화 아연,zinc oxide,,,,,,,,,,,,,,
산화마그네슘,magnesium oxide,,,,,,,,,,,,,,
산화성물질,"oxidizer, oxidizing agent",,,,,,,,,,,,,,
산화에틸렌,ethylene oxide,,,,,,,,,,,,,,
산화에틸렌,ethylene oxide,,,,,,,,,,,,,,
산화에틸렌,ethylene oxide,,,,,,,,,,,,,,
산화제,oxidizing agent,,,,,,,,,,,,,,
산화철 분진과 흄,iron oxide dust fume,,,,,,,,,,,,,,
살모넬라균 ,salmonella,,,,,,,,,,,,,,
살충제 ,insecticide,,,,,,,,,,,,,,
삼수소화  비소,arsine,,,,,,,,,,,,,,
상 분리,phase separation,,,,,,,,,,,,,,
상가작용,additive effect,,,,,,,,,,,,,,
상간전압,phase-to-phase voltage,,,,,,,,,,,,,,
상과염,epicondylitis,,,,,,,,,,,,,,
상당인과관계,proximate causal relation,,,,,,,,,,,,,,
상대 에너지 대사율,relative metabolic rate,,,,,,,,,,,,,,
아토피,atopy,,,,,,,,,,,,,,
상대습도,relative humidity,,,,,,,,,,,,,,
상대위험순위 결정지수,Dow Mond indices,,,,,,,,,,,,,,
상방형 후드,canopy-type hood,,,,,,,,,,,,,,
상변화,phase change,,,,,,,,,,,,,,
상부난간대,upper guard rail,,,,,,,,,,,,,,
상부도르래,upper pulley,,,,,,,,,,,,,,
상부틀,upper frame,,,,,,,,,,,,,,
상시근로자,regular worker,,,,,,,,,,,,,,
상완부,upper arm,,,,,,,,,,,,,,
상용주파방전개시전압,power frequency spark-over voltage,,,,,,,,,,,,,,
상전이,phase transition,,,,,,,,,,,,,,
상해 ,injury,,,,,,,,,,,,,,
상해부위,injured area,,,,,,,,,,,,,,
상해형태,injury type,,,,,,,,,,,,,,
상회전,phase rotation,,,,,,,,,,,,,,
새들,"saddle, end carriage",,,,,,,,,,,,,,
색기준 표시 ,color standard indication,,,,,,,,,,,,,,
색소침착,pigmentation,,,,,,,,,,,,,,
색신,color vision,,,,,,,,,,,,,,
색온도,color temperature,,,,,,,,,,,,,,
색전증,embolism,,,,,,,,,,,,,,
색채조절 ,color conditioning,,,,,,,,,,,,,,
생물학적 모니터링,biological monitoring,,,,,,,,,,,,,,
생물학적 반감기,biological half-life,,,,,,,,,,,,,,
생물학적노출기준,biological exposure indices,,,,,,,,,,,,,,
생물학적노출지표,biological exposure indices,,,,,,,,,,,,,,
생산성과 안전,productivity safety,,,,,,,,,,,,,,
생산손실,production loss,,,,,,,,,,,,,,
생식기장해,reproductive system disorder,,,,,,,,,,,,,,
생식독성물질,reproductive toxicity,,,,,,,,,,,,,,
생체지표물질,biological determinant,,,,,,,,,,,,,,
샤클,shackle,,,,,,,,,,,,,,
샤클,shackle,,,,,,,,,,,,,,
샤클,shackle,,,,,,,,,,,,,,
서맥,bradycardia,,,,,,,,,,,,,,
서비스펙터,service factor,,,,,,,,,,,,,,
서지,surge,,,,,,,,,,,,,,
서징,surging,,,,,,,,,,,,,,
석면,asbestos,,,,,,,,,,,,,,
석면,asbestos,,,,,,,,,,,,,,
석면소체,asbestos body,,,,,,,,,,,,,,
석면폐,asbestosis,,,,,,,,,,,,,,
석영분진,quartz dust,,,,,,,,,,,,,,
석탄건류가스,coal dry distillation gas,,,,,,,,,,,,,,
선간전압,line voltage,,,,,,,,,,,,,,
선로 ,railroad,,,,,,,,,,,,,,
선로개폐기,line switch,,,,,,,,,,,,,,
선반,lathe,,,,,,,,,,,,,,
선반,lathe,,,,,,,,,,,,,,
선취의 원칙,principle preoccupation,,,,,,,,,,,,,,
선형가속기,linear accelerator,,,,,,,,,,,,,,
선회장치,slewing device,,,,,,,,,,,,,,
설계 압력,design pressure,,,,,,,,,,,,,,
설계검사,design inspection,,,,,,,,,,,,,,
설계온도,design temperature,,,,,,,,,,,,,,
설비배치도,facility floor plan,,,,,,,,,,,,,,
설비신뢰도 중심의 정비,reliability-centered maintenance,,,,,,,,,,,,,,
설비용량,installed capacity,,,,,,,,,,,,,,
설정압력,set pressure,,,,,,,,,,,,,,
설정치,set point,,,,,,,,,,,,,,
섬락,flashover,,,,,,,,,,,,,,
성격검사,personality test,,,,,,,,,,,,,,
성능검사,efficiency performance test,,,,,,,,,,,,,,
성능검사신청서,application performance inspection,,,,,,,,,,,,,,
성능검정,performance official approval (testing),,,,,,,,,,,,,,
성능검정 합격증,certification performance approval ,,,,,,,,,,,,,,
성토,soil filling,,,,,,,,,,,,,,
세계보건기구,World Health Organization,,,,,,,,,,,,,,
보호기체,protective gas,,,,,,,,,,,,,,
보호기체순환방식,pressurization with continuous flow protective gas,,,,,,,,,,,,,,
보호등급,protection level,,,,,,,,,,,,,,
보호망,protection net,,,,,,,,,,,,,,
보호범위,zones protection,,,,,,,,,,,,,,
보호복 ,protective clothing,,,,,,,,,,,,,,
보호용 접지,protective conductor,,,,,,,,,,,,,,
보호장화,safety boots,,,,,,,,,,,,,,
보호크림 ,protective cream,,,,,,,,,,,,,,
보호협조,protection coordination,,,,,,,,,,,,,,
복공,lining,,,,,,,,,,,,,,
복구,"rehabilitation, recovery",,,,,,,,,,,,,,
복사열,"radiant heat, thermal radiation",,,,,,,,,,,,,,
복수방식,dual type,,,,,,,,,,,,,,
복합비료,composite fertilizer,,,,,,,,,,,,,,
본드선,bond wire,,,,,,,,,,,,,,
본딩,bonding,,,,,,,,,,,,,,
본질안전,intrinsic safety,,,,,,,,,,,,,,
볼 밸브,ball valve,,,,,,,,,,,,,,
볼텍스관,vortex tube,,,,,,,,,,,,,,
봉소염,cellulitis,,,,,,,,,,,,,,
봉소직염,phlegmon,,,,,,,,,,,,,,
봉인,sealing,,,,,,,,,,,,,,
부가절연,supplementary insulation,,,,,,,,,,,,,,
부동침하,differential settlement,,,,,,,,,,,,,,
부동크레인,"pontoon crane, floating crane",,,,,,,,,,,,,,
부비동,paranasal sinus,,,,,,,,,,,,,,
부산물,by-products,,,,,,,,,,,,,,
부상,injury,,,,,,,,,,,,,,
부석,fragmented rock,,,,,,,,,,,,,,
부스식 배기장치,booth-type ventilation equipment,,,,,,,,,,,,,,
부스식 후드,booth-type hood,,,,,,,,,,,,,,
부스터,booster,,,,,,,,,,,,,,
부식,corrosion,,,,,,,,,,,,,,
부식방지제,corrosion inhibitor,,,,,,,,,,,,,,
부식성물질,corrosive materials,,,,,,,,,,,,,,
부식여유,corrosion allowance,,,,,,,,,,,,,,
부식율,corrosion rate,,,,,,,,,,,,,,
부싱,bushing,,,,,,,,,,,,,,
부유식 지붕탱크,floating roof tank,,,,,,,,,,,,,,
부적태도 ,unsuitable attitude,,,,,,,,,,,,,,
부정맥,arrhythmia,,,,,,,,,,,,,,
부족전압 계전기,undervoltage relay,,,,,,,,,,,,,,
부족전압 보호장치,undervoltage protector,,,,,,,,,,,,,,
부주의 ,inattention,,,,,,,,,,,,,,
부하개폐기,load break switch,,,,,,,,,,,,,,
부하분담,load sharing,,,,,,,,,,,,,,
분광광도계,spectrophotometer,,,,,,,,,,,,,,
분기회로,branch circuit,,,,,,,,,,,,,,
분당 행정수,stroke per minute,,,,,,,,,,,,,,
분당 회전수,revolutions per minute,rpm,,,,,,,,,,,,,
분말소화설비,powder fire extinguisher,,,,,,,,,,,,,,
분배계수,partition coefficient,,,,,,,,,,,,,,
분산,dispersion,,,,,,,,,,,,,,
분산모델,dispersion model,,,,,,,,,,,,,,
분산제어 시스템,distribution control system,,,,,,,,,,,,,,
분석오차,analysis error,,,,,,,,,,,,,,
분석정도관리,quality control program chemical analysis,,,,,,,,,,,,,,
분석회수율,analytical recovery,,,,,,,,,,,,,,
분쇄기,"disintegrator, granulator, crusher, pulverizer",,,,,,,,,,,,,,
분쇄기,"disintegrator, granulator, crusher, pulverizer",,,,,,,,,,,,,,
분쇄기,"disintegrator, granulator, crusher, pulverizer",,,,,,,,,,,,,,
분쇄기,"disintegrator, granulator, crusher, pulverizer",,,,,,,,,,,,,,
분압,partial pressure,,,,,,,,,,,,,,
"분전반, 배전반","panelboard, distribution board, switchboard",,,,,,,,,,,,,,
분진,dust,,,,,,,,,,,,,,
분진작업,dust-generating work,,,,,,,,,,,,,,
분진포집(채취)효율시험,dust collection efficiency test,,,,,,,,,,,,,,
분진폭발 ,dust explosion,,,,,,,,,,,,,,
분해연소,destructive combustion,,,,,,,,,,,,,,
불꽃광검출기,flame photometric detector,,,,,,,,,,,,,,
불꽃이온화검출기,flame ionization detector,,,,,,,,,,,,,,
불도저,bulldozer,,,,,,,,,,,,,,
불량,bad quality,,,,,,,,,,,,,,
불받이 포,fire blanket,,,,,,,,,,,,,,
불법행위,illegal action,,,,,,,,,,,,,,
불안전 위치 ,unsafe position,,,,,,,,,,,,,,
불안전한 상태 ,unsafe condition,,,,,,,,,,,,,,
불안전한 행동 ,unsafe act,,,,,,,,,,,,,,
불안전행위 범주 ,category unsafe act,,,,,,,,,,,,,,
불연성재료,incombustible material,,,,,,,,,,,,,,
불완전연소,incomplete combustion,,,,,,,,,,,,,,
불활성가스 ,inert gas,,,,,,,,,,,,,,
불활성기체,inert gas,,,,,,,,,,,,,,
붐 ,boom,붐대,,,,,,,,,,,,,
브레이스,brace,,,,,,,,,,,,,,
브레이싱,bracing,,,,,,,,,,,,,,
브레이크,brake,,,,,,,,,,,,,,
브레인스토오밍 기법,brainstorming,,,,,,,,,,,,,,
브롬화수소,hydrogen bromide,,,,,,,,,,,,,,
브롬화수소,hydrogen bromide,,,,,,,,,,,,,,
브루셀라증,brucellosis,,,,,,,,,,,,,,
브리더 밸브 ,breather valve,,,,,,,,,,,,,,
브이-벨트풀리 ,V-belt pulley,,,,,,,,,,,,,,
블랭크,blank,,,,,,,,,,,,,,
블로우다운,blowdown,,,,,,,,,,,,,,
비경검사,rhinoscopy,,,,,,,,,,,,,,
비계,scaffold,scaffolding,,,,,,,,,,,,,
비계발판,scaffold board,,,,,,,,,,,,,,
비뇨기계,urinary system,,,,,,,,,,,,,,
비누거품기,soap bubble flowmeter,,,,,,,,,,,,,,
비닐 아세테이트,vinyl acetate,,,,,,,,,,,,,,
비등,boiling,,,,,,,,,,,,,,
비래,flying object,,,,,,,,,,,,,,
비만,obesity,,,,,,,,,,,,,,
비만도,obesity index,,,,,,,,,,,,,,
비맥동,ripple-free,,,,,,,,,,,,,,
비산,arsenic acid,,,,,,,,,,,,,,
비상 조명설비,emergency lighting equipment,,,,,,,,,,,,,,
비상경보설비,emergency warning equipment,,,,,,,,,,,,,,
비상구,fire exit,,,,,,,,,,,,,,
비상대응계획수립지침(ERPG),Emergency Response Planning Guideline,,,,,,,,,,,,,,
비상대피,emergency evacuation,,,,,,,,,,,,,,
비상등,emergency light,,,,,,,,,,,,,,
비상발전기,emergency generator,,,,,,,,,,,,,,
비상벨,emergency bell,,,,,,,,,,,,,,
비상용계단,emergency stairway,,,,,,,,,,,,,,
비상운전,emergency operation,,,,,,,,,,,,,,
비상전용 수전설비,emergency power supply equipment ,,,,,,,,,,,,,,
비상전원,emergency power source,,,,,,,,,,,,,,
비상정지,emergency stop,,,,,,,,,,,,,,
비상정지 장치 ,emergency stop apparatus,,,,,,,,,,,,,,
비상조치계획,emergency planning response,,,,,,,,,,,,,,
비상콘센트,emergency socket(consent),,,,,,,,,,,,,,
비상통로,emergency exit,,,,,,,,,,,,,,
산소-엘피지 용접,oxy-LPG welding,,,,,,,,,,,,,,
비소 및 그 무기화합물,arsenic its inorganic compounds,,,,,,,,,,,,,,
비열 ,specific heat,,,,,,,,,,,,,,
비예측적 성격,unpredictable personality/character,,,,,,,,,,,,,,
비용편익분석,cost-benefit analysis,,,,,,,,,,,,,,
비접지계통,underground system,,,,,,,,,,,,,,
비접지도선,underground conductor,,,,,,,,,,,,,,
비접지회로,isolated circuit,,,,,,,,,,,,,,
비정규직 근로자,temporary employee,,,,,,,,,,,,,,
비정상작업,abnormal operation,,,,,,,,,,,,,,
비중 ,specific gravity,,,,,,,,,,,,,,
비중격궤양,nasal septal ulceration,,,,,,,,,,,,,,
비중격천공,septal perforation,,,,,,,,,,,,,,
비협조적 성향 ,uncooperative attitude ,,,,,,,,,,,,,,
비활성기체,inert gas,,,,,,,,,,,,,,
빈도율,frequency rate,,,,,,,,,,,,,,
빈맥(頻脈),tachycardia,,,,,,,,,,,,,,
빈혈,anemia,,,,,,,,,,,,,,
빌딩 관련 질환,building-related illness,,,,,,,,,,,,,,
빌딩 증후군,sick building syndrome,,,,,,,,,,,,,,
빌리루빈혈증,bilirubinemia,,,,,,,,,,,,,,
"사건, 사고","event, accident ",incident,,,,,,,,,,,,,
사건수 분석,event tree analysis,,,,,,,,,,,,,,
사고 상상,accident imagination,,,,,,,,,,,,,,
사고 시나리오,accident scenario,,,,,,,,,,,,,,
사고결과 분석,accident consequence analysis,,,,,,,,,,,,,,
사고발생상황,accident occurrence situation,,,,,,,,,,,,,,
사고발생원인,accident causes,,,,,,,,,,,,,,
사고분석,accident analysis,,,,,,,,,,,,,,
사고비율,accident rate,,,,,,,,,,,,,,
사고빈발성,accident proneness,,,,,,,,,,,,,,
사고사례,accident case,,,,,,,,,,,,,,
사고예방,accident prevention,,,,,,,,,,,,,,
사고예상 질문분석,What-if Analysis,,,,,,,,,,,,,,
사고조사,accident investigation,,,,,,,,,,,,,,
사고편향,overvalued idea,,,,,,,,,,,,,,
사내교육,in-house education,,,,,,,,,,,,,,
사다리,ladder,,,,,,,,,,,,,,
사다리식 통로,ladder-type passage,ladder pathways,사다리 통로,사다리통로,,,,,,,,,,,
사망률,fatality rate,,,,,,,,,,,,,,
사망만인율,"fatality rate per 10,000 people",,,,,,,,,,,,,,
사망재해율,fatal accident rate,,,,,,,,,,,,,,
사면안정,slope stability,,,,,,,,,,,,,,
사무실,office,,,,,,,,,,,,,,
사무실 공기 관리기준,indoor air quality criteria,,,,,,,,,,,,,,
사무실 오염물질,indoor contaminants,,,,,,,,,,,,,,
사스,Severe Acute Respiratory Syndrome,SARS,,,,,,,,,,,,,
사암,sandstone,,,,,,,,,,,,,,
사업장,workplace,,,,,,,,,,,,,,
사업주 ,employer,,,,,,,,,,,,,,
사업주 안전보건책무 ,employer's responsibility safety health,,,,,,,,,,,,,,
사염화탄소,carbon tetrachloride,,,,,,,,,,,,,,
사염화탄소,carbon tetrachloride,,,,,,,,,,,,,,
사염화탄소,carbon tetrachloride,,,,,,,,,,,,,,
사용금지,use prohibition,,,,,,,,,,,,,,
사용자,employer,,,,,,,,,,,,,,
사용전압,service voltage,,,,,,,,,,,,,,
사이리스터,thyristor,,,,,,,,,,,,,,
사이크로트론,cyclotron,,,,,,,,,,,,,,
사이클론 ,cyclone,,,,,,,,,,,,,,
사이폰 관,siphon tube,,,,,,,,,,,,,,
사이폰 치환,siphon purging,,,,,,,,,,,,,,
"사일로, 저장탑",silo,,,,,,,,,,,,,,
사출 성형기 ,injection molding machine,,,,,,,,,,,,,,
사회적 외향성 ,social extroversion,,,,,,,,,,,,,,
사회적 적응 ,social adjustment,,,,,,,,,,,,,,
사후관리,"follow-up management, post- management",,,,,,,,,,,,,,
산류,acid,,,,,,,,,,,,,,
산소결핍증,anoxia,,,,,,,,,,,,,,
산소농도측정기,oxygen indicator,,,,,,,,,,,,,,
산소독성,oxygen toxicity,,,,,,,,,,,,,,
산소마스크,oxygen mask,,,,,,,,,,,,,,
산소-아세틸렌 용접 ,"oxyacetylene welding, gas welding ",,,,,,,,,,,,,,
산소호흡기,oxygen breathing apparatus,,,,,,,,,,,,,,
산술평균,arithmetic mean,,,,,,,,,,,,,,
산업공학,Industrial Engineering,,,,,,,,,,,,,,
산업보건,industrial health,,,,,,,,,,,,,,
산업분류,classification industry,,,,,,,,,,,,,,
산업심리,industrial psychology,,,,,,,,,,,,,,
산업안전 ,industrial safety,,,,,,,,,,,,,,
산업안전 홍보대사,occupational safety health ambassador,,,,,,,,,,,,,,
산업안전감독 ,occupational safety supervisor,,,,,,,,,,,,,,
산업안전교육원 ,Occupational Safety Health Training Institute,,,,,,,,,,,,,,
산업안전기사,safety engineer,,,,,,,,,,,,,,
산업안전보건강조주간,occupational safety health week,,,,,,,,,,,,,,
산업안전보건관리비,industrial safety heath management cost,cost occupational safety health management,산업안전관리비,안전관리비,보건관리비,산업안전보건관리비,,,,,,,,,
산업안전보건법,industrial safety health act,,,,,,,,,,,,,,
산업안전보건연구원 ,Occupational Safety Health Research Institute,,,,,,,,,,,,,,
산업안전보건위원회,safety health committee,산업안전위원회,산업보건위원회,산안위,산업안전 위원회,,,,,,,,,,
산업안전보건정책심의위원회,Industrial Safety Health Policy Deliberation Committee,,,,,,,,,,,,,,
산업안전위생지도사,industrial safety hygiene consultant,,,,,,,,,,,,,,
산업안전의 노래,occupation safety song,,,,,,,,,,,,,,
산업안전지도사,industrial safety consultant,,,,,,,,,,,,,,
산업용 로봇 ,industrial robot,,,,,,,,,,,,,,
산업용 로봇의 교시,teaching industrial robots,confirming robot operation status,,,,,,,,,,,,,
산업용 로봇의 기억용량,storage capacity industrial robots,,,,,,,,,,,,,,
산업용 로봇의 매니퓰레이터,manipulator industrial robot,,,,,,,,,,,,,,
산업용 로봇의 시퀸스 제어장치,sequence controller industrial robots,,,,,,,,,,,,,,
산업위생,industrial hygiene,,,,,,,,,,,,,,
산업위생지도사,industrial hygiene consultant,,,,,,,,,,,,,,
산업의학,industrial medicine,,,,,,,,,,,,,,
산업재해 ,industrial accident,,,,,,,,,,,,,,
산업재해 비용,costs occupational accidents ,,,,,,,,,,,,,,
산업재해 은폐,industrial accident suppression,,,,,,,,,,,,,,
산업재해 통계,industrial accident statistics,,,,,,,,,,,,,,
산업재해보상,industrial accident compensation,,,,,,,,,,,,,,
산업재해보상보험,industrial accident compensation insurance,,,,,,,,,,,,,,
산업재해보상보험 및 예방기금,industrial accident compensation insurance prevention fund,,,,,,,,,,,,,,
산업재해보상보험법,industrial accident compensation insurance act,,,,,,,,,,,,,,
산업재해예방계획,industrial accident prevention plan,,,,,,,,,,,,,,
산업재해율,industrial accident rate,,,,,,,,,,,,,,
산업재해조사 업무처리규정,industrial accident investigation protocol,,,,,,,,,,,,,,
산업환기 ,industrial ventilation,,,,,,,,,,,,,,
산재보상 ,industrail accident compensation,,,,,,,,,,,,,,
산재보험급여,industrial accident compensation insurance benefits,,,,,,,,,,,,,,
로그정규분포,log-normal distribution,,,,,,,,,,,,,,
로더,loader,,,,,,,,,,,,,,
로더,loader,,,,,,,,,,,,,,
로드센터,load center,,,,,,,,,,,,,,
로울 피이더,roll feeder,,,,,,,,,,,,,,
로울러,roller,,,,,,,,,,,,,,
로울러기의 급정지장치,emergency stop device roller,,,,,,,,,,,,,,
로터미터,rotameter,,,,,,,,,,,,,,
로프 슬링,rope sling,,,,,,,,,,,,,,
로프스,rollover protection structure,,,,,,,,,,,,,,
록볼트,rock bolt,,,,,,,,,,,,,,
"록아웃, 테그아웃",lock-out/tag-out ,,,,,,,,,,,,,,
루멘,lumen,,,,,,,,,,,,,,
루버,louver,,,,,,,,,,,,,,
루프,roof,,,,,,,,,,,,,,
루프 실드,roof shield,,,,,,,,,,,,,,
류마티스성 관절염,rheumatoid arthritis,,,,,,,,,,,,,,
류마티스성 질환,rheumatic disease,,,,,,,,,,,,,,
리더십 ,leadership,,,,,,,,,,,,,,
리밋스위치,limit switch,,,,,,,,,,,,,,
리뱀핑,revamping,,,,,,,,,,,,,,
리셉터클,receptacle,,,,,,,,,,,,,,
리스제 ,lease system,,,,,,,,,,,,,,
리액턴스,reactance,,,,,,,,,,,,,,
리차드슨 수,Richardson number,,,,,,,,,,,,,,
리콜,recall,,,,,,,,,,,,,,
릴레이,relay,,,,,,,,,,,,,,
릴리이프 밸브,relief valve,,,,,,,,,,,,,,
링크 ,link,,,,,,,,,,,,,,
링크장치,link works,,,,,,,,,,,,,,
마뇨산,hippuric acid,,,,,,,,,,,,,,
마쇄기/미분기,pulverizer,,,,,,,,,,,,,,
마스크식 잠수기,diving apparatus,,,,,,,,,,,,,,
마스트,mast,,,,,,,,,,,,,,
마슬로의 인간욕구 6단계 설,Maslow's hierarchy needs,,,,,,,,,,,,,,
마제형 단면,horseshoe-shaped section,,,,,,,,,,,,,,
마찰계수,coefficient friction,,,,,,,,,,,,,,
막여과지,membrane filter,,,,,,,,,,,,,,
막장,blind end(front) mine gallery,,,,,,,,,,,,,,
만능공구 연삭기 ,universal tool grinding machine,,,,,,,,,,,,,,
만델산,mandelic acid,,,,,,,,,,,,,,
만성간염,chronic hepatitis,,,,,,,,,,,,,,
만성결절성음영,chronic nodular opacity,,,,,,,,,,,,,,
만성기관지염,chronic bronchitis,,,,,,,,,,,,,,
만성소모성질환,chronic consumption disease,,,,,,,,,,,,,,
만성소모성질환,chronic consumption disease,,,,,,,,,,,,,,
만성폐쇄성폐질환,chronic obstructive pulmonary disease,,,,,,,,,,,,,,
만성피로 ,chronic fatigue,,,,,,,,,,,,,,
말구,"tip end, tip",,,,,,,,,,,,,,
말뚝,pile,파일,,,,,,,,,,,,,
말레익 언하이드라이드 ,maleic anhydride,,,,,,,,,,,,,,
말림,entanglement,,,,,,,,,,,,,,
말초동맥질환,peripheral artery disease,,,,,,,,,,,,,,
말초순환,peripheral circulation,,,,,,,,,,,,,,
말초순환장애,peripheral vascular disorder,,,,,,,,,,,,,,
말초신경,peripheral nerves,,,,,,,,,,,,,,
말초신경계,peripheral nervous system,,,,,,,,,,,,,,
말초신경염,peripheral neuritis,,,,,,,,,,,,,,
말초신경장해,"peripheral nerve disorder, peripheral neuropathy",,,,,,,,,,,,,,
말초혈액도말검사,peripheral blood smear,,,,,,,,,,,,,,
망간  및 그 무기화합물,manganese its inorganic compounds,,,,,,,,,,,,,,
망간중독증,"manganism, manganese poisoning",,,,,,,,,,,,,,
망상적혈구수,reticulocyte count,,,,,,,,,,,,,,
망상전극,mesh electrode,,,,,,,,,,,,,,
망상접지,mesh earthing,,,,,,,,,,,,,,
맞대기 용접,butt welding,,,,,,,,,,,,,,
매니퓰레이터,manipulator,,,,,,,,,,,,,,
매설물,buried object ,,,,,,,,,,,,,,
맨홀,manhole,,,,,,,,,,,,,,
맹판,blind flange,,,,,,,,,,,,,,
먹킹적재기,mucking loader,,,,,,,,,,,,,,
먼지,dust,,,,,,,,,,,,,,
멈춤나사 ,"set screw, blind screw ",,,,,,,,,,,,,,
멍에,yoke,,,,,,,,,,,,,,
"메니에르증후군, 메니에르병",Meniere's disease,,,,,,,,,,,,,,
메신저 와이어,messenger wire,,,,,,,,,,,,,,
메타콜린유발시험,methacholine provocation (challenge) test,,,,,,,,,,,,,,
메트헤모글로빈,methemoglobin,,,,,,,,,,,,,,
메틸 노말부틸 케톤,methyl n-butyl ketone,,,,,,,,,,,,,,
메틸 노말아밀 케톤,methyl n-amyl ketone,,,,,,,,,,,,,,
메틸 에틸 케톤,methyl ethyl ketone,,,,,,,,,,,,,,
열탈진,heat exhaustion,,,,,,,,,,,,,,
열평형방정식,heat balance equation (Thermal equilibrium),,,,,,,,,,,,,,
열화,deterioration,,,,,,,,,,,,,,
염 ,salt,,,,,,,,,,,,,,
염소산염 ,chlorate,Chlorate,,,,,,,,,,,,,
염소화반응,chlorination,Chlorination,,,,,,,,,,,,,
염소화비페닐 ,polychlorobiphenyl,Polychlorobiphenyl,,,,,,,,,,,,,
염화 비닐,vinyl chloride,,,,,,,,,,,,,,
염화수소,hydrogen chloride,,,,,,,,,,,,,,
염화수소,hydrogen chloride,,,,,,,,,,,,,,
염화수소,hydrogen chloride,,,,,,,,,,,,,,
영구일부 노동불능 ,permanent partial disability,,,,,,,,,,,,,,
영구적 청력손실,permanent threshold shift,,,,,,,,,,,,,,
영구전노동불능,permanent total disability,,,,,,,,,,,,,,
영국국가규격,British Standards,,,,,,,,,,,,,,
영국산업안전보건협회,Institution Occupational Safety Health,,,,,,,,,,,,,,
영국안전보건연구소,Health Safety Laboratory,,,,,,,,,,,,,,
영국안전보건위원회,Health Safety Commission,,,,,,,,,,,,,,
항원,antigen,,,,,,,,,,,,,,
영국안전보건청,Health Safety Executive,,,,,,,,,,,,,,
영국표준협회,British Standards Institution,,,,,,,,,,,,,,
영상변류기,zero-phase-sequence current transformer,,,,,,,,,,,,,,
영상표시 단말기,visual display terminal,영상표시단말기,VDT,vdt,,,,,,,,,,,
영상표시단말기취급작업,work dealing with visual display terminals,,,,,,,,,,,,,,
요통,low back pain,,,,,,,,,,,,,,
예방가능의 원칙,principle prevention possibility,,,,,,,,,,,,,,
예방정비,prevention maintenance,,,,,,,,,,,,,,
예비검정,pre-test,,,,,,,,,,,,,,
예비공기조,reserve air vessel/tank,,,,,,,,,,,,,,
예비동력원,standby power resource,,,,,,,,,,,,,,
예비용 설비,reserve facilities,,,,,,,,,,,,,,
예비위험분석,preliminary hazard analysis,,,,,,,,,,,,,,
예비전원,"standby power source, backup power source",,,,,,,,,,,,,,
예비조사,preliminary investigation,,,,,,,,,,,,,,
예비품,reserve stocks,,,,,,,,,,,,,,
예열기,preheater,,,,,,,,,,,,,,
"예외값, 이상치 ",outlier,,,,,,,,,,,,,,
예측생산 ,expected production,,,,,,,,,,,,,,
"오니, 슬러지",sludge,,,,,,,,,,,,,,
오디오그램,audiogram,,,,,,,,,,,,,,
오르토-디클로로벤젠,ortho-dichlorobenzene,,,,,,,,,,,,,,
오르토-메틸시클로헥사논,ortho-methylcyclohexanone,,,,,,,,,,,,,,
오르토-톨리딘과 그 염,ortho-tolidine its salts,,,,,,,,,,,,,,
오리피스,orifice,,,,,,,,,,,,,,
오리피스계,orifice system,,,,,,,,,,,,,,
오버랩,overlap,,,,,,,,,,,,,,
오버런 감시장치,overrun monitor device,,,,,,,,,,,,,,
오산화바나듐,vanadium pentoxide,,,,,,,,,,,,,,
오산화바나듐,vanadium pentoxide,,,,,,,,,,,,,,
수구,outlet,,,,,,,,,,,,,,
오염 ,contamination,,,,,,,,,,,,,,
오염계수,fouling factor,,,,,,,,,,,,,,
오존,ozone,,,,,,,,,,,,,,
오존,ozone,,,,,,,,,,,,,,
오차,error,,,,,,,,,,,,,,
옥내작업,indoor work,,,,,,,,,,,,,,
옥내통로,indoor passage,,,,,,,,,,,,,,
옥탄가,"octane number, octane rating ",,,,,,,,,,,,,,
옥탄올-물 분배계수,octanol-water partition coefficient,,,,,,,,,,,,,,
온도계 ,thermometer,,,,,,,,,,,,,,
온도습도조절,temperature-humidity control,,,,,,,,,,,,,,
온도제어 ,temperature control,,,,,,,,,,,,,,
온도퓨즈,"thermal cutout, thermal fuse",,,,,,,,,,,,,,
온수보일러,hot water boiler,,,,,,,,,,,,,,
온습도조절 ,temperature-humidity control,,,,,,,,,,,,,,
온열지수,thermal index,,,,,,,,,,,,,,
옹벽,retaining wall,,,,,,,,,,,,,,
와이어 드럼 ,wire drum,,,,,,,,,,,,,,
와이어로프,wire rope,,,,,,,,,,,,,,
와전류,eddy current,,,,,,,,,,,,,,
완성검사,completion inspection,,,,,,,,,,,,,,
완전연소,complete combustion,,,,,,,,,,,,,,
완충기 ,buffer,,,,,,,,,,,,,,
완충탱크,buffering tank,,,,,,,,,,,,,,
왕복동펌프,reciprocal pump,,,,,,,,,,,,,,
외기,outdoor air,,,,,,,,,,,,,,
외부 뇌보호시스템,external lightning protection system,,,,,,,,,,,,,,
외부식 후드,exterior hood,,,,,,,,,,,,,,
외부정보 ,outside information,,,,,,,,,,,,,,
외인성 천식,extrinsic asthma,,,,,,,,,,,,,,
외적조건 ,outside condition,,,,,,,,,,,,,,
외함,outside boxes,,,,,,,,,,,,,,
외함접지,enclosure earthing,,,,,,,,,,,,,,
세계산업안전보건대회,World Congress Safety Health at Work,,,,,,,,,,,,,,
세균 ,bacteria,,,,,,,,,,,,,,
세그멘트,segment,,,,,,,,,,,,,,
세극등 검사,slit-lamp examination,,,,,,,,,,,,,,
세뇨관성신질환,renal tubular disorders,,,,,,,,,,,,,,
세안설비,eyewash machine,,,,,,,,,,,,,,
세안장치,eye washer,,,,,,,,,,,,,,
세정,"washing, cleaning",,,,,,,,,,,,,,
세정탑,scrubber,,,,,,,,,,,,,,
세척시설,washing equipment,,,,,,,,,,,,,,
셀레늄과 화합물,selenium compounds,,,,,,,,,,,,,,
"셀렌, 셀레늄",selenium (SE),,,,,,,,,,,,,,
셀룰로스에스테르 막여과지,mixed cellulose ester membrane filter,,,,,,,,,,,,,,
셀프-클라이밍폼공법,Auto-Climbing formwork System,,,,,,,,,,,,,,
셔블,shovel,,,,,,,,,,,,,,
셔블계 굴착기계,shovel-type excavator,,,,,,,,,,,,,,
셔블로우더,shovel loader,,,,,,,,,,,,,,
셰이퍼 ,shaper,,,,,,,,,,,,,,
소각로,incinerator,,,,,,,,,,,,,,
소결,sintering,,,,,,,,,,,,,,
소방,fire fighting,,,,,,,,,,,,,,
소비전력,power consumption,,,,,,,,,,,,,,
소선(필터),sole wire,,,,,,,,,,,,,,
소성,firing,,,,,,,,,,,,,,
소성변형,plastic deformation,,,,,,,,,,,,,,
소양감,"itch, pruritus",,,,,,,,,,,,,,
소염 소자,flame quenching,,,,,,,,,,,,,,
소요 분출량,required capacity,,,,,,,,,,,,,,
소호,"extinction arc, arc quenching",,,,,,,,,,,,,,
소호리액터 접지방식,resonant earthing system arc suppression coil,,,,,,,,,,,,,,
소화기 ,fire extinguisher,,,,,,,,,,,,,,
소화기계,digestive system,,,,,,,,,,,,,,
소화설비,fire extinguishing systems,,,,,,,,,,,,,,
속도압,velocity pressure,,,,,,,,,,,,,,
속발증,secondary disease,,,,,,,,,,,,,,
속빈음극 램프,hollow-cathode lamp,,,,,,,,,,,,,,
손실관리,loss management,,,,,,,,,,,,,,
손실방지,loss prevention,,,,,,,,,,,,,,
손실예방,loss prevention,,,,,,,,,,,,,,
손실일수,lost days,,,,,,,,,,,,,,
손쳐내기식 안전장치,sweep guard,,,,,,,,,,,,,,
손해배상,compensation damages,,,,,,,,,,,,,,
손해보험,"non-life insurance, general insurance",,,,,,,,,,,,,,
송기마스크,supplied-air respirator,,,,,,,,,,,,,,
송전설비,power transmission equipment,,,,,,,,,,,,,,
송풍기,"fan, ventilator",,,,,,,,,,,,,,
쇼벨계굴착기계,power shovel,,,,,,,,,,,,,,
숏크리트,"shortcrete, air-blowm mortar",,,,,,,,,,,,,,
수거검정,colletive testing,,,,,,,,,,,,,,
수근관증후군,carpal tunnel syndrome,,,,,,,,,,,,,,
수동토압,passive earth pressure,,,,,,,,,,,,,,
수두,chicken pox,,,,,,,,,,,,,,
수두압,head pressure,,,,,,,,,,,,,,
수뢰부,air-termination system,,,,,,,,,,,,,,
수명교환 (수명교체),age replacement,,,,,,,,,,,,,,
수산화나트륨,sodium hydroxide,,,,,,,,,,,,,,
수산화칼륨,potassium hydroxide,,,,,,,,,,,,,,
수소취성,hydrogen embrittlement,,,,,,,,,,,,,,
수소침식 ,hydrogen erosion,,,,,,,,,,,,,,
수소화물,hydride,,,,,,,,,,,,,,
수송기계,transportation machine,,,,,,,,,,,,,,
수시건강진단,irregular health examination,,,,,,,,,,,,,,
수압시험,hydraulic test,,,,,,,,,,,,,,
수완진동증후군,hand arm vibration syndrome,,,,,,,,,,,,,,
수용기 ,receptor,,,,,,,,,,,,,,
수용위험도,acceptable risk,,,,,,,,,,,,,,
수용형후드,receiver type hood,,,,,,,,,,,,,,
수은과 화합물,mercury & compounds,,,,,,,,,,,,,,
수인식 안전장치,pull-out guard,,,,,,,,,,,,,,
수전 하우드 보조금 지급제도,Susan Harwood Training Grant Program,,,,,,,,,,,,,,
수전설비,power receiving equipment,,,,,,,,,,,,,,
수전점,receiving point,,,,,,,,,,,,,,
수중조명,underwater lighting,,,,,,,,,,,,,,
수중펌프,submerged pump,,,,,,,,,,,,,,
수증기폭발 ,water vapor explosion,수증기 폭발,,,,,,,,,,,,,
수축기혈압,systolic blood pressure,,,,,,,,,,,,,,
수트리,water tree,,,,,,,,,,,,,,
수평 인입크레인 ,level-luffing crane,,,,,,,,,,,,,,
수평보행기,horizontal escalator,,,,,,,,,,,,,,
수포,vesicle,,,,,,,,,,,,,,
순간증발,instantaneous evaporation,,,,,,,,,,,,,,
순간풍속,instantaneous wind speed,,,,,,,,,,,,,,
순서에러,sequence error,,,,,,,,,,,,,,
순시요소,instantaneous element,,,,,,,,,,,,,,
순시전압강하,instantaneous voltage drop,,,,,,,,,,,,,,
순음,pure tone,,,,,,,,,,,,,,
순음청력검사,pure-tone audiometry,,,,,,,,,,,,,,
순응 ,adaptation,,,,,,,,,,,,,,
순차기동제어,sequential starting control,,,,,,,,,,,,,,
순찰,patrol,,,,,,,,,,,,,,
순환기장해,circulatory disorder,,,,,,,,,,,,,,
순회점검,walk-around inspection,,,,,,,,,,,,,,
숨겨진 코스트,hidden costs,,,,,,,,,,,,,,
쉴드공법,shield method,,,,,,,,,,,,,,
슈트,chute,,,,,,,,,,,,,,
스내치블록,snatch block,,,,,,,,,,,,,,
스리마일섬 원전사고,Three Mile Island(TMI) nuclear power plant accident,,,,,,,,,,,,,,
스모그,smog,,,,,,,,,,,,,,
스위치기어,switchgear,,,,,,,,,,,,,,
스위프치환,sweep-through purging,,,,,,,,,,,,,,
스크루 컨베이어,screw conveyor,스크류 컨베이어,나사 컨베이어,,,,,,,,,,,,
스키드,skid,,,,,,,,,,,,,,
스탭형 안전관리,safety management dedicated staff,,,,,,,,,,,,,,
스테인리스 강관,stainless steel pipe,,,,,,,,,,,,,,
스토크스의 법칙,Stoke’s law,,,,,,,,,,,,,,
스토퍼,stopper,,,,,,,,,,,,,,
스트랜드 ,strand,,,,,,,,,,,,,,
스트레스,stress,,,,,,,,,,,,,,
스트레인게이지 ,strain gauge,,,,,,,,,,,,,,
스트로크,stroke,,,,,,,,,,,,,,
스트리퍼 ,stripper,,,,,,,,,,,,,,
스트리핑,striping,,,,,,,,,,,,,,
스틸폼,steel form,,,,,,,,,,,,,,
스팀 트랩,steam trap,,,,,,,,,,,,,,
스프링클러설비,sprinkler system,,,,,,,,,,,,,,
슬라이드,slide,,,,,,,,,,,,,,
슬라이딩폼,sliding form,,,,,,,,,,,,,,
슬래그,slag,white wash,,,,,,,,,,,,,
슬러그 흐름,slug flow,,,,,,,,,,,,,,
슬로터 ,slotter,,,,,,,,,,,,,,
슬리브,sleeve,,,,,,,,,,,,,,
슬립,slip,,,,,,,,,,,,,,
슬링,sling,,,,,,,,,,,,,,
습구흑구 온도지수,WBGT index,,,,,,,,,,,,,,
습숙상관성 ,correlation with learning skills,,,,,,,,,,,,,,
습진,eczema ,,,,,,,,,,,,,,
승강설비,elevating equipment,,,,,,,,,,,,,,
승강장치,lifting device,,,,,,,,,,,,,,
시간가중 평균농도,time-weighted average,TWA,시간가중평균농도,,,,,,,,,,,,
시간률,hour rate,,,,,,,,,,,,,,
시간에러,time error,,,,,,,,,,,,,,
시간제 근무자 ,part-timer,,,,,,,,,,,,,,
시건장치,locking device,,,,,,,,,,,,,,
시굴,"test pit, prospecting, trial boring trial digging",,,,,,,,,,,,,,
시력장해,visual disturbance,,,,,,,,,,,,,,
시료,sample,,,,,,,,,,,,,,
시료채취유랑,sampling flow rate,,,,,,,,,,,,,,
시몬스 방식 재해 코스트 ,Simonds accident cost,,,,,,,,,,,,,,
시브 ,sheave,,,,,,,,,,,,,,
시비에이화학,CBA,,,,,,,,,,,,,,
시성능,visual performance,,,,,,,,,,,,,,
시스템안전,system safety,,,,,,,,,,,,,,
시스템에러,system error,,,,,,,,,,,,,,
시신경염,optic neuritis,,,,,,,,,,,,,,
시안화나트륨,sodium cyanide,nacn,,,,,,,,,,,,,
시안화수소,hydrogen cyanide,hcn,,,,,,,,,,,,,
시안화칼륨,potassium cyanide,,,,,,,,,,,,,,
시안화칼슘,calcium cyanide,,,,,,,,,,,,,,
시야검사,visual field examination,,,,,,,,,,,,,,
시야협착,visual field contraction,,,,,,,,,,,,,,
시운전절차,commissioning procedure,,,,,,,,,,,,,,
시이징,seizing,,,,,,,,,,,,,,
시정명령서,correction directive,,,,,,,,,,,,,,
시진,visual inspection,,,,,,,,,,,,,,
시차 열분석,differential thermal analysis,,,,,,,,,,,,,,
시차 주사 열량계,differential scanning calorimeter,,,,,,,,,,,,,,
시청각교육,audiovisual education,,,,,,,,,,,,,,
시퀀스제어,sequential control,,,,,,,,,,,,,,
시클로헥사논,cyclohexanone,,,,,,,,,,,,,,
시클로헥사논,cyclohexanone,,,,,,,,,,,,,,
시클로헥사놀,cyclohexanol,,,,,,,,,,,,,,
시클로헥사놀,cyclohexanol,,,,,,,,,,,,,,
시클로헥센,cyclohexene,,,,,,,,,,,,,,
시클로헥센,cyclohexene,,,,,,,,,,,,,,
시프팅 보드,shifting board,,,,,,,,,,,,,,
시험공장,pilot plant,,,,,,,,,,,,,,
식품분쇄기,food crusher,,,,,,,,,,,,,,
신기능검사,renal function test,,,,,,,,,,,,,,
신뢰도,reliability performance,,,,,,,,,,,,,,
신뢰성 ,reliability,,,,,,,,,,,,,,
신뢰성 중심정비,Reliability Centered Maintenance,,,,,,,,,,,,,,
신부전,renal insufficiency,,,,,,,,,,,,,,
신선기,wire drawing machine,,,,,,,,,,,,,,
신장장해,"renal disorder, renal disease",,,,,,,,,,,,,,
신증후군출혈열,hantavirus hemorrhagic fever with renal syndrome,,,,,,,,,,,,,,
신체장해(장애),"physical disability, physical impairment",,,,,,,,,,,,,,
신체장해등급,disability grade,,,,,,,,,,,,,,
신축이음,expansion joint,,,,,,,,,,,,,,
신크로트론,synchrotron,,,,,,,,,,,,,,
신호,signal,,,,,,,,,,,,,,
실내장식,interior design,,,,,,,,,,,,,,
실드선,shielded cable/wire,,,,,,,,,,,,,,
실리카겔,silica gel,,,,,,,,,,,,,,
실링,sealing,,,,,,,,,,,,,,
실링 콤파운드,sealing compound,,,,,,,,,,,,,,
실링 피팅,sealing fitting,,,,,,,,,,,,,,
실트,silt,,,,,,,,,,,,,,
심계항진,palpitation,,,,,,,,,,,,,,
심근경색증 ,myocardial infarction,,,,,,,,,,,,,,
심근마비,cardioplegia,,,,,,,,,,,,,,
심방세동,atrial fibrillation,,,,,,,,,,,,,,
심부전,cardiac failure,,,,,,,,,,,,,,
심실세동,ventricular fibrillation,,,,,,,,,,,,,,
심야작업 ,midnight work,,,,,,,,,,,,,,
심장판막증,valvular heart disease,,,,,,,,,,,,,,
심전도검사,electrocardiogram,,,,,,,,,,,,,,
심폐기능지수,cardiopulmonary function indices,,,,,,,,,,,,,,
심혈관계,cardiovascular system,,,,,,,,,,,,,,
쌍줄비계,two-point suspension scaffold,,,,,,,,,,,,,,
쌍투형 개폐기,double-throw switch,,,,,,,,,,,,,,
쐐기,wedge,,,,,,,,,,,,,,
아급성독성,subacute toxicity,,,,,,,,,,,,,,
아날로그계기,analog instrument,,,,,,,,,,,,,,
아네모메타,anemometer,,,,,,,,,,,,,,
아닐린과 그 동족체,aniline its homologues,,,,,,,,,,,,,,
아말감,amalgam,,,,,,,,,,,,,,
아모퍼스 변압기,amorphous transformer,,,,,,,,,,,,,,
아세토니트릴,acetonitrile,,,,,,,,,,,,,,
아세토니트릴,acetonitrile,,,,,,,,,,,,,,
아세톤,acetone,,,,,,,,,,,,,,
아세톤,acetone,,,,,,,,,,,,,,
아세톤,acetone,,,,,,,,,,,,,,
아세트알데히드,acetaldehyde,,,,,,,,,,,,,,
아세트알데히드,acetaldehyde,,,,,,,,,,,,,,
아세트알데히드,acetaldehyde,,,,,,,,,,,,,,
아세트알데히드,acetaldehyde,,,,,,,,,,,,,,
아세틸렌 용접장치 ,acetylene welding equipment,,,,,,,,,,,,,,
아시아태평양산업안전보건기구,Asia-Pacific Occupational Safety Health Organization,,,,,,,,,,,,,,
아우트리거,outrigger,,,,,,,,,,,,,,
아이스플라이스,eye splice,,,,,,,,,,,,,,
아크단락,arcing fault,,,,,,,,,,,,,,
아크로,arc furnace,,,,,,,,,,,,,,
아크릴 산,acrylic acid,,,,,,,,,,,,,,
아크릴로니트릴,acrylonitrile,,,,,,,,,,,,,,
아크릴로니트릴,acrylonitrile,,,,,,,,,,,,,,
아크릴아미드,acrylamide,,,,,,,,,,,,,,
아크릴아미드,acrylamide,,,,,,,,,,,,,,
아크방전,arc discharge,,,,,,,,,,,,,,
아크혼,arcing horn,,,,,,,,,,,,,,
아황산가스,sulfur dioxide,,,,,,,,,,,,,,
악력,grip strength,,,,,,,,,,,,,,
다데구,창호,,,,,,,,,,,,,,
악성 중피종,malignant mesothelioma,,,,,,,,,,,,,,
악티노라이트 석면,actinolite,,,,,,,,,,,,,,
안검하수,blepharoptosis,,,,,,,,,,,,,,
역률,power factor,,,,,,,,,,,,,,
안구의 운동기능장해,oculomotor dysfunction,,,,,,,,,,,,,,
안구의 조절기능장해,ocular dysmetria,,,,,,,,,,,,,,
안료 ,pigment,,,,,,,,,,,,,,
안소필라이트 석면,anthophyllite asbestos,,,,,,,,,,,,,,
안식각,angle repose,,,,,,,,,,,,,,
안장해,ocular disorders,,,,,,,,,,,,,,
안전,safety,,,,,,,,,,,,,,
안전 이미지,safety image,,,,,,,,,,,,,,
안전1행정,safety with one stroke operation,,,,,,,,,,,,,,
안전거리,safety distance,,,,,,,,,,,,,,
안전검사,safety inspection,,,,,,,,,,,,,,
안전경영대상,Safety Management Award,,,,,,,,,,,,,,
안전경영방침,Safety Management Policy,,,,,,,,,,,,,,
안전계수,safety factors,,,,,,,,,,,,,,
안전관리,safety management,,,,,,,,,,,,,,
안전관리계획,safety management program,,,,,,,,,,,,,,
안전관리규정,safety management regulations,,,,,,,,,,,,,,
안전관리자,safety manager,,,,,,,,,,,,,,
안전관리전문기관,private safety management agency,,,,,,,,,,,,,,
안전관리제도,safety management system,,,,,,,,,,,,,,
안전관리평가,safety management evaluation,,,,,,,,,,,,,,
안전관찰,safety observation,,,,,,,,,,,,,,
안전교육계획,safety education program,,,,,,,,,,,,,,
안전교육시범학교,model school safety education,,,,,,,,,,,,,,
안전규정,safety regulations,,,,,,,,,,,,,,
안전규칙,safety rules,,,,,,,,,,,,,,
안전기,safety device,,,,,,,,,,,,,,
안전기술자,safety engineer,,,,,,,,,,,,,,
안전기술지침 ,safety engineering guidelines,,,,,,,,,,,,,,
안전기준 ,safety standards,,,,,,,,,,,,,,
안전난간,safety guard rail,,,,,,,,,,,,,,
안전담당자 ,safety manager,,,,,,,,,,,,,,
안전당번제도,safety duty system,,,,,,,,,,,,,,
안전대,"safety belt, safety harness",,,,,,,,,,,,,,
안전망,safety net,,,,,,,,,,,,,,
안전매트,safety mat,,,,,,,,,,,,,,
안전메뉴얼,safety manual,,,,,,,,,,,,,,
안전모,"safety hat/helmet, hard hat",,,,,,,,,,,,,,
안전문화,safety culture,,,,,,,,,,,,,,
안전문화 심벌마크,safety culture symbol mark,,,,,,,,,,,,,,
안전문화운동,safety culture movement,,,,,,,,,,,,,,
안전문화추진협의회,safety culture implementation committee,,,,,,,,,,,,,,
안전밸브,safety valve,,,,,,,,,,,,,,
안전밸브 방출시험,"safety valve emission test, safety relief valve test ",,,,,,,,,,,,,,
안전보건개선계획,safety & health improvement plan,,,,,,,,,,,,,,
안전보건경영체제,KOSHA MS,KOSHA management system,KOSHA-MS,kosha-ms,KOSHA 18001,안전보건경영시스템,,,,,,,,,
안전보건경영체제,safety health management system,,,,,,,,,,,,,,
안전보건관리규정,safety health administrative regulations,Safety health administrative regulations,Safety Health Administrative Regulations,안전보건규정,안전관리규정,,,,,,,,,,
안전보건관리책임자,safety health officer,안전관리책임자,보건관리책임자,안전보건책임자,관리책임자,,,,,,,,,,
안전보건관리체제,safety health management system,,,,,,,,,,,,,,
안전보건교육,safety health education,안전교육,보건교육,,,,,,,,,,,,
안전보건교육시설,facilities safety health training,,,,,,,,,,,,,,
안전보건웹진,safety health online magazine,,,,,,,,,,,,,,
안전보건점검,safety & health checkup,,,,,,,,,,,,,,
안전보건정보서비스,KOSHANET,,,,,,,,,,,,,,
안전보건진단,safety & health diagnosis,,,,,,,,,,,,,,
안전보건진단기관,safety health diagnosis institute,,,,,,,,,,,,,,
점도,viscosity,,,,,,,,,,,,,,
안전보건총괄책임자,safety health general manager,안전총괄책임자,보건총괄책임자,,,,,,,,,,,,
안전보건특별교육,special safety health education,,,,,,,,,,,,,,
케틀,kettle,,,,,,,,,,,,,,
안전보건표지,safety health sign,안전보건표지판,안전보건스티커,안전ㆍ보건표지,safety health signs,safety sign,안전표지,,,,,,,,
안전보건환경품질,"Safety, Health, Environment Quality",,,,,,,,,,,,,,
안전블록,safety block,,,,,,,,,,,,,,
안전비용 ,safety cost,,,,,,,,,,,,,,
안전사고,safety accident,,,,,,,,,,,,,,
안전상의 조치,safety measures,,,,,,,,,,,,,,
안전색채,safety color,,,,,,,,,,,,,,
안전선언,safety declaration,,,,,,,,,,,,,,
안전성평가,safety assessment,Safety Assessment,Safety assessment,안전평가,,,,,,,,,,,
안전수칙,safety rules,,,,,,,,,,,,,,
안전순찰,safety patrol,,,,,,,,,,,,,,
안전시상,safety award,,,,,,,,,,,,,,
안전시설,safety facilities,,,,,,,,,,,,,,
안전시스템,safety system,,,,,,,,,,,,,,
안전심리학,safety psychology,안전심리,,,,,,,,,,,,,
안전욕구,safety desire,,,,,,,,,,,,,,
안전운전절차,procedure safety operation,,,,,,,,,,,,,,
안전운전지침서,safety operation manual,,,,,,,,,,,,,,
안전율,safety rate,,,,,,,,,,,,,,
안전의식,safety awareness,,,,,,,,,,,,,,
안전인증,safety certification,,,,,,,,,,,,,,
안전작업허가,approval safety work,,,,,,,,,,,,,,
안전장갑,safety gloves,,,,,,,,,,,,,,
안전장치 ,safety device,,,,,,,,,,,,,,
안전전압,safety voltage,,,,,,,,,,,,,,
안전점검의 날,safety inspection day,안전점검의날,4일,,,,,,,,,,,,
안전정책,safety policy,,,,,,,,,,,,,,
안전제안제도,safety suggestion system,,,,,,,,,,,,,,
안전제일 ,safety first,,,,,,,,,,,,,,
안전조직의 유형,type safety organization,,,,,,,,,,,,,,
안전조치,safety measures,,,,,,,,,,,,,,
안전증방폭,Increased Safety Ex e,,,,,,,,,,,,,,
안전증표,safety certification mark,,,,,,,,,,,,,,
안전지주,safety support,,,,,,,,,,,,,,
안전진단명령,order safety diagnosis,,,,,,,,,,,,,,
안전체조 ,physical exercise safety,,,,,,,,,,,,,,
안전초저전압,protective extra-low voltage,,,,,,,,,,,,,,
안전태도 ,safety attitude,,,,,,,,,,,,,,
안전태도 결함 ,deficiency safety attitude,,,,,,,,,,,,,,
안전태도 평가방법,evaluation method safety attitude,,,,,,,,,,,,,,
안전평가,safety assessment,,,,,,,,,,,,,,
안전포스터,safety poster,,,,,,,,,,,,,,
안전표창 ,safety official commendation,,,,,,,,,,,,,,
안전프로그램,safety program,,,,,,,,,,,,,,
안전행사 ,safety event,,,,,,,,,,,,,,
안전화,safety shoes,,,,,,,,,,,,,,
안전회의 ,safety meeting,,,,,,,,,,,,,,
안정기,ballast,,,,,,,,,,,,,,
안정성,stability,,,,,,,,,,,,,,
안정시 환기량,ventilation at rest,,,,,,,,,,,,,,
안젤이,Angeli,,,,,,,,,,,,,,
안티몬과 화합물,antimony compounds,,,,,,,,,,,,,,
알레르기비염,allergic rhinitis,,,,,,,,,,,,,,
알레르기성 피부염,allergic contact dermatitis,,,,,,,,,,,,,,
알루미늄과 화합물,aluminum compounds,,,,,,,,,,,,,,
알릴 글리시딜 에테르,allyl glycidyl ether,,,,,,,,,,,,,,
알칼리,alkali,,,,,,,,,,,,,,
알칼리 포스파타제,alkaline phosphatase,,,,,,,,,,,,,,
알캅톤뇨증,alkaptonuria,,,,,,,,,,,,,,
알코올성 간염,alcoholic hepatitis,,,,,,,,,,,,,,
알코올중독,"alcohol intoxication, alcoholism",,,,,,,,,,,,,,
알파-나프틸아민과 그 염,alpha-naphthylamine its salts,,,,,,,,,,,,,,
암,cancer,,,,,,,,,,,,,,
암거,closed conduit,,,,,,,,,,,,,,
암모니아,ammonia,,,,,,,,,,,,,,
암순응 ,dark adaptation,,,,,,,,,,,,,,
압기 쉴드공법,pressurized shield work,,,,,,,,,,,,,,
압기공법,pressurized work,,,,,,,,,,,,,,
압력계 ,pressure indicator,,,,,,,,,,,,,,
압력계전기,pressure relay,,,,,,,,,,,,,,
압력방폭,pressure explosion,,,,,,,,,,,,,,
압력방폭구조,pressurised explosion protection,,,,,,,,,,,,,,
압력손상,barotrauma,,,,,,,,,,,,,,
압력손실,pressure loss,,,,,,,,,,,,,,
압력스위치,pressure switch,,,,,,,,,,,,,,
압력시험 ,pressure test,,,,,,,,,,,,,,
압력용기,pressure vessel,,,,,,,,,,,,,,
압력용기,pressure vessel,,,,,,,,,,,,,,
압력제한 스위치,pressure limit switch,,,,,,,,,,,,,,
압력조정기,pressure regulator,,,,,,,,,,,,,,
압연,rolling,,,,,,,,,,,,,,
압연강재,rolled steel,,,,,,,,,,,,,,
압연롤기계,rolling machine,,,,,,,,,,,,,,
압입능력,pressure capacity,,,,,,,,,,,,,,
압축,compression,,,,,,,,,,,,,,
압축가스,compressed gas,,,,,,,,,,,,,,
압축공기식 그라인더,pneumatic grinder,,,,,,,,,,,,,,
압축기,compressor,,,,,,,,,,,,,,
압출기,extruding machine,,,,,,,,,,,,,,
애자공사,wiring insulator,,,,,,,,,,,,,,
액면계,liquid level gauge,,,,,,,,,,,,,,
액면화재,pool fire,,,,,,,,,,,,,,
액압 프레스 ,hydraulic press,,,,,,,,,,,,,,
액정,liquid crystal,,,,,,,,,,,,,,
액체 크로마토그라피,liquid chromatography,,,,,,,,,,,,,,
액체채취방법,liquid sampling method,,,,,,,,,,,,,,
액튜에이터,actuator,,,,,,,,,,,,,,
액화가스,liquefied gas,,,,,,,,,,,,,,
액화석유가스,liquefied petroleum gas,,,,,,,,,,,,,,
액화천연가스,liquefied natural gas,,,,,,,,,,,,,,
앵커,anchor,,,,,,,,,,,,,,
앵커볼트,anchor bolt,,,,,,,,,,,,,,
약액주입공법,chemical grouting method,,,,,,,,,,,,,,
양립성,compatibility,,,,,,,,,,,,,,
양생,curing,,,,,,,,,,,,,,
양수조작식 안전장치,two-hand control safety device,,,,,,,,,,,,,,
양압설비,pressurization system,,,,,,,,,,,,,,
양자선,quantum wire,,,,,,,,,,,,,,
양중기,lifting machinery,,,,,,,,,,,,,,
어댑터,adapter,,,,,,,,,,,,,,
어린이 안전학교,children's safety school,,,,,,,,,,,,,,
어음역,auditory perceptual region,,,,,,,,,,,,,,
언더컷,undercut,,,,,,,,,,,,,,
언더피닝,underpinning,,,,,,,,,,,,,,
언로더,unloader,,,,,,,,,,,,,,
업무경력,operation career,,,,,,,,,,,,,,
업무상부상,work-related injury,,,,,,,,,,,,,,
업무상사고,workplace accident ,,,,,,,,,,,,,,
업무상질병,work-related illness,,,,,,,,,,,,,,
업무적합성 평가,work suitability assessment,,,,,,,,,,,,,,
업스트림,upstream,,,,,,,,,,,,,,
에너지 ,energy,,,,,,,,,,,,,,
에스트로겐,estrogen,,,,,,,,,,,,,,
에어라인 마스크 ,air-line mask,,,,,,,,,,,,,,
에탄올아민,ethanolamine,,,,,,,,,,,,,,
에틸 아크릴레이트,ethyl acrylate,,,,,,,,,,,,,,
에틸렌 글리콜,ethylene glycol,,,,,,,,,,,,,,
에틸렌 글리콜 디나이트레이트,ethylene glycol dinitrate,,,,,,,,,,,,,,
에틸렌 글리콜 모노부틸 에테르 아세테이트,ethylene glycol monobutyl ether acetate,,,,,,,,,,,,,,
에틸렌 이민,ethylene imine,,,,,,,,,,,,,,
에틸렌 클로로하이드린,ethylene chlorohydrin,,,,,,,,,,,,,,
에틸벤젠,ethyl benzene,,,,,,,,,,,,,,
에틸벤젠,ethyl benzene,,,,,,,,,,,,,,
에틸아민,ethylamine,,,,,,,,,,,,,,
에틸아민,ethylamine,,,,,,,,,,,,,,
에피클로로히드린,epichlorohydrin,,,,,,,,,,,,,,
엑스선,X-ray,,,,,,,,,,,,,,
엑스선 회절분석법 ,X-ray diffraction analysis,,,,,,,,,,,,,,
엑스선관,X-ray tube,,,,,,,,,,,,,,
엔클로우져,enclosure,,,,,,,,,,,,,,
엘리베이터 홀,elevator hall,,,,,,,,,,,,,,
엣지용접,edge welding,,,,,,,,,,,,,,
"여과기, 여과재",filter,,,,,,,,,,,,,,
여과채취 방법,filtration sampling method,,,,,,,,,,,,,,
여자,excitation,,,,,,,,,,,,,,
여자돌입전류,magnetizing inrush current,,,,,,,,,,,,,,
여자장치,exciting apparatus,,,,,,,,,,,,,,
여자전류,exciting current,,,,,,,,,,,,,,
여포자극호르몬,follicle-stimulating hormone,,,,,,,,,,,,,,
역섬락,back flashover,,,,,,,,,,,,,,
역암층,conglomerate,,,,,,,,,,,,,,
역학조사,epidemiological investigation,,,,,,,,,,,,,,
역화,flashback,,,,,,,,,,,,,,
역화방지장치,flame arrestor,,,,,,,,,,,,,,
연가(撚架),transposition,,,,,,,,,,,,,,
연결핀,stud joint,,,,,,,,,,,,,,
연근로시간수,total number working hours,,,,,,,,,,,,,,
연근로자수,total number workers,,,,,,,,,,,,,,
연기,smoke,,,,,,,,,,,,,,
연돌효과,stack effect,,,,,,,,,,,,,,
연동구조,interlock structure,,,,,,,,,,,,,,
연동선,annealed copper wire,,,,,,,,,,,,,,
연동장치,interlock system,,,,,,,,,,,,,,
연면거리,creepage distance,,,,,,,,,,,,,,
연부조직,soft tissue,,,,,,,,,,,,,,
연삭기,grinding machine,grinder,그라인더,,,,,,,,,,,,
연삭기,grinding machine,grinder,그라인더,,,,,,,,,,,,
연삭숫돌,grinding wheel,,,,,,,,,,,,,,
연선,stranded cable,,,,,,,,,,,,,,
연소속도,flame speed ,,,,,,,,,,,,,,
연소실,combustion chamber,,,,,,,,,,,,,,
연소점,fire point,,,,,,,,,,,,,,
연소파,combustion wave,,,,,,,,,,,,,,
연속교반 탱크반응기,CSTR,,,,,,,,,,,,,,
연속누출,continuous grade release,,,,,,,,,,,,,,
연속동작 ,continuous movement,,,,,,,,,,,,,,
연쇄반응,chain reaction,,,,,,,,,,,,,,
연하곤란,dysphagia,,,,,,,,,,,,,,
연화 ,softening,,,,,,,,,,,,,,
열가소성 수지,thermoplastic resin,,,,,,,,,,,,,,
열경련,heat cramps,,,,,,,,,,,,,,
열경화성 수지,thermosetting resin,,,,,,,,,,,,,,
열교환기,heat exchanger,,,,,,,,,,,,,,
열기전력,thermal electromotive force,,,,,,,,,,,,,,
열대류 ,thermal convection,,,,,,,,,,,,,,
열동형 계전기,thermal relay,,,,,,,,,,,,,,
열매체,heating medium,,,,,,,,,,,,,,
열분해,thermal decomposition,,,,,,,,,,,,,,
열사병,heat stroke,,,,,,,,,,,,,,
열성질환,recessive disease,,,,,,,,,,,,,,
열수지,"heat budget, heat balance",,,,,,,,,,,,,,
열순응,heat acclimation,,,,,,,,,,,,,,
열응력,"thermal stress, heat stress",,,,,,,,,,,,,,
열전달,heat transfer,,,,,,,,,,,,,,
열전대온도계,"thermoelectric thermometer, thermocouple",,,,,,,,,,,,,,
열전대형 계기,electrothermal instrument,,,,,,,,,,,,,,
열중증,hyperthermia,,,,,,,,,,,,,,
열처리,heat treatment,,,,,,,,,,,,,,
유도결합 플라즈마,inductively coupled plasma,,,,,,,,,,,,,,
유도결합플라즈마 분광광도계,"inductively coupled plasma (ICP), atomic emission spectrometer(AES)",,,,,,,,,,,,,,
유도등,emergency exit lights,,,,,,,,,,,,,,
유도뢰,induced lightning,,,,,,,,,,,,,,
유도전동기,induction motor,,,,,,,,,,,,,,
유도전압,induced voltage,,,,,,,,,,,,,,
유도체화,derivatization,,,,,,,,,,,,,,
유독물,toxic material,,,,,,,,,,,,,,
유동점,pour point,,,,,,,,,,,,,,
유량계,flow meter,,,,,,,,,,,,,,
유량시간곡선,flow-time curve,,,,,,,,,,,,,,
유량용적곡선,flow-volume curve,,,,,,,,,,,,,,
유럽공동체 사고예방지침,SEVESO directives,,,,,,,,,,,,,,
유럽산업안전보건청,European Agency Safety Health at Work,,,,,,,,,,,,,,
유리섬유,glass fiber,,,,,,,,,,,,,,
유리섬유 여과지,glass fiber filter,,,,,,,,,,,,,,
유사노출군,similar exposure group,,,,,,,,,,,,,,
유산탈수소효소,lactate dehydrogenase,,,,,,,,,,,,,,
유소견자,person with abnormal findings,,,,,,,,,,,,,,
유엔환경계획,United Nations Environment Programme,,,,,,,,,,,,,,
유연성 피팅,flexible metal fitting,,,,,,,,,,,,,,
유입계수,"coefficient entry, Ce",,,,,,,,,,,,,,
유입방폭,oil immersed anti explosion,,,,,,,,,,,,,,
유입변압기,oil immersed transformer,,,,,,,,,,,,,,
유전체,dielectric,,,,,,,,,,,,,,
유족급여,survivors benefits,,,,,,,,,,,,,,
유족보상 ,survivors compensation,,,,,,,,,,,,,,
유즙분비 호르몬,prolactin,,,,,,,,,,,,,,
유해,harm,,,,,,,,,,,,,,
"유해·위험기계, 기구",hazardous harmful machine & equipment,유해위험기계,,,,,,,,,,,,,
유해·위험설비,hazardous harmful facilities,,,,,,,,,,,,,,
유해·위험성 조사보고서,examination report hazard harmfulness,,,,,,,,,,,,,,
유해·위험성평가,risk assessment,,,,,,,,,,,,,,
유해·위험작업,hazardous harmful work,,,,,,,,,,,,,,
유해광선,"harmful light, harmful ray",,,,,,,,,,,,,,
유해물질,harmful substances,유해 물질,,,,,,,,,,,,,
유해방사선,harmful radiation,,,,,,,,,,,,,,
유해요인,harmful factor,,,,,,,,,,,,,,
유해화학물질배출량 조사제도,toxic release inventory,,,,,,,,,,,,,,
유효전력,active power,,,,,,,,,,,,,,
은,silver,,,,,,,,,,,,,,
음 강도수준,sound intensity level,,,,,,,,,,,,,,
음감쇠 현상,interaural attenuation,,,,,,,,,,,,,,
음력수준,sound power level,,,,,,,,,,,,,,
음압 수준,sound pressure level,,,,,,,,,,,,,,
"음폐효과, 마스킹 효과",masking effect,,,,,,,,,,,,,,
음향외상성난청 (소음성난청),noise-induced hearing loss,,,,,,,,,,,,,,
응고점,freezing point,,,,,,,,,,,,,,
응급용구,first aid kit,,,,,,,,,,,,,,
응급처치,first aid,,,,,,,,,,,,,,
응축기,condenser,,,,,,,,,,,,,,
의료용 삽입접속기,medical attachment plug,,,,,,,,,,,,,,
의료용 전기기기,medical electrical equipment,,,,,,,,,,,,,,
의식,consciousness,,,,,,,,,,,,,,
의식퇴행,consciousness regression,,,,,,,,,,,,,,
의지적 판단동작,action volitional judgment ,,,,,,,,,,,,,,
이관협착,auditory tube stenosis,,,,,,,,,,,,,,
이독성,ototoxicity,,,,,,,,,,,,,,
이동사다리,portable ladder,이동식 사다리,이동식사다리,A형 사다리,A형사다리,,,,,,,,,,
점토,clay,,,,,,,,,,,,,,
이동식 비계,portable scaffold,BT아시바,PT아시바,BT비계,PT비계,,,,,,,,,,
이동식 크레인 ,mobile crane,,,,,,,,,,,,,,
이동전선,portable cable,,,,,,,,,,,,,,
이동형 등기구,portable luminaire,,,,,,,,,,,,,,
이명,tinnitus,,,,,,,,,,,,,,
이산화티타늄,titanium dioxide,,,,,,,,,,,,,,
이상기압,abnormal atmospheric pressure,,,,,,,,,,,,,,
이상기온,abnormal temperature,,,,,,,,,,,,,,
이상기체,ideal gas,,,,,,,,,,,,,,
이상기체법칙,ideal gas law,,,,,,,,,,,,,,
이상반응,adnormal reaction,,,,,,,,,,,,,,
이상상태 ,abnormal conditions,,,,,,,,,,,,,,
이상위험도 분석,failure analysis,,,,,,,,,,,,,,
이상전압,abnormal voltage,,,,,,,,,,,,,,
이상징후,abnormal sign,,,,,,,,,,,,,,
이성체,isomer,,,,,,,,,,,,,,
이소부틸알코올,isobutyl alcohol,,,,,,,,,,,,,,
이소아밀알코올,isoamyl alcohol,,,,,,,,,,,,,,
이소아밀알코올,isoamyl alcohol,,,,,,,,,,,,,,
이소프로필알코올,isopropyl alcohol,,,,,,,,,,,,,,
이슬점,dew point,,,,,,,,,,,,,,
이압성 골괴사,dysbaric osteonecrosis,,,,,,,,,,,,,,
이염화에틸렌,ethylene dichloride,,,,,,,,,,,,,,
이완 ,relaxation,,,,,,,,,,,,,,
이완기 혈압,diastolic blood pressure,,,,,,,,,,,,,,
이젝타,ejector,,,,,,,,,,,,,,
이중시야,diplopia,,,,,,,,,,,,,,
이중절연,double insulation,,,,,,,,,,,,,,
이탈(미끄럼) 방지장치,storm anchor,,,,,,,,,,,,,,
이탈리아산업재해방지협회,ENTE Nazionale Prevenzione Infortuni,,,,,,,,,,,,,,
이학적 소견,physical examination findings,,,,,,,,,,,,,,
이황화탄소,carbon disulfide,,,,,,,,,,,,,,
이황화탄소,carbon disulfide,,,,,,,,,,,,,,
이황화탄소,carbon disulfide,,,,,,,,,,,,,,
이황화탄소,carbon disulfide,,,,,,,,,,,,,,
인간 대 인간 ,man-to-man,,,,,,,,,,,,,,
인간공학,ergonomics,,,,,,,,,,,,,,
인간능력측정,measurement human abilities,,,,,,,,,,,,,,
인간시스템,human system,,,,,,,,,,,,,,
인간특성,human individuality,,,,,,,,,,,,,,
인과모델,cause effect model,,,,,,,,,,,,,,
인너팅,inerting,,,,,,,,,,,,,,
인발,drawing,,,,,,,,,,,,,,
인방블록,lintel block,,,,,,,,,,,,,,
인버터,inverter,,,,,,,,,,,,,,
인버터기동,inverter starting,,,,,,,,,,,,,,
인사관리와 안전,human resource management safety,,,,,,,,,,,,,,
인산,phosphoric acid,,,,,,,,,,,,,,
인산,phosphoric acid,,,,,,,,,,,,,,
"인설 (麟屑, 비늘)",scale,,,,,,,,,,,,,,
인양전자석,lifting magnet,,,,,,,,,,,,,,
인양전자식 부착크레인,magnetic crane,,,,,,,,,,,,,,
인양하중,lifting load,,,,,,,,,,,,,,
인입선,"lead-in wire, service wire",,,,,,,,,,,,,,
인적손해,human loss,,,,,,,,,,,,,,
인적원인 ,human factor,,,,,,,,,,,,,,
인정기준,approval criteria,,,,,,,,,,,,,,
인증,certification,,,,,,,,,,,,,,
인체 뢴트겐 당량: 렘 ,roentgen equivalent man,,,,,,,,,,,,,,
인체면역결핍바이러스,human immunodeficiency viruses,,,,,,,,,,,,,,
인출,drawing out,,,,,,,,,,,,,,
인터록,interlock,,,,,,,,,,,,,,
인터페이스,interface,,,,,,,,,,,,,,
인하도선,down-conductor,,,,,,,,,,,,,,
인하도체,down-conductor,,,,,,,,,,,,,,
인화성물질,flammable substance,,,,,,,,,,,,,,
인화성액체,flammable liquid,,,,,,,,,,,,,,
인화점,flash point,,,,,,,,,,,,,,
일:이십구:삼백 법칙 (하인리히의 법칙),Heinrich's law,,,,,,,,,,,,,,
일과성 허혈발작,transient ischemic attack,,,,,,,,,,,,,,
일반건강진단,general health examination,,,,,,,,,,,,,,
일본건설노동재해방지협회,Japan Construction Safety Health Association,,,,,,,,,,,,,,
일본국제안전위생센터,Japan International Center Occupational Safety Health,,,,,,,,,,,,,,
일본전사적건강증진프로그램,total health promotion plan,,,,,,,,,,,,,,
일본중앙노동재해방지협회,Japan Industrial Safety Health Association,,,,,,,,,,,,,,
일사병,heat exhaustion,,,,,,,,,,,,,,
일산화탄소중독,carbon monoxide poisoning,,,,,,,,,,,,,,
"일상보전, 일상점검 ",daily maintenance,,,,,,,,,,,,,,
일시노동불능 ,temporary disability,,,,,,,,,,,,,,
일시보상 ,lump-sum compensation,,,,,,,,,,,,,,
일시적 청력손실,temporary threshold shift,,,,,,,,,,,,,,
일용근로자,temporary worker,,,,,,,,,,,,,,
일초량,FEV1,,,,,,,,,,,,,,
임계상태,critical state,,,,,,,,,,,,,,
임금,"wages, pay",,,,,,,,,,,,,,
임상검사,clinical checkup,,,,,,,,,,,,,,
임상진찰,clinical examination,,,,,,,,,,,,,,
임시건강진단,temporary health examination,,,,,,,,,,,,,,
임시작업,temporary work,,,,,,,,,,,,,,
임펄스전압,impulse voltage,,,,,,,,,,,,,,
임피던스 다이어그램,impedance diagram,,,,,,,,,,,,,,
임핀저,impinger,,,,,,,,,,,,,,
입경분포 ,particle-size distribution,,,,,,,,,,,,,,
입자가속장치,particle accelerator,,,,,,,,,,,,,,
입자상 물질,"particulate matter, aerosol",,,,,,,,,,,,,,
입자선,corpuscular beam,,,,,,,,,,,,,,
입출하작업,work warehousing shipping goods,,,,,,,,,,,,,,
자각증상,subjective symptom,,,,,,,,,,,,,,
자계,magnetic field,,,,,,,,,,,,,,
자극성 피부염,irritant dermatitis,,,,,,,,,,,,,,
자극성물질,irritants,,,,,,,,,,,,,,
자기방전식 제전기,self-contained breathing apparatus,,,,,,,,,,,,,,
자기소화성 ,self - extinguishment,,,,,,,,,,,,,,
자기연소성 ,self-inflammability,,,,,,,,,,,,,,
자기차단기,magnetic circuit breaker,,,,,,,,,,,,,,
자동경보설비,automatic alarm facility,,,,,,,,,,,,,,
자동경보장치,automatic alarm device,,,,,,,,,,,,,,
자동생화학분석기,automated biochemistry analyser,,,,,,,,,,,,,,
자동소화설비,automatic fire extinguishing system,,,,,,,,,,,,,,
자동송급장치,automatic wire feeder,,,,,,,,,,,,,,
자동이송장치,automatic feeder,,,,,,,,,,,,,,
자동전격방지기,automatic electric shock protection device,,,,,,,,,,,,,,
자동혈구계산기,automated hemocytometer,,,,,,,,,,,,,,
자분탐상시험,magnetic particle testing/inspection,,,,,,,,,,,,,,
자속밀도,magnetic flux density,,,,,,,,,,,,,,
자연발화,"spontaneous combustion, spontaneous ignition",,,,,,,,,,,,,,
자외선 ,ultra violet,,,,,,,,,,,,,,
자율신경,autonomic nerves,,,,,,,,,,,,,,
자율안전,voluntary safety,,,,,,,,,,,,,,
자율안전관리 멤버쉽제도,membership system autonomy safety management,,,,,,,,,,,,,,
자일렌,xylene,다이메틸벤젠,dimethylbenzene,,,,,,,,,,,,
자체검사,voluntary safety inspection,,,,,,,,,,,,,,
자체검사원,voluntary safety inspector,,,,,,,,,,,,,,
작업 ,work,,,,,,,,,,,,,,
작업강도,workload,,,,,,,,,,,,,,
작업경험,work experience,,,,,,,,,,,,,,
작업관련성,work-related ,,,,,,,,,,,,,,
작업관리 ,working control,,,,,,,,,,,,,,
작업금지 ,prohibition work,,,,,,,,,,,,,,
작업동기,motive work,,,,,,,,,,,,,,
작업매뉴얼 ,work manual,,,,,,,,,,,,,,
작업모,cap,,,,,,,,,,,,,,
작업발판,work footing,,,,,,,,,,,,,,
작업손실,work loss,,,,,,,,,,,,,,
작업안전분석,work safety analysis,Job Safety Analysis,JSA,작업안전분석기법,jsa,,,,,,,,,,
작업영역 ,working area,,,,,,,,,,,,,,
작업자 실수분석,human error analysis,,,,,,,,,,,,,,
작업전환,job transfer,,,,,,,,,,,,,,
작업중지 ,suspension work,,,,,,,,,,,,,,
작업중지명령,work suspension notice,,,,,,,,,,,,,,
작업지시서,work instructions,,,,,,,,,,,,,,
작업지휘자,supervisor,,,,,,,,,,,,,,
작업통로 ,working passage,,,,,,,,,,,,,,
작업표준,operation standards,,,,,,,,,,,,,,
작업허가,work permits,,,,,,,,,,,,,,
작업형태,form work,,,,,,,,,,,,,,
작업환경,work environment,,,,,,,,,,,,,,
작업환경측정,work environment monitoring,작측,,,,,,,,,,,,,
항체,antibody,,,,,,,,,,,,,,
작업환경측정 정도관리,quality control program work environment monitoring,,,,,,,,,,,,,,
잔교,landing stage,,,,,,,,,,,,,,
잔기량,residual volume,,,,,,,,,,,,,,
잔기율,RV/TLC ratio,,,,,,,,,,,,,,
잔류가스,"residual gas, afterdamp (mine)",,,,,,,,,,,,,,
잔류전압,residual voltage,,,,,,,,,,,,,,
잔류전하,remanent charge,,,,,,,,,,,,,,
잔재물,residue,,,,,,,,,,,,,,
잔폐기량,residual volume,,,,,,,,,,,,,,
잠금/표지,Lock Out/Tag Out,,,,,,,,,,,,,,
잠금장치,"locking device, locking system",,,,,,,,,,,,,,
잠복기,incubation period,,,,,,,,,,,,,,
잠수기,diving apparatus,,,,,,,,,,,,,,
잠수작업,submerging work,,,,,,,,,,,,,,
잠열,latent heat,,,,,,,,,,,,,,
잠재위험,potential risk,,,,,,,,,,,,,,
잠함,caisson,,,,,,,,,,,,,,
"잠함,잠수작업","caisson chest work, submerged chest work",,,,,,,,,,,,,,
잠함공법(케이슨 공법),caisson method,,,,,,,,,,,,,,
장려제도,encouragement/incentive system,,,,,,,,,,,,,,
장해보상금,disability compensation,,,,,,,,,,,,,,
재난,disaster,,,,,,,,,,,,,,
재료시험성적서,material testing report,,,,,,,,,,,,,,
재비기,reboiler,,,,,,,,,,,,,,
재생불량성 빈혈,aplastic anemia,,,,,,,,,,,,,,
재해 ,"accident, disaster",,,,,,,,,,,,,,
재해빈발자 ,accident-prone individual,,,,,,,,,,,,,,
재해예방 ,accident prevention,,,,,,,,,,,,,,
재해예방전문기관,organization dedicated accident prevention,,,,,,,,,,,,,,
재해원인 ,accident causes,,,,,,,,,,,,,,
재해율,accident rate,,,,,,,,,,,,,,
재해코스트,accident cost,,,,,,,,,,,,,,
중이염,otitis media,,,,,,,,,,,,,,
케노트론,kenotron,,,,,,,,,,,,,,
중추신경계,central nervous system,,,,,,,,,,,,,,
중추신경계장해,impairment central nervous system,,,,,,,,,,,,,,
중하전입자선,heavy charged particle beam,,,,,,,,,,,,,,
중합,polymerization,,,,,,,,,,,,,,
중합도,degree polymerization,,,,,,,,,,,,,,
즉각적 생명 및 건강위협농도,immediately dangerous life health concentrations,,,,,,,,,,,,,,
증기,vapor,,,,,,,,,,,,,,
증기보일러,steam boiler,,,,,,,,,,,,,,
증기압,vapor pressure,,,,,,,,,,,,,,
증기운 폭발,vapour cloud explosion,,,,,,,,,,,,,,
증류탑,distillation tower,,,,,,,,,,,,,,
증발기,evaporator,,,,,,,,,,,,,,
지각과정,perception process,,,,,,,,,,,,,,
지골단융해증,acro-osteolysis,,,,,,,,,,,,,,
지그 ,jig,,,,,,,,,,,,,,
지락,"ground fault, earth fault",,,,,,,,,,,,,,
지락보호,earth fault protection,,,,,,,,,,,,,,
지락사고,ground fault,,,,,,,,,,,,,,
지락전류,ground fault current,,,,,,,,,,,,,,
지루성  피부염,seborrheic dermatitis,,,,,,,,,,,,,,
지르코늄과 화합물,zirconium compounds,,,,,,,,,,,,,,
지름길 반응,shortcut response,,,,,,,,,,,,,,
지방간,fatty liver,,,,,,,,,,,,,,
지보공,timbering,,,,,,,,,,,,,,
지역시료 채취방법,area sampling method,,,,,,,,,,,,,,
지오티,aspartic aminotransferase,,,,,,,,,,,,,,
지적확인,one-point training,,,,,,,,,,,,,,
지정측정기관,designated measurement institute,,,,,,,,,,,,,,
지주막하출혈,subarachnoid hemorrhage,,,,,,,,,,,,,,
지중보,ground beam,,,,,,,,,,,,,,
지중전선로,underground electric cable,,,,,,,,,,,,,,
지질주상도,geologic columnar section,,,,,,,,,,,,,,
지혈점,hemostasis point,,,,,,,,,,,,,,
직격뢰,direct lightning,,,,,,,,,,,,,,
직결식 마스크,direct connection mask,,,,,,,,,,,,,,
"직기, 베틀","loom, weaving machine",,,,,,,,,,,,,,
직독식기구,direct-reading instrument,,,,,,,,,,,,,,
직렬리액터,series reactor,,,,,,,,,,,,,,
직렬콘덴서,series condenser/capacitor,,,,,,,,,,,,,,
직류전원,direct current power,,,,,,,,,,,,,,
직무만족,job satisfaction,,,,,,,,,,,,,,
직무분석 ,job analysis,,,,,,,,,,,,,,
직무설계 ,job design,,,,,,,,,,,,,,
직무스트레스,job stress,직무 스트레스,직장 스트레스,직장스트레스,업무스트레스,정신적 스트레스,,,,,,,,,
직무평가,job evaluation,,,,,,,,,,,,,,
"직업건강의, 산업보건의 ",occupational physicians,,,,,,,,,,,,,,
직업병,occupational disease,,,,,,,,,,,,,,
직업재활,occupational rehabilitation,,,,,,,,,,,,,,
직장,foreman,,,,,,,,,,,,,,
직접비 ,direct cost,,,,,,,,,,,,,,
직접원인 ,direct cause,,,,,,,,,,,,,,
직접채취방법,direct sampling method,,,,,,,,,,,,,,
직종상관성,correlation with job type,,,,,,,,,,,,,,
진공도,degree vacuum,,,,,,,,,,,,,,
진공접촉기,vacuum contactor switch,,,,,,,,,,,,,,
진공차단기,vacuum circuit breaker,vcb,,,,,,,,,,,,,
진공펌프,vacuum pump,,,,,,,,,,,,,,
진동,"vibration, oscillation",,,,,,,,,,,,,,
진동가속도레벨 ,vibration acceleration level,,,,,,,,,,,,,,
"진동각, 진동감각","pallesthesia, palmesthesia",,,,,,,,,,,,,,
진동작업,vibration work,work that occur vibration,Vibration Work,,,,,,,,,,,,
진동장해 ,vibration hazard,,,,,,,,,,,,,,
진전(떨림),tremor,,,,,,,,,,,,,,
진폐정도관리,quality control pneumoconiosis,,,,,,,,,,,,,,
진폐정밀진단,precise examination pneumoconiosis,,,,,,,,,,,,,,
진폐증,pneumoconiosis,,,,,,,,,,,,,,
진폭 ,amplitude,,,,,,,,,,,,,,
질량검출기,mass detector,,,,,,,,,,,,,,
질량분석계,mass spectrometer,,,,,,,,,,,,,,
질량중위직경,mass median diameter,,,,,,,,,,,,,,
집수조,water storage tank,,,,,,,,,,,,,,
집적회로,integrated circuit,,,,,,,,,,,,,,
집전장치 ,current collector,,,,,,,,,,,,,,
집진장치,impinger,,,,,,,,,,,,,,
쯔쯔가무시병,"tsutsugamushi disease, scrub typhus",,,,,,,,,,,,,,
찔림,"puncture wound, stab",,,,,,,,,,,,,,
차광보호구,lightproof protective equipment,,,,,,,,,,,,,,
재해형태 ,accident form,,,,,,,,,,,,,,
재활 ,rehabilitation,,,,,,,,,,,,,,
저나트륨혈증,hyponatremia,,,,,,,,,,,,,,
저비용고효율 산재예방기법,cost-performance loss prevention,,,,,,,,,,,,,,
저산소증,hypoxia,,,,,,,,,,,,,,
저압전기설비,low-voltage electrical installation /equipment,,,,,,,,,,,,,,
저압탱크,low pressure tank,,,,,,,,,,,,,,
저온업무,low temperature work,,,,,,,,,,,,,,
저장탱크,storage tank,,,,,,,,,,,,,,
저장탱크,storage tank,,,,,,,,,,,,,,
저전압보호장치,low-voltage protection device,,,,,,,,,,,,,,
저항소자,resistance element,,,,,,,,,,,,,,
저항온도계,resistance pyrometer,,,,,,,,,,,,,,
저휘도,low brightness,,,,,,,,,,,,,,
적성배치,disposition aptitude test,,,,,,,,,,,,,,
적외선분광분석기,infrared spectrometer,,,,,,,,,,,,,,
적재함,cargo box,cage,,,,,,,,,,,,,
적정한 공기,adequate air,,,,,,,,,,,,,,
적혈구,"red blood cell, erythrocyte",,,,,,,,,,,,,,
적혈구침강속도,Erythrocyte Sedimentation Rate,,,,,,,,,,,,,,
전계,electric field,,,,,,,,,,,,,,
전광표시,electroluminescent display,,,,,,,,,,,,,,
전기기계·기구,electrical machinery apparatus,,,,,,,,,,,,,,
전기단선도,electric single-line diagram,,,,,,,,,,,,,,
전기로,electric furnace,,,,,,,,,,,,,,
전기모선,electric busbar,,,,,,,,,,,,,,
전기발광,electric luminescence,,,,,,,,,,,,,,
전기발파,electric blasting,,,,,,,,,,,,,,
전기방식,electrolytic protection,,,,,,,,,,,,,,
전기변환장치,electric converter ,,,,,,,,,,,,,,
전기식 압력계,electric pressure gauge,,,,,,,,,,,,,,
전기저항률,electrical resistivity,,,,,,,,,,,,,,
전기적 과도현상,"electrical fast transients, burst phenomenon",,,,,,,,,,,,,,
전기적 연속성,electrical continuity,,,,,,,,,,,,,,
전기집진기,electric precipitator,,,,,,,,,,,,,,
전기취급지역,electrical operating area,,,,,,,,,,,,,,
전단기 ,shearing machine,,,,,,,,,,,,,,
전도,tripping,,,,,,,,,,,,,,
전도장해,conducted interference,,,,,,,,,,,,,,
전동공구,portable power tools,,,,,,,,,,,,,,
전동기,"motor, electric motor",,,,,,,,,,,,,,
전동식 양중기,motor-type crane/hoist,,,,,,,,,,,,,,
전력계통,"electric power system, power system",,,,,,,,,,,,,,
전력퓨즈,power fuse,,,,,,,,,,,,,,
전로,electric line,,,,,,,,,,,,,,
제트화재,jet fire,,,,,,,,,,,,,,
전류동작형 회로차단기,earth leakage circuit breaker,,,,,,,,,,,,,,
전리,ionization,,,,,,,,,,,,,,
전사적 품질관리,Total Quality Control,,,,,,,,,,,,,,
전선관,conduit tube,,,,,,,,,,,,,,
전선로,electric line,,,,,,,,,,,,,,
전선의 식별표시,identification marking conductors,,,,,,,,,,,,,,
전식,electrolytic corrosion,,,,,,,,,,,,,,
전압,voltage,,,,,,,,,,,,,,
전압강하,voltage drop,,,,,,,,,,,,,,
전압변동률,voltage regulation,,,,,,,,,,,,,,
전압불평형,voltage unbalance,,,,,,,,,,,,,,
전압인가식 제전기,electrostatic remover with voltage application type,,,,,,,,,,,,,,
전완부,forearm area,,,,,,,,,,,,,,
전위강하법,fall potential method,,,,,,,,,,,,,,
전위경도,potential gradient,,,,,,,,,,,,,,
전위상승,dislocation climb,,,,,,,,,,,,,,
전음성 난청,conductive hearing loss,,,,,,,,,,,,,,
전자개폐기,electromagnetic switch,,,,,,,,,,,,,,
전자볼트,electron volt,,,,,,,,,,,,,,
전자식 유량계,electromagnetic flow meter,,,,,,,,,,,,,,
전자유도,electromagnetic induction,,,,,,,,,,,,,,
전자접촉기,electromagnetic contactor,,,,,,,,,,,,,,
전자파,electromagnetic wave,,,,,,,,,,,,,,
전자파 내성,Electromagnetic Susceptibility/Immunity,,,,,,,,,,,,,,
전자파 적합성,Electromagnetic Compatibility,,,,,,,,,,,,,,
전자파장해(간섭),electromagnetic interference,,,,,,,,,,,,,,
전자포획검출기,electron capture detector,,,,,,,,,,,,,,
전체환기,"general ventilation, dilution ventilation",,,,,,,,,,,,,,
전체환기장치 ,general ventilation device,,,,,,,,,,,,,,
전파장애,Radio-Frequency Interference,,,,,,,,,,,,,,
전폐형,totally enclosed type,,,,,,,,,,,,,,
절단,cutting,,,,,,,,,,,,,,
절단점,cutting point,,,,,,,,,,,,,,
절단하중,breaking load,,,,,,,,,,,,,,
절대압력,absolute pressure,,,,,,,,,,,,,,
절리,joint,,,,,,,,,,,,,,
절상,fracture,,,,,,,,,,,,,,
절연,insulation,,,,,,,,,,,,,,
절연내력,dielectric strength,,,,,,,,,,,,,,
절연도체,insulated conductor,,,,,,,,,,,,,,
절연방호판,isolated sheet,,,,,,,,,,,,,,
절연변압기,isolation transformer,,,,,,,,,,,,,,
절연봉,"insulating stick, rod",,,,,,,,,,,,,,
절연부싱,insulating bushing,,,,,,,,,,,,,,
절연열화,insulation deterioration,,,,,,,,,,,,,,
절연용 방호구,insulation isolator,,,,,,,,,,,,,,
절연용 보호구,Insulating protective equipment,,,,,,,,,,,,,,
절연재료,insulation material,,,,,,,,,,,,,,
절연저항,insulation resistance,,,,,,,,,,,,,,
절연저항계,insulation resistance tester,,,,,,,,,,,,,,
절연파괴,insulation breakdown,,,,,,,,,,,,,,
절연파괴시험,dielectric breakdown test,,,,,,,,,,,,,,
절연피복,insulation coating,,,,,,,,,,,,,,
절연협조,insulation coordination,,,,,,,,,,,,,,
절환 개폐기,changeover switch,,,,,,,,,,,,,,
점퍼,jumper,,,,,,,,,,,,,,
점화버너,ignition burner,,,,,,,,,,,,,,
접속기,connector,,,,,,,,,,,,,,
접지,"earthing, grounding",,,,,,,,,,,,,,
접지간선,grounding main line,,,,,,,,,,,,,,
접지개폐기,grounding switch,,,,,,,,,,,,,,
접지극,grounding electrode,,,,,,,,,,,,,,
접지극용도체,grounding electrode conductor,,,,,,,,,,,,,,
접지도체,grounded conductor,,,,,,,,,,,,,,
접지모선,grounding busbar,,,,,,,,,,,,,,
접지설비,earthing facility,,,,,,,,,,,,,,
접지용 도체,grounding conductor,,,,,,,,,,,,,,
접지임피던스,ground impedance,,,,,,,,,,,,,,
접지저항,earthing resistance,,,,,,,,,,,,,,
접지전극선,grounding electrode wire,,,,,,,,,,,,,,
접지측 도체,ground connection conductor,,,,,,,,,,,,,,
접지측전선,grounding wire,,,,,,,,,,,,,,
접촉방전,contact discharge,,,,,,,,,,,,,,
접촉성 피부염,contact dermatitis,,,,,,,,,,,,,,
접촉전류,contact current,,,,,,,,,,,,,,
접촉전압,touch voltage,,,,,,,,,,,,,,
정격속도 ,rated speed,,,,,,,,,,,,,,
정격용량,rated capacity,,,,,,,,,,,,,,
정격전류,rated current,,,,,,,,,,,,,,
정격하중,rated load,,,,,,,,,,,,,,
정기검사,periodic inspection,,,,,,,,,,,,,,
정기교육,periodic education,,,,,,,,,,,,,,
정기점검 ,periodic surveillance,,,,,,,,,,,,,,
정도관리,quality control,,,,,,,,,,,,,,
정량분석,quantitative analysis,,,,,,,,,,,,,,
정량적 위험성 평가,quantitative risk analysis,,,,,,,,,,,,,,
정량한계,"limit quantitation, limit quantification",,,,,,,,,,,,,,
정련,refining,,,,,,,,,,,,,,
정련기,refining machine,,,,,,,,,,,,,,
정렬,sorting,,,,,,,,,,,,,,
정류,rectification,,,,,,,,,,,,,,
정밀도,precision,,,,,,,,,,,,,,
정밀안전진단,close safety diagnosis,,,,,,,,,,,,,,
정변위 압축기,positive displacement compressor,,,,,,,,,,,,,,
정변위 펌프,positive displacement pump,,,,,,,,,,,,,,
정보처리,information processing,,,,,,,,,,,,,,
정비,maintenance,,,,,,,,,,,,,,
정상사상,top event,,,,,,,,,,,,,,
정서안정성 ,emotional stability,,,,,,,,,,,,,,
정설도갱,top heading,,,,,,,,,,,,,,
정성분석,qualitative analysis,,,,,,,,,,,,,,
정성적위험성 평가 ,qualitative risk analysis,,,,,,,,,,,,,,
정션박스,junction box,,,,,,,,,,,,,,
정신장해,mental impairment,,,,,,,,,,,,,,
정압,static pressure,,,,,,,,,,,,,,
정압기실,governor chamber,,,,,,,,,,,,,,
정액검사,semen analysis,,,,,,,,,,,,,,
정자감소증,oligospermia,,,,,,,,,,,,,,
정적파쇄제,static crushing agent,,,,,,,,,,,,,,
정전기,static electricity,,,,,,,,,,,,,,
정전기대전,static electricity electrification,,,,,,,,,,,,,,
정전기방전,electro static discharge,,,,,,,,,,,,,,
정전기불꽃,static electricity spark,,,,,,,,,,,,,,
정전작업,work stopping electric current,,,,,,,,,,,,,,
정확도,accuracy,,,,,,,,,,,,,,
제1선 감독자 ,forefront supervisor,,,,,,,,,,,,,,
제1종 분진,first group dust,,,,,,,,,,,,,,
제1차. 2차. 3차 산업,"primary, secondary, tertiary industries",,,,,,,,,,,,,,
제2종분진 ,second group dust,,,,,,,,,,,,,,
제3종 분진 ,third group dust,,,,,,,,,,,,,,
제동장치,"braking device, brake",,,,,,,,,,,,,,
제련,smelting,,,,,,,,,,,,,,
"제방, 댐",dam,,,,,,,,,,,,,,
제베크효과,Seebeck effect,,,,,,,,,,,,,,
제빙고,ice manufacture warehouse,,,,,,,,,,,,,,
제안제도 ,suggestion system,,,,,,,,,,,,,,
제어 스위치,control switch,,,,,,,,,,,,,,
제어밸브 ,control valve,,,,,,,,,,,,,,
제어장비,control equipment,,,,,,,,,,,,,,
제어장치,controlling device,,,,,,,,,,,,,,
감시인,guardian ,,,,,,,,,,,,,,
제어풍속,control velocity,capture velocity,Control Velocity,Capture Velocity,,,,,,,,,,,
제어회로,control circuit,,,,,,,,,,,,,,
제원표,specification,,,,,,,,,,,,,,
제작기준,manufacturing standards,Manufacturing Standards,Manufacturing standards,,,,,,,,,,,,
제제,pharmaceutical,제약,,,,,,,,,,,,,
제조 등의 금지물질,banned substances manufacturing process,,,,,,,,,,,,,,
제조물책임,product liability,,,,,,,,,,,,,,
제진장치 ,particulate control device,,,,,,,,,,,,,,
제한속도,limit speed,speed limit,Speed Limit,Limit Speed,,,,,,,,,,,
제한전압,clamping voltage,,,,,,,,,,,,,,
조립도,assembly drawing,,,,,,,,,,,,,,
조속기 ,"governor, speed limiter",,,,,,,,,,,,,,
조업기간,work period,,,,,,,,,,,,,,
조업중단,operation interruption,,,,,,,,,,,,,,
조울증,"manic-depressive psychosis, bipolar disorder ",,,,,,,,,,,,,,
조장,leader,,,,,,,,,,,,,,
조종석,cockpit ,,,,,,,,,,,,,,
조짐방사선증후군,prodromal radiation syndrome,,,,,,,,,,,,,,
조현병 (정신분열증),schizophrenia,,,,,,,,,,,,,,
조혈기계,hematopoietic system,,,,,,,,,,,,,,
조혈기장해,impairment hematopoietic system,,,,,,,,,,,,,,
조형,molding,,,,,,,,,,,,,,
종격동,mediastinum,,,,,,,,,,,,,,
종단속도,terminal velocity,,,,,,,,,,,,,,
종양,tumor,,,,,,,,,,,,,,
종이재단기,paper cutting machine,,,,,,,,,,,,,,
종합안전보건관리,overall safety health management,,,,,,,,,,,,,,
종합위험관리체제,Integrated Risk Management System,,,,,,,,,,,,,,
종합재해지수 ,Frequency-Severity Indicator,,,,,,,,,,,,,,
좌굴,buckling,,,,,,,,,,,,,,
죔쇠,fastener,,,,,,,,,,,,,,
주관절,elbow joint,,,,,,,,,,,,,,
주동토압,active earth pressure,,,,,,,,,,,,,,
주물,casting,,,,,,,,,,,,,,
주민홍보계획,awareness raising plan residents ,local resident information plan,,,,,,,,,,,,,
주석,tin,,,,,,,,,,,,,,
주석,tin,,,,,,,,,,,,,,
주의,caution,,,,,,,,,,,,,,
주의력,attentiveness,,,,,,,,,,,,,,
주차용 승강기,car elevator,,,,,,,,,,,,,,
주파수,frequency,,,,,,,,,,,,,,
주파수 보정회로 ,frequency weighting filter,,,,,,,,,,,,,,
주파수 분석기,"spectrum analyzer, octave band analyzer",,,,,,,,,,,,,,
주행크레인,overhead crane,,,,,,,,,,,,,,
주형조형기,molding machine,Molding Machine,Molding machine,,,,,,,,,,,,
죽상동맥경화증,atherosclerosis,,,,,,,,,,,,,,
준설,dredging,,,,,,,,,,,,,,
중간관리자 ,middle manager,,,,,,,,,,,,,,
중간체,intermediate,,,,,,,,,,,,,,
중고령자,middle-aged elderly,,,,,,,,,,,,,,
중국 국가안전생산 감독관리총국,State Administration Work Safety,,,,,,,,,,,,,,
중대사고 위험통제,control major accident hazards,,,,,,,,,,,,,,
중대산업사고 ,major industrial accidents,,,,,,,,,,,,,,
중대재해 ,serious accident,Serious Accident,중대 재해,,,,,,,,,,,,
중량 분석방법 ,gravimetric method,,,,,,,,,,,,,,
중량물 취급작업,heavy material handling,,,,,,,,,,,,,,
중력침강장치,gravitational settling device/chamber,,,,,,,,,,,,,,
중복설계,overlapping design,redundant design,Overlapping Design,Overlapping design,Rebundant Design,,,,,,,,,,
중상 ,heavy injury,,,,,,,,,,,,,,
중성점 접지방식,grounded neutral system,,,,,,,,,,,,,,
중소기업,small medium enterprises,,,,,,,,,,,,,,
중양자선,deuteron ray,,,,,,,,,,,,,,
요관찰자,observed person,,,,,,,,,,,,,,
요단백,urine protein,,,,,,,,,,,,,,
요당,urine glucose,,,,,,,,,,,,,,
요비중,urine specific gravity,,,,,,,,,,,,,,
요세포검사,urine cytology,,,,,,,,,,,,,,
요소질소,"BUN, blood urea nitrogen",,,,,,,,,,,,,,
요양급여,medical treatment benefit,,,,,,,,,,,,,,
요양기준,criterion medical treatment ,,,,,,,,,,,,,,
요양신청,application treatment recuperation,,,,,,,,,,,,,,
요오드,iodine,,,,,,,,,,,,,,
요오드,iodine,,,,,,,,,,,,,,
요오드화메틸,methyl iodide,,,,,,,,,,,,,,
요오드화메틸,methyl iodide,,,,,,,,,,,,,,
요주의자,person requiring special medical attention,,,,,,,,,,,,,,
요중 베타2 마이크로글로불린,urine β2 microglobulin,,,,,,,,,,,,,,
요침사 현미경검사,urine microscopic examination,,,,,,,,,,,,,,
용광로,blast furnace,,,,,,,,,,,,,,
용단작업,cutting,,,,,,,,,,,,,,
용선로,cupola furnace,,,,,,,,,,,,,,
용융온도,fusing temperature,,,,,,,,,,,,,,
용적시간 곡선,volume-time curve,,,,,,,,,,,,,,
용접봉 ,welding rod,,,,,,,,,,,,,,
용접봉 홀더,welding electrode holder,,,,,,,,,,,,,,
용접이음,welding joint,,,,,,,,,,,,,,
용접자세,welding position,,,,,,,,,,,,,,
용접흄,welding fume,,,,,,,,,,,,,,
용해 아세틸렌,dissolved acetylene,,,,,,,,,,,,,,
용해기,melting machine,,,,,,,,,,,,,,
용해탱크,melting tank,,,,,,,,,,,,,,
우물통,caisson,,,,,,,,,,,,,,
운동마비,paralysis,,,,,,,,,,,,,,
운동부하시험,exercise stress test,,,,,,,,,,,,,,
운동신경,motor nerve,,,,,,,,,,,,,,
운동실조,ataxia,,,,,,,,,,,,,,
운동지수,motor quotient,,,,,,,,,,,,,,
운동형태의 기계 인간계,human-machine system,,,,,,,,,,,,,,
운반구,carrier,,,,,,,,,,,,,,
운전지침서,operation guidebook,,,,,,,,,,,,,,
울,enclosure,fence,펜스,휀스,팬스,,,,,,,,,,
워크 레스트,work rest,,,,,,,,,,,,,,
원동기,prime mover,,,,,,,,,,,,,,
원발성,primary,,,,,,,,,,,,,,
원심기,centrifuge,,,,,,,,,,,,,,
원심분리기,centrifugal separator,,,,,,,,,,,,,,
원심펌프,centrifugal pump,,,,,,,,,,,,,,
원인결과분석,cause-consequence analysis,,,,,,,,,,,,,,
원자력안전,atomic energy safety,,,,,,,,,,,,,,
원자흡광광도계,atomic absorption spectrometer,,,,,,,,,,,,,,
원주속도,circumferential speed,,,,,,,,,,,,,,
원포인트 위험예지훈련,one point foreknowledge training,,,,,,,,,,,,,,
원형톱기계,circular sawing machine,,,,,,,,,,,,,,
월톤-베켓 그래티큘,Walton-Beckett graticule,,,,,,,,,,,,,,
위상차 현미경,phase contrast microscope,,,,,,,,,,,,,,
위험,danger,,,,,,,,,,,,,,
위험과 운전분석,hazards ＆ operability,,,,,,,,,,,,,,
위험기계기구,dangerous machine & equipment,,,,,,,,,,,,,,
위험기반검사,Risk-based Inspection,,,,,,,,,,,,,,
위험도,risk,,,,,,,,,,,,,,
위험등급,danger grade,,,,,,,,,,,,,,
위험물,dangerous material,,,,,,,,,,,,,,
위험상황신고센터,center dangerous status report,,,,,,,,,,,,,,
위험성 감소,risk reduction,,,,,,,,,,,,,,
위험성 관리,risk management,,,,,,,,,,,,,,
위험성 분석,risk analysis,,,,,,,,,,,,,,
위험성 측정,risk estimation,,,,,,,,,,,,,,
위험성 평가,risk assessment,,,,,,,,,,,,,,
위험성 평가기법,risk assessment methods,,,,,,,,,,,,,,
위험요소,hazard,,,,,,,,,,,,,,
위험유해업무,hazardous work,,,,,,,,,,,,,,
위험점,hazard point,,,,,,,,,,,,,,
위험충전부,dangerous electric charging part ,,,,,,,,,,,,,,
윈저화,"winsorization, winsorizing",,,,,,,,,,,,,,
윈치,winch,,,,,,,,,,,,,,
윌슨병,Wilson's disease,,,,,,,,,,,,,,
윙 서포터,wing supporter,,,,,,,,,,,,,,
유기분석,organic analysis,,,,,,,,,,,,,,
유기산,organic acid,,,,,,,,,,,,,,
유기염소제 ,organic chlorine agent,Organic Chlorine Agent,,,,,,,,,,,,,
유기화합물,organic compound,,,,,,,,,,,,,,
유기화합물취급특별장소,special workplace treatment organic compounds,,,,,,,,,,,,,,
유니버셜,universal,,,,,,,,,,,,,,
유니온 커플링,union coupling,,,,,,,,,,,,,,
아미,그물,,,,,,,,,,,,,,
화학물질 과민증,multiple chemical sensitivity,,,,,,,,,,,,,,
화학물질안전보건센터,center chemicals safety health,,,,,,,,,,,,,,
화학물질안전보건연구센터,chemical safety health research center,,,,,,,,,,,,,,
화학물질유해성조사,investigation harmfulness chemicals,,,,,,,,,,,,,,
화학반응,chemical reaction,,,,,,,,,,,,,,
화학설비,chemical equipment,,,,,,,,,,,,,,
화학성 폐렴,chemical pneumonitis,,,,,,,,,,,,,,
확동클러치,positive clutch,,,,,,,,,,,,,,
확률오차,probable error,,,,,,,,,,,,,,
확산기능검사,diffusion function test,,,,,,,,,,,,,,
환기,ventilation,,,,,,,,,,,,,,
환기가 충분한 장소,fresh air area,,,,,,,,,,,,,,
환기예비율,ventilatory reserve,,,,,,,,,,,,,,
환기장치 ,ventilation device,,,,,,,,,,,,,,
환기지수,ventilation rate,,,,,,,,,,,,,,
환류비,reflux ratio,,,,,,,,,,,,,,
활동적 성향 ,active inclination,,,,,,,,,,,,,,
활선작업,live-line work,,,,,,,,,,,,,,
활성탄 ,active carbon,,,,,,,,,,,,,,
활성탄관,charcoal tube,,,,,,,,,,,,,,
활성화에너지,activation energy,,,,,,,,,,,,,,
활액낭염,bursitis,,,,,,,,,,,,,,
황달,jaundice,,,,,,,,,,,,,,
황린성냥,yellow phosphorous match,,,,,,,,,,,,,,
황산,sulfuric acid,,,,,,,,,,,,,,
황산,sulfuric acid,,,,,,,,,,,,,,
황산,sulfuric acid,,,,,,,,,,,,,,
황산 디메틸,dimethyl sulfate,,,,,,,,,,,,,,
황산화물 ,sulfur oxides,,,,,,,,,,,,,,
황체형성호르몬,luteinizing hormone,,,,,,,,,,,,,,
회귀성 경향 ,cyclic tendency,,,,,,,,,,,,,,
회로도,circuit diagram,,,,,,,,,,,,,,
회분식 반응기,batch reactor,,,,,,,,,,,,,,
회분식공정,batch process,,,,,,,,,,,,,,
회수설비,recovery equipment,,,,,,,,,,,,,,
회전기계,rotary machine,,,,,,,,,,,,,,
회전축,axis rotation,,,,,,,,,,,,,,
회화방해도 ,speech interference level,,,,,,,,,,,,,,
후각피로,olfactory fatigue,,,,,,,,,,,,,,
후강 전선관,rigid steel conduit,,,,,,,,,,,,,,
후드 ,hood,,,,,,,,,,,,,,
후드유입손실,hood entry loss,,,,,,,,,,,,,,
후비보호,backup protection,,,,,,,,,,,,,,
후천성면역결핍증,acquired immune deficiency syndrome,,,,,,,,,,,,,,
훅,hook,,,,,,,,,,,,,,
훅,hook,,,,,,,,,,,,,,
훈소,smoldering,,,,,,,,,,,,,,
훈증,fumigation,,,,,,,,,,,,,,
훼일러 클로즈,failure close,,,,,,,,,,,,,,
휘발성 유기화합물,volatile organic compounds,VOC,VOCs,휘발성유기화합물,Voc,voc,,,,,,,,,
휘발성 콜타르피치,coal tar pitch volatiles,,,,,,,,,,,,,,
휠 크레인 ,wheel crane,,,,,,,,,,,,,,
휴게시설,resting facilities ,resting facility,Resting Facilities,Resting facilities,Resting facility,휴게실,휴게공간,,,,,,,,
휴대용 연삭기 ,portable grinding machine,핸드그라인더,,,,,,,,,,,,,
휴업재해,accident resulting temporary rest worker,,,,,,,,,,,,,,
흄,fume,,,,,,,,,,,,,,
흉곽성분진,thoracic particulate mass,,,,,,,,,,,,,,
흉막염,pleuritis,,,,,,,,,,,,,,
흑구온도,globe temperature,,,,,,,,,,,,,,
흙막이 지보공,earth retaining timbering ,흙막이지보공,흙막이가시설,흙막이 가시설,,,,,,,,,,,
흡광광도 분석법 ,spectrophtometry,,,,,,,,,,,,,,
흡기 폐활량,inspiratory vital capacity,,,,,,,,,,,,,,
흡수액,absorbent,,,,,,,,,,,,,,
흡수탑,scrubber,,,,,,,,,,,,,,
흡음,sound absorption,,,,,,,,,,,,,,
흡음재 ,sound absorbing material,,,,,,,,,,,,,,
흡입독성,inhalation toxicity,,,,,,,,,,,,,,
흡입성분진 ,inhalable particulate mass,,,,,,,,,,,,,,
흡착,adsorption,,,,,,,,,,,,,,
희석환기,ventilation dilution,,,,,,,,,,,,,,
히빙,heaving,,,,,,,,,,,,,,
히트 트레이싱,heat tracing,,,,,,,,,,,,,,
인화성 액체 등을 수시로 취급하는 장소,place regularly handling flammable liquid ,,,,,,,,,,,,,,
발생기실의 설치장소,place install generator room ,,,,,,,,,,,,,,
출입의 금지,restricted are,,,,,,,,,,,,,,
특수건강검진기관,special medical examination provider,,,,,,,,,,,,,,
배기관,vent pipe ,,,,,,,,,,,,,,
가속기,accelerator ,,,,,,,,,,,,,,
활선접근경보장치,access warning device active electric line,,,,,,,,,,,,,,
재해예방전문지도기관,accident prevention consulting organization,,,,,,,,,,,,,,
차단기,circuit breaker,,,,,,,,,,,,,,
차단밸브,block valve,,,,,,,,,,,,,,
차단전류,breaking current,,,,,,,,,,,,,,
차량 통행금지,prohibition vehicle passage,,,,,,,,,,,,,,
차음,sound insulation,,,,,,,,,,,,,,
차폐물,blockage,,,,,,,,,,,,,,
착각 ,illusion,,,,,,,,,,,,,,
착오 ,error,,,,,,,,,,,,,,
착오적 성격,misapprehension personality,,,,,,,,,,,,,,
찰과상,abrasion,,,,,,,,,,,,,,
창상,wound,,,,,,,,,,,,,,
채석작업,stone-cutting work,Stone-cutting work,채석 작업,,,,,,,,,,,,
채용시 교육,training new hires,,,,,,,,,,,,,,
책임분계점,responsibility point,,,,,,,,,,,,,,
척수소뇌변성증,spinocerebellar degeneration,,,,,,,,,,,,,,
척추고정판,spinal board,,,,,,,,,,,,,,
척추분리증,spondylolysis,,,,,,,,,,,,,,
"척추체전방전위증,척추전방전위증 ",spondylolisthesis,,,,,,,,,,,,,,
천공,boring,보링,,,,,,,,,,,,,
천명,wheezing,,,,,,,,,,,,,,
천식,asthma,,,,,,,,,,,,,,
천정,ceiling,,,,,,,,,,,,,,
천정크레인,"overhead crane, bridge crane",,,,,,,,,,,,,,
철결핍성 빈혈,iron deficiency anemia,,,,,,,,,,,,,,
철손,iron loss,,,,,,,,,,,,,,
첨가제,additive,,,,,,,,,,,,,,
첩포검사,patch test,,,,,,,,,,,,,,
첩포시험,patch test,,,,,,,,,,,,,,
청력 검사기,audiometer,,,,,,,,,,,,,,
청력보존 프로그램,hearing conservation program,,,,,,,,,,,,,,
청력보호구,hearing care tool,,,,,,,,,,,,,,
청력역치,hearing threshold,,,,,,,,,,,,,,
청력장해,hearing impairment,,,,,,,,,,,,,,
청력정도관리,quality control program audiometry,,,,,,,,,,,,,,
청색증,cyanosis,,,,,,,,,,,,,,
청석면,crocidolite,,,,,,,,,,,,,,
청소청결,cleaning & hygiene,,,,,,,,,,,,,,
청정실 ,clean room,,,,,,,,,,,,,,
청진,auscultation,,,,,,,,,,,,,,
체인,chain,,,,,,,,,,,,,,
체인블럭 ,chain block,,,,,,,,,,,,,,
체인슬링,chain sling,,,,,,,,,,,,,,
체크밸브 ,check valve,,,,,,,,,,,,,,
체험식 안전교육,experience-based safety training,,,,,,,,,,,,,,
초기고장,initial failure ,,,,,,,,,,,,,,
초기사건,initiating event,,,,,,,,,,,,,,
초산,acetic acid,,,,,,,,,,,,,,
초산 메틸,methyl acetate,메틸아세테이트,아세트산메틸,,,,,,,,,,,,
초산 에틸,ethyl acetate,에틸아세테이트,아세트산에틸,초산 에틸 에스테르,acetic acid ethyl ester,,,,,,,,,,
초산 이소부틸,isobutyl acetate,,,,,,,,,,,,,,
초산 이소아밀,isoamyl acetate,,,,,,,,,,,,,,
초산 이소프로필,isopropyl acetate,,,,,,,,,,,,,,
초음파,"ultrasound, ultrasonic sound",,,,,,,,,,,,,,
초음파검사,ultrasonic examination,,,,,,,,,,,,,,
초음파두께측정기 ,ultrasonic thickness gauge,,,,,,,,,,,,,,
초저전압,extra-low voltage,,,,,,,,,,,,,,
촉매 ,catalyst,,,,,,,,,,,,,,
촉진,palpation,,,,,,,,,,,,,,
총 삼염화물,total trichloride,,,,,,,,,,,,,,
총단백질,total protein,,,,,,,,,,,,,,
총분진,total dust,,,,,,,,,,,,,,
총빌리루빈,total bilirubin,,,,,,,,,,,,,,
총콜레스테롤,total cholesterol,,,,,,,,,,,,,,
최고노출근로자,workers most exposed hazardous risks,,,,,,,,,,,,,,
최고노출기준 ,ceiling,,,,,,,,,,,,,,
최고사용압력 ,maximum operating pressure,,,,,,,,,,,,,,
최고전압,highest voltage,,,,,,,,,,,,,,
다나,선반,,,,,,,,,,,,,,
최고표면온도,maximum surface temperature,,,,,,,,,,,,,,
최고허용압력,maximum allowable working pressure,,,,,,,,,,,,,,
최고호기속도,peak expiratory flow rate ,,,,,,,,,,,,,,
최고호기유량,peak expiratory flow ,,,,,,,,,,,,,,
최대사용전압,maximum service voltage,,,,,,,,,,,,,,
최대사용하중 ,maximum service load,,,,,,,,,,,,,,
최대운전압력,maximum operating pressure,,,,,,,,,,,,,,
최대운전온도,maximum operating temperature,,,,,,,,,,,,,,
최대하중 ,maximum load,,,,,,,,,,,,,,
최대허용하중,maximum allowable load,,,,,,,,,,,,,,
최대환기량,maximal breathing capacity,,,,,,,,,,,,,,
최대환기량 예측치,predicted value maximal voluntary ventilation,,,,,,,,,,,,,,
최소 컷 세트,minimal cut set,,,,,,,,,,,,,,
최소반송속도,minimum transport velocity,,,,,,,,,,,,,,
최소산소농도,minimum oxygen concentration,,,,,,,,,,,,,,
최소점화에너지,minimum ignition energy,,,,,,,,,,,,,,
최소점화전류,minimum ignition current,,,,,,,,,,,,,,
최소채취시간,minimum sampling time,,,,,,,,,,,,,,
최악의 누출시나리오,worst leak scenario,,,,,,,,,,,,,,
최저 연령,minimum age,,,,,,,,,,,,,,
최저점화온도,minimum ignition temperature,,,,,,,,,,,,,,
추가지도 교육 ,follow-up training,,,,,,,,,,,,,,
추락,fall accident,떨어짐,낙상,,,,,,,,,,,,
추체변연융기,Limbus vertebral bulge,,,,,,,,,,,,,,
추체외로증상,extrapyramidal symptoms,,,,,,,,,,,,,,
추출,extraction,,,,,,,,,,,,,,
축동력,shaft horsepower,,,,,,,,,,,,,,
축적배압,built-up back pressure,,,,,,,,,,,,,,
축적압력,accumulated pressure,,,,,,,,,,,,,,
충격소음작업,impulsive noise work,,,,,,,,,,,,,,
충격파,shock waves,,,,,,,,,,,,,,
충돌방지장치 ,collision avoidance system,,,,,,,,,,,,,,
충압펌프,jockey pump,,,,,,,,,,,,,,
충전부,live part,,,,,,,,,,,,,,
충전탑,packed column,,,,,,,,,,,,,,
취관,torch,,,,,,,,,,,,,,
취업규칙,"rules employment, office regulations",,,,,,,,,,,,,,
취업제한 ,limitation employment,,,,,,,,,,,,,,
측면방전,side flashover,,,,,,,,,,,,,,
측방형후드,lateral exhaust hood,,,,,,,,,,,,,,
치근막염,"periodontitis, pericementitis",,,,,,,,,,,,,,
치명도,fatality,,,,,,,,,,,,,,
치아부식증,dental erosion,,,,,,,,,,,,,,
치은염,gingivitis,,,,,,,,,,,,,,
치주농양,periodontitis,,,,,,,,,,,,,,
치환,purging,,,,,,,,,,,,,,
침강분리기 ,sedimentation equipment,,,,,,,,,,,,,,
침식 ,erosion,,,,,,,,,,,,,,
침액파이프,dip pipe,,,,,,,,,,,,,,
침투성,permeation,,,,,,,,,,,,,,
카드뮴 및 그 화합물,cadmium its compounds,,,,,,,,,,,,,,
카르복시헤모글로빈,carboxyhemoglobin,,,,,,,,,,,,,,
카운슬링 ,counselling,,,,,,,,,,,,,,
카운터 웨이트,counterweight,,,,,,,,,,,,,,
칸델라 ,candela,,,,,,,,,,,,,,
캐나다표준협회,Canadian Standards Association,,,,,,,,,,,,,,
캐리어,carrier,,,,,,,,,,,,,,
캡타이어 케이블,cabtyre cable,,,,,,,,,,,,,,
커플링,coupling,,,,,,,,,,,,,,
컨버터,converter,,,,,,,,,,,,,,
컨베이어 ,conveyor,,,,,,,,,,,,,,
컬럼,column,,,,,,,,,,,,,,
컴파운드 게이지,compound gauge,,,,,,,,,,,,,,
컴퓨터단말기,visual display unit,,,,,,,,,,,,,,
컷아웃 스위치,cut-out switch,,,,,,,,,,,,,,
케이블 글랜드,cable gland,,,,,,,,,,,,,,
케이블 크레인,cable crane,,,,,,,,,,,,,,
케이블 헤드,cable heads,,,,,,,,,,,,,,
케이지,cage,,,,,,,,,,,,,,
코로나방전,corona discharge,,,,,,,,,,,,,,
코발트 및 그 무기화합물,cobalt its inorganic compounds,,,,,,,,,,,,,,
코샤자율안전클럽,KOSHA club,,,,,,,,,,,,,,
코일,coil,,,,,,,,,,,,,,
코프로포르피린,coproporphyrin,,,,,,,,,,,,,,
콘덴서,condenser,,,,,,,,,,,,,,
콘센트,outlet,,,,,,,,,,,,,,
콘크리트파쇄기,concrete blasting machine,concrete breaker,Concrete blasting machine,Concrete Blasting Machine,Concrete Breaker,Concrete Crusher,concrete crusher,,,,,,,,
콜레스테롤,cholesterol,,,,,,,,,,,,,,
콜린에스테라제,cholinesterase,,,,,,,,,,,,,,
콤비네이션 스타터,combination starter,,,,,,,,,,,,,,
콤파운드,compound,,,,,,,,,,,,,,
큐비클,cubicle,,,,,,,,,,,,,,
크램프 메타,clamp meter,,,,,,,,,,,,,,
크레아티닌,creatinine,,,,,,,,,,,,,,
크레인 ,crane,,,,,,,,,,,,,,
크레인 거더,crane girder,,,,,,,,,,,,,,
크레인 하중시험 ,crane load test,,,,,,,,,,,,,,
크롬과 그 무기화합물,chromium its inorganic compounds,,,,,,,,,,,,,,
크롬광,chromite ore,,,,,,,,,,,,,,
크롬산 아연,zinc chromate,,,,,,,,,,,,,,
크리프,creep,,,,,,,,,,,,,,
크리프파괴,creep failure,,,,,,,,,,,,,,
클래딩,cladding,,,,,,,,,,,,,,
클램프,clamp,,,,,,,,,,,,,,
클램프,clamp,,,,,,,,,,,,,,
클램프,clamp,,,,,,,,,,,,,,
클러치,clutch,,,,,,,,,,,,,,
클레임,claim,,,,,,,,,,,,,,
클로로벤젠,chlorobenzene,,,,,,,,,,,,,,
클로로벤젠,chlorobenzene,,,,,,,,,,,,,,
클린사업,Clean Workplace Project,,,,,,,,,,,,,,
키,key,,,,,,,,,,,,,,
킬드강 ,"killed carbon steel, deoxidised steel",,,,,,,,,,,,,,
킬레이트제 ,chelating agent,,,,,,,,,,,,,,
킹크 ,kink,,,,,,,,,,,,,,
타발,blanking,,,,,,,,,,,,,,
타운젠트 방전,townsend discharge,,,,,,,,,,,,,,
타워크레인 ,tower crane,,,,,,,,,,,,,,
타이건 튜브,tygon tube,,,,,,,,,,,,,,
타임래그 ,time lag,,,,,,,,,,,,,,
타진,percussion,,,,,,,,,,,,,,
탄성압력계,elastic pressure gauge,,,,,,,,,,,,,,
탄소강 ,carbon steel,,,,,,,,,,,,,,
탄소강관,carbon steel pipe,,,,,,,,,,,,,,
탄저병,anthrax,,,,,,,,,,,,,,
탄화수소,hydrocarbon,,,,,,,,,,,,,,
탄화현상,carbonization,,,,,,,,,,,,,,
탈수,dehydration,,,,,,,,,,,,,,
탈이온수,deionized water,,,,,,,,,,,,,,
탈장,hernia,,,,,,,,,,,,,,
탈지,fat removal,,,,,,,,,,,,,,
탈착,desorption,,,,,,,,,,,,,,
탐촉자,contact transducer,,,,,,,,,,,,,,
탑,tower,,,,,,,,,,,,,,
탑승교,boarding bridge,,,,,,,,,,,,,,
탑승금지,boarding prohibited,,,,,,,,,,,,,,
태도 ,attitude,,,,,,,,,,,,,,
태도측정 ,morale survey,,,,,,,,,,,,,,
태선화,lichenification,,,,,,,,,,,,,,
태핑,tapping,,,,,,,,,,,,,,
태핑검사,tapping test,,,,,,,,,,,,,,
탱크로리,tank lorry,,,,,,,,,,,,,,
터널,tunnel,,,,,,,,,,,,,,
터널 거푸집 동바리,tunnel form timbering,,,,,,,,,,,,,,
터널 보링기,tunnel boring machine,,,,,,,,,,,,,,
터널굴착공법,tunnel excavation methods,,,,,,,,,,,,,,
터널지보공,tunnel timbering,,,,,,,,,,,,,,
터빈로터,turbine rotor,,,,,,,,,,,,,,
터치 앤 콜,touch call,,,,,,,,,,,,,,
텀블러 스위치,tumbler switch,,,,,,,,,,,,,,
텅스텐,tungsten,,,,,,,,,,,,,,
텅스텐,tungsten,,,,,,,,,,,,,,
테스토스테론,testosterone,,,,,,,,,,,,,,
테일풀리,"tail pulley, tension pulley, tightening pulley",,,,,,,,,,,,,,
테트라하이드로퓨란,tetrahydrofuran,,,,,,,,,,,,,,
텔레스코픽 케이지,telescopic cage,,,,,,,,,,,,,,
토사붕괴,ground collapse,,,,,,,,,,,,,,
토압,earth pressure,,,,,,,,,,,,,,
토의식 안전교육 ,discussion-based safety training,,,,,,,,,,,,,,
토질시험,soil test,,,,,,,,,,,,,,
토질조사,soil exploration,,,,,,,,,,,,,,
토출압력,discharge pressure,,,,,,,,,,,,,,
톨루엔,toluene,c6h5ch3,메틸벤젠,methylbezene,,,,,,,,,,,
톨루엔,toluene,c6h5ch3,메틸벤젠,methylbezene,,,,,,,,,,,
톨루엔,toluene,c6h5ch3,메틸벤젠,methylbezene,,,,,,,,,,,
"톨루엔-2,4-디이소시아네이트","toluene-2,4-diisocyanate",,,,,,,,,,,,,,
"톨루엔-2,4-디이소시아네이트","toluene-2,4-diisocyanate",,,,,,,,,,,,,,
"톨루엔-2,6-디이소시아네이트","toluene-2,6-diisocyanate",,,,,,,,,,,,,,
"톨루엔-2,6-디이소시아네이트","toluene-2,6-diisocyanate",,,,,,,,,,,,,,
통각,sensation pain,,,,,,,,,,,,,,
통기관,vent line,,,,,,,,,,,,,,
통기밸브,breather valve,,,,,,,,,,,,,,
통기설비,vent facility,Vent facility,,,,,,,,,,,,,
통나무비계,log scaffolding,,,,,,,,,,,,,,
통로,walkway,,,,,,,,,,,,,,
통로점검,passage inspection,,,,,,,,,,,,,,
통전,applying an electric current,,,,,,,,,,,,,,
통전금지,current conduction prohibition,,,,,,,,,,,,,,
통풍,gout,,,,,,,,,,,,,,
통형퓨즈,cylindrical fuse,,,,,,,,,,,,,,
퇴행성 관절염,degenerative arthritis,,,,,,,,,,,,,,
퇴행성척추증,degenerative spondylosis,,,,,,,,,,,,,,
투광기,floodlight,,,,,,,,,,,,,,
투베르쿨린 반응검사,tuberculin test,,,,,,,,,,,,,,
트랙 크레인,track crane,,,,,,,,,,,,,,
트랙터 셔블,tractor shovel,트랙타 샤블,트랙터샤블,트랙터쇼블,,,,,,,,,,,
트러블 슈팅,trouble shooting,,,,,,,,,,,,,,
트레모라이트,tremolite,,,,,,,,,,,,,,
트레미,tremie,,,,,,,,,,,,,,
트레일러,trailer,,,,,,,,,,,,,,
트렌치 컷,trench cut,,,,,,,,,,,,,,
트로프,trough,,,,,,,,,,,,,,
트롤리 프레임,trolley frame,,,,,,,,,,,,,,
트리글리세라이드,triglycerides,,,,,,,,,,,,,,
트리아세틴 시약,triacetine agent,,,,,,,,,,,,,,
트리에틸아민,triethylamine,,,,,,,,,,,,,,
특별고압,extra-high voltage,,,,,,,,,,,,,,
특별교육,special education,,,,,,,,,,,,,,
특별점검,special inspection,,,,,,,,,,,,,,
특수화학설비,special chemical facilities,,,,,,,,,,,,,,
특정고압가스,specified high-pressure gas,,,,,,,,,,,,,,
팀파노메트리검사,tympanometry,,,,,,,,,,,,,,
파견근로자,dispatched worker,,,,,,,,,,,,,,
파과 ,breakthrough,,,,,,,,,,,,,,
파라-니트로아닐린,p-nitroaniline,,,,,,,,,,,,,,
파라-니트로클로로벤젠,p-nitrochlorobenzene,,,,,,,,,,,,,,
파쇄기,crusher,,,,,,,,,,,,,,
파쇄기,crusher,,,,,,,,,,,,,,
파열판,rupture disc,,,,,,,,,,,,,,
파워셔블,power shovel,,,,,,,,,,,,,,
파이널 리미트 스위치,final limit switch,,,,,,,,,,,,,,
파이프 서포트,pipe support,,,,,,,,,,,,,,
파일럿 램프,pilot lamp,,,,,,,,,,,,,,
파일럿 조작형  안전밸브,pilot-operated safety valve,,,,,,,,,,,,,,
파장,wavelength,,,,,,,,,,,,,,
파킨슨 병,Parkinson’s disease,,,,,,,,,,,,,,
파킨슨 증후군,Parkinsonism,,,,,,,,,,,,,,
판상석회화,pleural plaque,,,,,,,,,,,,,,
패널토의 ,panel discussion,,,,,,,,,,,,,,
팬,fan,,,,,,,,,,,,,,
팽진(膨疹),wheal,,,,,,,,,,,,,,
퍼프,puff,,,,,,,,,,,,,,
펌프 ,pump,,,,,,,,,,,,,,
페놀,phenol,,,,,,,,,,,,,,
페놀,phenol,,,,,,,,,,,,,,
페닐글리옥실산,phenylglyoxylic acid,,,,,,,,,,,,,,
페일 세이프(고장 시 안전),fail-safe,,,,,,,,,,,,,,
펜던트 스위치,pendant switch,,,,,,,,,,,,,,
편조전선,braided wire,,,,,,,,,,,,,,
편하중,eccentric load,,,,,,,,,,,,,,
평로,open hearth furnace,,,,,,,,,,,,,,
평삭기,planer,,,,,,,,,,,,,,
평형추,counterweight (coiunterbalance),,,,,,,,,,,,,,
폐 과팽창 증후군,pulmonary overinflation syndrome,,,,,,,,,,,,,,
폐기능 검사,pulmonary function test,,,,,,,,,,,,,,
폐기종,pulmonary emphysema,,,,,,,,,,,,,,
폐부종,pulmonary edema,,,,,,,,,,,,,,
폐성심,pulmonary heart disease,,,,,,,,,,,,,,
폐쇄된 배관계통,enclosed electrical operating system,,,,,,,,,,,,,,
폐쇄배전반,enclosed switchboard,,,,,,,,,,,,,,
폐쇄형 외함,enclosed switchboard/enclosure,,,,,,,,,,,,,,
폐수종,pulmonary edema,,,,,,,,,,,,,,
폐암,lung cancer,,,,,,,,,,,,,,
폐활량,vital capacity,,,,,,,,,,,,,,
폐활량계,spirometer,,,,,,,,,,,,,,
포럼 ,forum,,,,,,,,,,,,,,
포름알데히드,formaldehyde,,,,,,,,,,,,,,
포름알데히드,formaldehyde,,,,,,,,,,,,,,
포름알데히드,formaldehyde,,,,,,,,,,,,,,
포스터,poster,,,,,,,,,,,,,,
포위식 후드,enclosing hood,,,,,,,,,,,,,,
포장기계,packaging machine,,,,,,,,,,,,,,
포종탑,bubble cap tower,,,,,,,,,,,,,,
포화액체,saturated liquid,,,,,,,,,,,,,,
포화증기압,saturated vapor pressure,,,,,,,,,,,,,,
신규채용시교육,training new hires,,,,,,,,,,,,,,
폭굉,detonation,,,,,,,,,,,,,,
폭목,"toe plate, toe board",,,,,,,,,,,,,,
폭발,explosion,,,,,,,,,,,,,,
폭발구 ,explosion vent,,,,,,,,,,,,,,
폭발등급,explosion group,,,,,,,,,,,,,,
폭발성,explosiveness,,,,,,,,,,,,,,
폭발성물질,explosive materials,,,,,,,,,,,,,,
폭발억제장치,explosion suppression system,,,,,,,,,,,,,,
폭발위험분위기,explosive atmosphere,,,,,,,,,,,,,,
폭발위험장소,explosive hazardous area,,,,,,,,,,,,,,
폭발위험장소 구분도,hazardous area classification drawing,,,,,,,,,,,,,,
폭발지수,explosion index,,,,,,,,,,,,,,
폭발파,blast wave,,,,,,,,,,,,,,
폭발하한계,lower explosive limit,,,,,,,,,,,,,,
폭발한계,explosive limit,,,,,,,,,,,,,,
폭발효율,explosion efficiency,,,,,,,,,,,,,,
폭설,heavy snow,,,,,,,,,,,,,,
폭연,deflagration,,,,,,,,,,,,,,
폭주반응,runaway reaction,,,,,,,,,,,,,,
폭풍,storm,,,,,,,,,,,,,,
폰 ,phon,,,,,,,,,,,,,,
폴리클로리네이티드터페닐,polychlorinated terphenyl,,,,,,,,,,,,,,
폼 소화설비,foam fire suppression system,,,,,,,,,,,,,,
표면저항,surface resistivity,,,,,,,,,,,,,,
표백분 ,bleaching powder,,,,,,,,,,,,,,
표시제도,labelling system,,,,,,,,,,,,,,
표어,motto,,,,,,,,,,,,,,
표적장기,target organ,,,,,,,,,,,,,,
표준공기,standard air,,,,,,,,,,,,,,
표준물첨가법,method of standard addition,,,,,,,,,,,,,,
표준산업분류,standard industrial classification,,,,,,,,,,,,,,
표준안전작업,standard safety work,,,,,,,,,,,,,,
표준오차,standard error,,,,,,,,,,,,,,
표준용액,standard solution,,,,,,,,,,,,,,
표준조도 ,standard luminous intensity,,,,,,,,,,,,,,
표준편차 ,standard deviation,,,,,,,,,,,,,,
표준화 ,standardization,,,,,,,,,,,,,,
표지,mark,표시,,,,,,,,,,,,,
푸시풀형 환기장치 ,push-pull ventilation system,,,,,,,,,,,,,,
풀 프루프,foolproof,,,,,,,,,,,,,,
풀리 ,pulley,,,,,,,,,,,,,,
풍속계,anemometer,,,,,,,,,,,,,,
풍전압,wind total pressure,,,,,,,,,,,,,,
풍정압,wind static pressure,,,,,,,,,,,,,,
풍진,rubella,,,,,,,,,,,,,,
퓨즈,fuse,휴즈,,,,,,,,,,,,,
프로빗 분석법,probit analysis,,,,,,,,,,,,,,
프로필렌이민,propyleneimine,,,,,,,,,,,,,,
프탈릭 언하이드라이드,phthalic anhydride,,,,,,,,,,,,,,
플라스틱 ,plastic,,,,,,,,,,,,,,
플라이휠,flywheel,,,,,,,,,,,,,,
플래시오버,flashover,,,,,,,,,,,,,,
플래시화재,flash fire,,,,,,,,,,,,,,
플랜지,flange,,,,,,,,,,,,,,
플러그,plug,,,,,,,,,,,,,,
플러그 용접,plug welding,,,,,,,,,,,,,,
플러그 인 스위치,plug-in switch,,,,,,,,,,,,,,
플러그 퓨즈,plug fuse,,,,,,,,,,,,,,
플러그 흐름반응기,plug flow reactor,,,,,,,,,,,,,,
플러싱,flushing,,,,,,,,,,,,,,
플레넘,plenum,,,,,,,,,,,,,,
플레어 스택,flare stack,,,,,,,,,,,,,,
피난시설 ,shelter equipment,,,,,,,,,,,,,,
피드백 ,feedback,,,,,,,,,,,,,,
피드백 제어,feedback control,,,,,,,,,,,,,,
피로,fatigue,,,,,,,,,,,,,,
피로파괴,fatigue failure,,,,,,,,,,,,,,
피뢰기,lightning arrester,,,,,,,,,,,,,,
피뢰도선,conductor lightning protection,,,,,,,,,,,,,,
피뢰설비,facility lightning protection,,,,,,,,,,,,,,
피뢰접지,grounding lightning protection,,,,,,,,,,,,,,
피뢰침,lightning rod,,,,,,,,,,,,,,
피복도체,insulated conductor,,,,,,,,,,,,,,
피부보호용도포제,skin protectant ointment,,,,,,,,,,,,,,
피토관,pitot tube,,,,,,,,,,,,,,
피트,pit,,,,,,,,,,,,,,
"피트, 발작, 경련 ",fit,,,,,,,,,,,,,,
피티박스,power transformer box,,,,,,,,,,,,,,
피하기종,subcutaneous emphysema,,,,,,,,,,,,,,
핀,pin,,,,,,,,,,,,,,
핀란드국립산업보건안전원,Finnish Institute Occupational Health,,,,,,,,,,,,,,
필렛용접,fillet welding,,,,,,,,,,,,,,
핍뇨,oliguria,,,,,,,,,,,,,,
하강유로,downcomer,,,,,,,,,,,,,,
하이드라진,hydrazine,,,,,,,,,,,,,,
하이드라진,hydrazine,,,,,,,,,,,,,,
하인리히 ,H.W.Heinrich,,,,,,,,,,,,,,
하전입자,charged particle,,,,,,,,,,,,,,
하중시험,load test,재하시험,재하테스트,,,,,,,,,,,,
하청 ,subcontract,,,,,,,,,,,,,,
학교안전,school safety,,,,,,,,,,,,,,
한계치,threshold value,,,,,,,,,,,,,,
한국가스안전공사,Korea Gas Safety Corporation,,,,,,,,,,,,,,
한국건설가설협회,Construction Temporary Equipment Association Korea,,,,,,,,,,,,,,
한국건설경영협회,Korea Federation Construction Contractors,,,,,,,,,,,,,,
한국건설안전기술협회,Korea Construction Safety Engineering Association,,,,,,,,,,,,,,
한국경영자총협회,Korea Enterprises Federation,,,,,,,,,,,,,,
한국보호구협회,Korea Association Protective Equipment,,,,,,,,,,,,,,
한국산업간호협회,Korean Association Occupational Health Nurses,,,,,,,,,,,,,,
한국산업안전공단,Korea Occupation Safety Health Agency,,,,,,,,,,,,,,
한국산업안전공단 기술기준,"KOSHA CODE, KOSHA technical standards",,,,,,,,,,,,,,
한국산업위생학회,Korean Society Occupational Environmental Hygiene,,,,,,,,,,,,,,
한국산재노동자협회,Korean Association People Injured Worksites,,,,,,,,,,,,,,
한국승강기안전센터,Korea Elevator Safety Center,,,,,,,,,,,,,,
한국안전기술협회,Korea Safety Technology Association,,,,,,,,,,,,,,
한국안전학회,The Korean Society Safety,,,,,,,,,,,,,,
한국전기안전공사,Korea Electrical Safety Corporation,,,,,,,,,,,,,,
한국표준산업분류,Korean Standard Industrial Classification,,,,,,,,,,,,,,
한랭작업,cold temperature work,,,,,,,,,,,,,,
한랭작업장소,cold environment workplace,,,,,,,,,,,,,,
한류 리액터,current limiting reactor,,,,,,,,,,,,,,
한류 퓨즈,current limiting fuse,,,,,,,,,,,,,,
한시요소,time delay,,,,,,,,,,,,,,
함수,function,,,,,,,,,,,,,,
함수량,water content,,,,,,,,,,,,,,
합병증,complication,,,,,,,,,,,,,,
합성 수지관,synthetic resin conduit,,,,,,,,,,,,,,
합성섬유,synthetic fiber,,,,,,,,,,,,,,
합성수지,synthetic resin,,,,,,,,,,,,,,
항발기,pile drawer,,,,,,,,,,,,,,
항타기 ,pile driver,,,,,,,,,,,,,,
해리성동맥류,dissecting aneurysm,,,,,,,,,,,,,,
해지장치,latch,,,,,,,,,,,,,,
해치 빔,hatch beam,,,,,,,,,,,,,,
해치 커버,hatch cover,,,,,,,,,,,,,,
해치보드,hatch board,,,,,,,,,,,,,,
행정관리,administrative management,,,,,,,,,,,,,,
행정길이,length one stroke,,,,,,,,,,,,,,
향류,countercurrent,,,,,,,,,,,,,,
허가,permission,,,,,,,,,,,,,,
허브,hub,,,,,,,,,,,,,,
허용구속기간,allowable locked-rotor time,,,,,,,,,,,,,,
허용농도 상한치,upper confidence limit,,,,,,,,,,,,,,
허용농도 하한치,lower confidence limit,,,,,,,,,,,,,,
허용소비량,allowable usage amount ,,,,,,,,,,,,,,
허용오차,allowable(permissible) error,,,,,,,,,,,,,,
허용응력,allowable stress,,,,,,,,,,,,,,
허용전류,allowable current,,,,,,,,,,,,,,
허혈성 심질환,ischemic heart disease,,,,,,,,,,,,,,
헤드 가드,head guard,,,,,,,,,,,,,,
헤드 풀리,head pulley,,,,,,,,,,,,,,
헤모글로빈,hemoglobin,,,,,,,,,,,,,,
헥사메틸렌 디이소시아네이트,hexamethylene diisocyanate,,,,,,,,,,,,,,
헥산,hexane,,,,,,,,,,,,,,
헬멧식 잠수기,helmet-type diving apparatus,,,,,,,,,,,,,,
헵탄,heptane,,,,,,,,,,,,,,
현미경,microscope,,,,,,,,,,,,,,
현장안전교육,on-the- job training,,,,,,,,,,,,,,
현탁액,suspension,,,,,,,,,,,,,,
현훈,vertigo,,,,,,,,,,,,,,
혈구용적치,packed cell volume,,,,,,,,,,,,,,
혈뇨,hematuria,,,,,,,,,,,,,,
혈소판감소증,thrombocytopenia,,,,,,,,,,,,,,
혈소판수,platelet count,,,,,,,,,,,,,,
혈압,blood pressure,,,,,,,,,,,,,,
혈청지피티,alanine aminotransferase,,,,,,,,,,,,,,
협심증,angina pectoris,,,,,,,,,,,,,,
협착,crushing,crush point,끼임,,,,,,,,,,,,
형 단조기,die forging equipment,,,,,,,,,,,,,,
형광 투시 ,fluoroscopy,,,,,,,,,,,,,,
형광검출기,fluorescence detector,,,,,,,,,,,,,,
형광분광광도계,fluorescence spectrophotometer,,,,,,,,,,,,,,
형식검정,type approval,,,,,,,,,,,,,,
호기,exhaled air/breath,,,,,,,,,,,,,,
호기폐활량,expiratory vital capacity,,,,,,,,,,,,,,
호손실험 ,Hawthorne experiment,,,,,,,,,,,,,,
호스마스크 ,hose mask,,,,,,,,,,,,,,
호스밴드,hose band,,,,,,,,,,,,,,
호스클립,hose clip,,,,,,,,,,,,,,
호이스트 ,hoist,,,,,,,,,,,,,,
호흡곤란,dyspnea,,,,,,,,,,,,,,
호흡기계,respiratory system,,,,,,,,,,,,,,
호흡기보호프로그램,respiratory protection program,,,,,,,,,,,,,,
호흡성분진,respirable particulate mass,,,,,,,,,,,,,,
호흡용보호구,respirator,,,,,,,,,,,,,,
호흡위치,respirable zone,,,,,,,,,,,,,,
혼수,coma,,,,,,,,,,,,,,
혼합기,mixer,,,,,,,,,,,,,,
혼합기,mixer,,,,,,,,,,,,,,
혼합성 난청,mixed hearing loss,,,,,,,,,,,,,,
홍반,erythema,,,,,,,,,,,,,,
홍역,measles,,,,,,,,,,,,,,
화구,fireball,,,,,,,,,,,,,,
화기금지,open fires prohibition,,,,,,,,,,,,,,
화상,burn,,,,,,,,,,,,,,
화염감지기 ,flame sensor,,,,,,,,,,,,,,
화염검출기,flame detector,,,,,,,,,,,,,,
화염방지기,flame arrestor,,,,,,,,,,,,,,
화염전파속도,flame spread rating,,,,,,,,,,,,,,
화재등급,fire grade,,,,,,,,,,,,,,
화재폭발지수,fire & explosion index,,,,,,,,,,,,,,
화재하중,fire load,,,,,,,,,,,,,,
화학물질,chemical substance,,,,,,,,,,,,,,
자동체인브레이크작동시험장비,Automatic chain breaker operation tester,,,,,,,,,,,,,,
자동이송장치,automatic conveyor ,,,,,,,,,,,,,,
건조설비의 부속전기설비,auxiliary electric equipment drying machinery ,,,,,,,,,,,,,,
백레스트,backrest,,,,,,,,,,,,,,
예비용 설비,back-up equipment ,,,,,,,,,,,,,,
베일포장화물의 취급,bailing cargo handling ,,,,,,,,,,,,,,
균형시험장비,Balancing tester,,,,,,,,,,,,,,
띠톱기계의 덮개,band sawing machine cover,,,,,,,,,,,,,,
띠톱기계의 날접촉예방장치,band sawing machine's blade-contact prevention device,,,,,,,,,,,,,,
지하실 등의 작업,basement work ,,,,,,,,,,,,,,
목욕설비,bath equipment ,,,,,,,,,,,,,,
절곡기,bending machine,,,,,,,,,,,,,,
생물학적노출지표,biological exposure index,,,,,,,,,,,,,,
생체지표물질,biomarker ,,,,,,,,,,,,,,
모떼기기계의 날접촉예방장치,blade-contact prevention device chamfering machine,,,,,,,,,,,,,,
대패기계의 날접촉예방장치,blade-contact prevention device unbanking machine,,,,,,,,,,,,,,
발파작업의 위험방지,blasting work hazard prevention ,,,,,,,,,,,,,,
차폐물 설치,blockage installation ,,,,,,,,,,,,,,
탑승의 제한,boarding restrictions,,,,,,,,,,,,,,
보일러,boiler,,,,,,,,,,,,,,
부스식후드,booth type hood,,,,,,,,,,,,,,
브레이크의 부착,brake attachment,,,,,,,,,,,,,,
브레이크시험장비,Brake tester,,,,,,,,,,,,,,
제동장치,brake,,,,,,,,,,,,,,
교량작업,bridge work,,,,,,,,,,,,,,
단시간작업,brief task ,,,,,,,,,,,,,,
버프연마기의 덮개,buffing machine cover,,,,,,,,,,,,,,
건축물의 구조,building structure ,,,,,,,,,,,,,,
위험물 건조설비를 설치하는 건축물의 구조,building structure equipped with hazardous substance drying machinery ,,,,,,,,,,,,,,
화학설비를 설치하는 건축물의 구조,building structure where chemical equipment is installed ,,,,,,,,,,,,,,
무포장 화물의 취급방법,bulk cargo handling method ,,,,,,,,,,,,,,
작업모,bump cap ,,,,,,,,,,,,,,
매설물,buried structure,,,,,,,,,,,,,,
잠함 내 작업,caisson work ,,,,,,,,,,,,,,
국소배기장치의 성능,capacity local ventilation equipment,,,,,,,,,,,,,,
자동차정비용리프트,car service lift,,,,,,,,,,,,,,
발암성물질의 취급일지 작성,carcinogen handling report ,,,,,,,,,,,,,,
화물취급 작업,cargo handling work ,,,,,,,,,,,,,,
화물의 적재,cargo loading ,화물적재,,,,,,,,,,,,,
화물자동차,cargo truck,화물운반트럭,화물트럭,,,,,,,,,,,,
화물자동차,cargo truck,화물운반트럭,화물트럭,,,,,,,,,,,,
운반구의 정지위치,carrier suspended position,,,,,,,,,,,,,,
청력보존 프로그램 시행,carrying out hearing conservation program ,,,,,,,,,,,,,,
천장의 높이,ceiling height,,,,,,,,,,,,,,
원심기 및 분쇄,centrifuge crusher,,,,,,,,,,,,,,
체인잡이강도시험장비,Chain grip strength tester,,,,,,,,,,,,,,
작업실 공기의 부피,chamber air volume ,,,,,,,,,,,,,,
승강기,elevator,,,,,,,,,,,,,,
가동전점검,check before pre-commissioning start-up ,,,,,,,,,,,,,,
사용 전 점검,checkup prior use ,,,,,,,,,,,,,,
조립 시 점검,checkup related assembly,,,,,,,,,,,,,,
화학설비ㆍ압력용기,chemical equipmentㆍpressure vessel ,,,,,,,,,,,,,,
화학성폐렴,chemical pneumonitis,,,,,,,,,,,,,,
유해인자의 분류ㆍ관리,classification control harmful agents,유해인자의 분류관리,유해인자분류관리,,,,,,,,,,,,
폭발위험이 있는 장소의 설정 및 관리,classification management explosive hazardous area ,,,,,,,,,,,,,,
심사 결과의 구분,classification examination results,,,,,,,,,,,,,,
청소,cleaning ,,,,,,,,,,,,,,
청소의 실시,cleaning ,,,,,,,,,,,,,,
작업장의 청결,cleanliness workplace,,,,,,,,,,,,,,
붕괴 등의 위험 방지,collapse hazard prevention ,,,,,,,,,,,,,,
안전ㆍ보건표지의 색채,colors  safety health signs,,,,,,,,,,,,,,
통칙,common provisions,,,,,,,,,,,,,,
근로자의 준수사항 및 사업주의 조치,compliance workers measures employer,,,,,,,,,,,,,,
콘크리트의 타설작업,concrete cast work ,,,,,,,,,,,,,,
동력으로 작동되는 문의 설치 조건,conditions under installing power-driven door,,,,,,,,,,,,,,
방사성물질의 밀폐,confinement radioactivity substance ,,,,,,,,,,,,,,
밀폐,confinement ,,,,,,,,,,,,,,
연결장치,connect device,,,,,,,,,,,,,,
경보 및 표지의 통일,consistency alarm signals signs,,,,,,,,,,,,,,
공동도급체,consortium subcontractors,,,,,,,,,,,,,,
후,rear lamp,,,,,,,,,,,,,,
건설기계,construction machinery,,,,,,,,,,,,,,
의견 청취,consultation,,,,,,,,,,,,,,
지도,consulting,,,,,,,,,,,,,,
감독,inspection,,,,,,,,,,,,,,
재해예방 전문지도기관의 지도ㆍ감독,"consulting, supervision  provided accident prevention consulting organization",,,,,,,,,,,,,,
연락,contact ,,,,,,,,,,,,,,
인접채석장과의 연락,contacting neighboring stone pit ,,,,,,,,,,,,,,
환자의 가검물 등에 의한 오염 방지 조치,contamination preventive measures concerning patients' materials ,,,,,,,,,,,,,,
자율안전확인 표시의 사용 금지 공고내용,content  public notice order prohibiting use self-regulatory safety check marks,,,,,,,,,,,,,,
환산재해율,converted accident rate ,,,,,,,,,,,,,,
차량계 하역운반기계등의 이송,conveyance unloading transporting machinery vehicle type,,,,,,,,,,,,,,
차량계 건설기계의 이송,conveyance vehicle type construction machinery,,,,,,,,,,,,,,
컨베이어,conveyor,,,,,,,,,,,,,,
시정명령서,correction order ,,,,,,,,,,,,,,
건강진단비용,cost medical examinations,,,,,,,,,,,,,,
덮개 등의 접합부,cover joint connection ,,,,,,,,,,,,,,
크레인,crane,,,,,,,,,,,,,,
전용탑승설비,crane cage,,,,,,,,,,,,,,
크레인의 수리 등의 작업,crane repair,,,,,,,,,,,,,,
지정취소ㆍ업무정지 등의 기준,"criteria revocation designation, suspension ",,,,,,,,,,,,,,
유해성ㆍ위험성 평가 대상 선정기준,criteria selection  hazard risk assessment targets,,,,,,,,,,,,,,
절삭편,cutting chip,,,,,,,,,,,,,,
와이어로프의 절단방법,cutting method wire rope,,,,,,,,,,,,,,
굴착면의 기울기,cutting surface tilt,,,,,,,,,,,,,,
시행일,date enforcement,,,,,,,,,,,,,,
공정안전보고서의 제출 시기,date submission process safety reports,,,,,,,,,,,,,,
난청,deafness,,,,,,,,,,,,,,
감압증,decompression sickness,,,,,,,,,,,,,,
감압의 속도,decompression speed ,,,,,,,,,,,,,,
방어운전,defensive driving,,,,,,,,,,,,,,
차량계 건설기계의 정의,definition vehicle type construction machinery,,,,,,,,,,,,,,
정의,definitions,,,,,,,,,,,,,,
쓰봉,바지,하의,,,,,,,,,,,,,
설계기준 준수,design standard observance,,,,,,,,,,,,,,
지정검사기관,designated inspector,,,,,,,,,,,,,,
지정측정기관의 평가,designation  designated monitoring service providers,,,,,,,,,,,,,,
유도자의 지정,designation guardian ,유도자,신호수,Signal Man,,,,,,,,,,,
방사선관리구역의 지정,designation radiation controlled area ,,,,,,,,,,,,,,
방화담당자의 지정,designation fire-prevention supervisor ,,,,,,,,,,,,,,
유해인자별ㆍ업종별 작업환경전문연구기관의 지정,designation harmful agent- line business-specific work environment research organizations,,,,,,,,,,,,,,
유해인자별 특수검진 전문연구기관의 지정,designation harmful agent-specific medical examination research organizations,,,,,,,,,,,,,,
둘 이상의 관할지역에 걸치는 안전관리대행기관의 지정,designation safety management service providers spanning two more jurisdictions,,,,,,,,,,,,,,
제한속도의 지정,designation speed limit,,,,,,,,,,,,,,
도괴의 방지,destruction prevention,,,,,,,,,,,,,,
공정안전보고서의 세부 내용,details  process safety reports,,,,,,,,,,,,,,
지원내용,details support ,,,,,,,,,,,,,,
지도사 업무발전,development services provided consultants ,,,,,,,,,,,,,,
방유제 설치,dike installation ,,,,,,,,,,,,,,
대행기관의 지도ㆍ감독,"direction, supervision  health management service providers",,,,,,,,,,,,,,
오염된 보호구 등의 폐기,discarding contaminated personal protective equipment ,,,,,,,,,,,,,,
사용의 중지,discontinuance use,,,,,,,,,,,,,,
작업의 중지,discontinuance work,,,,,,,,,,,,,,
공급 원재료의 종류 등의 표시,display feeding raw material type ,,,,,,,,,,,,,,
중량의 표시,display weight ,,,,,,,,,,,,,,
석면함유 잔재물 등의 처리,disposal asbestos-containing residue ,,,,,,,,,,,,,,
석면오염 장비 등의 처리,disposal asbestos-contaminated equipment ,,,,,,,,,,,,,,
배출물질의 처리,disposal discharging material ,,,,,,,,,,,,,,
배출액의 처리,disposal effluent ,,,,,,,,,,,,,,
유해가스의 처리,disposal harmful gas ,,,,,,,,,,,,,,
유류 등이 묻어 있는 걸레 등의 처리,disposal oil-stained rag ,,,,,,,,,,,,,,
오물의 처리,disposal sewage,,,,,,,,,,,,,,
개인보호구의 지급ㆍ착용,distribution wearing personal protective equipment ,,,,,,,,,,,,,,
호흡용 보호구의 지급,distribution personal protective equipment breathing ,,,,,,,,,,,,,,
진동보호구의 지급,distribution personal protective equipment vibration ,,,,,,,,,,,,,,
보호구의 지급,distribution personal protective equipment,,,,,,,,,,,,,,
개인보호구의 지급,distribution personal protective equipment ,,,,,,,,,,,,,,
탑승금지,do not board,,,,,,,,,,,,,,
비치서류,documents made available,,,,,,,,,,,,,,
신선기의 인발블록의 덮개,drawing block cover wire drawing machine,,,,,,,,,,,,,,
투하설비,dropping equipment,,,,,,,,,,,,,,
건조설비,drying machinery ,,,,,,,,,,,,,,
건조설비의 구조,drying machinery structure ,,,,,,,,,,,,,,
건조설비의 사용,drying machinery use ,,,,,,,,,,,,,,
덕트,duct,,,,,,,,,,,,,,
집전진장치,dust collector,,,,,,,,,,,,,,
여과제진장치,"dust collector, dust filter",,,,,,,,,,,,,,
안전보건관리책임자의 직무,duties safety health managers,안전관리책임자,보건관리책임자,안전보건책임자,관리책임자,,,,,,,,,,
고장난 기계의 정비,dysfunctional machine maintenance,,,,,,,,,,,,,,
전기집진기,electric dust collector ,,,,,,,,,,,,,,
전기로 인한 위험 방지,electric hazard prevention ,,,,,,,,,,,,,,
전동식 양중기,electric hoist ,,,,,,,,,,,,,,
전기 기계ㆍ기구의 접지,electric machineㆍapparatus earthing ,,,,,,,,,,,,,,
폭발위험장소에서 사용하는 전기 기계ㆍ기구의 선정,electric machineㆍapparatus selection used explosion classified area ,,,,,,,,,,,,,,
전기 기계ㆍ기구 등의 충전부 방호,electric machineㆍapparatus live part protective ,,,,,,,,,,,,,,
전로,electric pathway ,,,,,,,,,,,,,,
소비전력,electric power consumption ,,,,,,,,,,,,,,
전기단선도,electric single line diagram,,,,,,,,,,,,,,
이동 및 휴대장비 등의 사용 전기 작업,electric work concerning mobile portable equipment ,,,,,,,,,,,,,,
노출경로,exposure pathway ,,,,,,,,,,,,,,
정전전로에서의 전기작업,electric work concerning power failure electric pathway ,,,,,,,,,,,,,,
정전전로 인근에서의 전기작업,electric work near power failure electric pathway ,,,,,,,,,,,,,,
충전전로에서의 전기작업,electric work charge electric pathway ,,,,,,,,,,,,,,
승강설비,elevating equipment,,,,,,,,,,,,,,
다데,세로,다떼,,,,,,,,,,,,,
승강설비의 설치,elevating equipment installation,,,,,,,,,,,,,,
승강로의 설치,elevator hoistway installation ,,,,,,,,,,,,,,
피난용출입구,emergency exit,,,,,,,,,,,,,,
공용의 피난용 출입구,emergency exits  joint use,,,,,,,,,,,,,,
가스 긴급차단밸브,emergency gas shut-off valve ,,,,,,,,,,,,,,
비상전원,emergency power source ,,,,,,,,,,,,,,
긴급 구조훈련,emergency rescue training ,,,,,,,,,,,,,,
긴급 차단장치의 설치,emergency shut-off device installation ,,,,,,,,,,,,,,
비상정지장치,emergency stop device,,,,,,,,,,,,,,
긴급 세척시설,emergency washing equipment ,,,,,,,,,,,,,,
취업제한,employment restrictions ,,,,,,,,,,,,,,
빈 용기 등의 관리,empty vessel management ,,,,,,,,,,,,,,
순회점검,en route check,,,,,,,,,,,,,,
작업장의 순회점검,en route inspection  workplace,,,,,,,,,,,,,,
외함,"enclosure, chassis ",,,,,,,,,,,,,,
시행일,enforcement date ,,,,,,,,,,,,,,
산업안전보건법 시행규칙,enforcement regulations occupational safety health act,,,,,,,,,,,,,,
설계도서,engineering documentation,,,,,,,,,,,,,,
작업장의 출입구,entrance workplace,,,,,,,,,,,,,,
역학조사평가위원회,epidemiological investigation evaluation committee,,,,,,,,,,,,,,
설비의 성능,equipment capacity,,,,,,,,,,,,,,
관리대상 유해물질과 관계되는 설비,equipment concerning harmful substances requiring management ,,,,,,,,,,,,,,
기기이력카드,equipment history card,,,,,,,,,,,,,,
부식성 액체의 압송설비,equipment pumping corrosiveness liquid ,,,,,,,,,,,,,,
설비 개조 등의 작업,equipment remodel work ,,,,,,,,,,,,,,
설비,equipment,,,,,,,,,,,,,,
설비 등의 기준,equipment standard,,,,,,,,,,,,,,
등가소음레벨,equivalent continuous a-weighted sound pressure level ,,,,,,,,,,,,,,
석면 해체ㆍ제거작업 계획 수립,establishment plan concerning disbanding removing asbestos ,,,,,,,,,,,,,,
밀폐공간 보건작업 프로그램 수립ㆍ시행,establishmentㆍperformance confined space occupational health work program,,,,,,,,,,,,,,
사고 시의 대피,evacuation due accident ,,,,,,,,,,,,,,
대피공간,evacuation space ,,,,,,,,,,,,,,
대피,evacuation ,,,,,,,,,,,,,,
건설업기초교육기관 평가,evaluation  basic training provider construction sector,,,,,,,,,,,,,,
석면해체ㆍ제거작업의 안전성 평가,evaluation safety assessment asbestos disposal removal work ,,,,,,,,,,,,,,
계획서의 검토,examination  plans,,,,,,,,,,,,,,
굴착작업 등의 위험 방지,excavation hazard prevention ,,,,,,,,,,,,,,
안전보건관리책임자 등에 대한 직무교육,job training safety health managers al.,안전관리책임자,보건관리책임자,안전보건책임자,관리책임자,,,,,,,,,,
도급사업의 합동 안전ㆍ보건점검,joint safety health inspections contractor’s operation,,,,,,,,,,,,,,
대여 공장건축물의 공동사용,joint use leased factory building,,,,,,,,,,,,,,
기계등 대여사항의 기록ㆍ보존,keeping retention records leasing machinery ,,,,,,,,,,,,,,
점검 결과의 기록,keeping check records ,,,,,,,,,,,,,,
기록의 보존,keeping records ,,,,,,,,,,,,,,
근로감독관,labor inspector ,,,,,,,,,,,,,,
근로기준법,labor standards act ,,,,,,,,,,,,,,
사다리식 통로 등의 구조,ladder pathways structure,,,,,,,,,,,,,,
해지장치의 사용,latch use,,,,,,,,,,,,,,
위험기계ㆍ기구ㆍ설비 및 건축물 등의 대여,"leasing hazardous machinery, apparatus, equipment, buildings  ",,,,,,,,,,,,,,
고저수위 조절장치,level controller,,,,,,,,,,,,,,
구명구,lifesaving device,,,,,,,,,,,,,,
탑승조작장치,lift control device,,,,,,,,,,,,,,
양중기,lifting machinery,,,,,,,,,,,,,,
사용중지의 해제,lifting order discontinue use,,,,,,,,,,,,,,
조명의 유지,lighting maintenance,,,,,,,,,,,,,,
통로의 조명,lighting passage,통로조명,통로 조명,,,,,,,,,,,,
피뢰설비의 설치,lighting protection equipment installation ,피뢰설비설치,,,,,,,,,,,,,
업종별ㆍ유해인자별 보건관리대행기관,line industry harmful agent-specific health management service providers,,,,,,,,,,,,,,
널말뚝 등과의 연결,linking with sheet pile,,,,,,,,,,,,,,
싣거나 내리는 작업,loading unloading work,,,,,,,,,,,,,,
지방노동관서,local authorities,,,,,,,,,,,,,,
산업안전보건기준에 관한 규칙,local rule occupation safety health standard,,,,,,,,,,,,,,
국소배기장치의 설치,local ventilation equipment installation ,,,,,,,,,,,,,,
국소배기장치의 설치ㆍ성능,local ventilation equipment installationㆍcapacity ,,,,,,,,,,,,,,
국소배기장치,local ventilation equipment ,,,,,,,,,,,,,,
잠금장치,locking device ,,,,,,,,,,,,,,
통나무 비계,log scaffolding,,,,,,,,,,,,,,
통나무 비계의 구조,log scaffolding structure,,,,,,,,,,,,,,
벌목의 신호,logging signal ,,,,,,,,,,,,,,
벌목작업 시 등의 위험 방지,logging work hazard prevention ,,,,,,,,,,,,,,
한랭작업,low temperature work ,,,,,,,,,,,,,,
하적단,lower stack ,,,,,,,,,,,,,,
하적단의 간격,lower stack gap ,,,,,,,,,,,,,,
목재가공용 기계,machine wood processing,,,,,,,,,,,,,,
공작기계,machine tool,,,,,,,,,,,,,,
기계의 동력차단장치,machine's power shut-off device,,,,,,,,,,,,,,
설비에 의한 습기 유지,maintaining humidity using equipment ,,,,,,,,,,,,,,
석면분진의 흩날림 방지,maintaining humidity using equipment asbestos dust ,,,,,,,,,,,,,,
분진의 흩날림 방지,maintaining humidity using equipment dust ,,,,,,,,,,,,,,
유지ㆍ관리,maintainㆍmanage ,,,,,,,,,,,,,,
공기정화설비등의 유지관리,maintenance management such as air purification equipment ,,,,,,,,,,,,,,
성능유지,maintenance performance,,,,,,,,,,,,,,
계획서의 비치,making available  plan,,,,,,,,,,,,,,
폭풍 등으로 인한 이상 유무 점검,mal-function checkup due storm,,,,,,,,,,,,,,
노출 후 관리,management after exposure ,,,,,,,,,,,,,,
관리,management,,,,,,,,,,,,,,
공표방법,manner public announcement,,,,,,,,,,,,,,
목재 및 나무재품제조업,manufacture wood products wood cork,,,,,,,,,,,,,,
1차 금속 제조업,manufacturing basic metals,,,,,,,,,,,,,,
금속 가공제품 제조업,manufacturing fabricated metal products,,,,,,,,,,,,,,
전투용 차량제조업,manufacturing military fighting vehicles,,,,,,,,,,,,,,
하시라,기둥,,,,,,,,,,,,,,
자동차 및 트레일러 제조업,manufacturing motor vehicles trailers,,,,,,,,,,,,,,
비금속광물제품제조업,manufacturing other non-metallic mineral products ,,,,,,,,,,,,,,
최고사용압력의 표시,mark maximum operating pressure,,,,,,,,,,,,,,
밸브 등의 개폐방향의 표시,marking valve opening closing direction ,,,,,,,,,,,,,,
재료,material ,,,,,,,,,,,,,,
안전ㆍ보건표지의 재료,materials safety health signs,,,,,,,,,,,,,,
노사협의체 협의사항,matters deliberated consultative body,,,,,,,,,,,,,,
작업 시 준수사항,matters observed at work ,,,,,,,,,,,,,,
조립 등 작업 시의 준수사항,matters observed assembly work ,,,,,,,,,,,,,,
강관비계 조립 시의 준수사항,matters observed steel tube scaffolding assembly,,,,,,,,,,,,,,
시스템비계의 조립 작업 시 준수사항,matters observed case assembly system scaffolding,,,,,,,,,,,,,,
굴착기계의 사용 금지,excavator prohibition use ,prohibition using an excavator ,굴착기계 등의 사용금지,,,,,,,,,,,,
적용 제외,exceptions application ,,,,,,,,,,,,,,
최고사용회전수의 초과 사용 금지,excessive use prohibition maximum allowed revolutions,,,,,,,,,,,,,,
일반소비자 생활용의 유해성ㆍ위험성 조사 제외,exclusion public consumer goods from hazard risk assessments,,,,,,,,,,,,,,
소량물질의 유해성ㆍ위험성 조사 제외,exclusion small quantity substances from hazard risk assessments,,,,,,,,,,,,,,
전용 보호구,exclusive personal protective equipment,,,,,,,,,,,,,,
호흡기보호 프로그램 시행,executing respiratory organ protective program ,,,,,,,,,,,,,,
직무교육의 면제,exemption from job training,,,,,,,,,,,,,,
신고의 면제,exemption from notification,,,,,,,,,,,,,,
안전ㆍ보건교육의 면제,exemption from safety health training,,,,,,,,,,,,,,
안전인증의 면제,exemption from safety certification,,,,,,,,,,,,,,
안전검사의 면제,exemption from safety inspection,,,,,,,,,,,,,,
확인의 면제,exemption from verification,,,,,,,,,,,,,,
폭발위험장소,explosion classified area ,,,,,,,,,,,,,,
폭발 또는 화재 등의 예방,explosion fire prevention ,,,,,,,,,,,,,,
혈액노출 조사,exposure blood investigation ,,,,,,,,,,,,,,
가열응착 제품 등의 추출,extraction heating cohesion product ,,,,,,,,,,,,,,
세안설비,eye wash equipment ,,,,,,,,,,,,,,
안전ㆍ보건표지의 제작,fabrication safety health signs,,,,,,,,,,,,,,
보안면,face-shields,,,,,,,,,,,,,,
시설 및 작업관리,facilities working control,,,,,,,,,,,,,,
추락의 방지,fall accident prevention,,,,,,,,,,,,,,
교량에서의 추락 방지,fall accident prevention at bridge ,,,,,,,,,,,,,,
좌석 안전띠의 착용,fasting seat belt,,,,,,,,,,,,,,
수수료,fees ,,,,,,,,,,,,,,
울타리의 설치,fence installation,,,,,,,,,,,,,,
섬유로프 등의 점검,fiber rope checkup,,,,,,,,,,,,,,
여과재,filter material ,,,,,,,,,,,,,,
비상구 등의 유지,"fire exit, maintenance",,,,,,,,,,,,,,
소화설비,fire extinguisher system ,,,,,,,,,,,,,,
화재 위험이 있는 작업의 장소,fire hazard workplace ,,,,,,,,,,,,,,
화기 등의 관리,fire management,,,,,,,,,,,,,,
화기사용 장소의 화재 방지,fire prevention at fire place ,,,,,,,,,,,,,,
방화조치,fire-prevention measures ,,,,,,,,,,,,,,
내화기준,fire-proof standard ,,,,,,,,,,,,,,
내화구조,fireproof structure ,,,,,,,,,,,,,,
구급용구,first aid outfit,,,,,,,,,,,,,,
화염방지기의 설치,flame arrestor installation ,,,,,,,,,,,,,,
난연성,flame retardancy,,,,,,,,,,,,,,
바닥,floor ,,,,,,,,,,,,,,
사후조치,follow-up measures ,,,,,,,,,,,,,,
건강진단 결과의 사후관리,follow-up measures  medical examination results,,,,,,,,,,,,,,
식품분쇄기의 덮개,food crusher cover,,,,,,,,,,,,,,
건강관리수첩의 양식,form health management pocketbooks,,,,,,,,,,,,,,
거푸집 동바리 및 거푸집,form timbering form ,,,,,,,,,,,,,,
화물용승강기,freight elevator,,,,,,,,,,,,,,
건강진단의 실시 시기,frequency  medical examinations ,,,,,,,,,,,,,,
상시근로자,full-time workers,,,,,,,,,,,,,,
가스집합장치의 위험 방지,gas aggregation apparatus hazard prevention ,,,,,,,,,,,,,,
가스집합 용접장치,gas aggregation welding equipment,,,,,,,,,,,,,,
가스집합 용접장치의 관리,gas aggregation welding equipment management ,,,,,,,,,,,,,,
가스장치실의 구조,gas apparatus chamber structure ,,,,,,,,,,,,,,
가스누출감지경보기,"gas leakage alarm, gas leakage detector alarm ",,,,,,,,,,,,,,
방독마스크,gas mask,,,,,,,,,,,,,,
가스배관 등의 손상 방지,gas piping damage prevention,,,,,,,,,,,,,,
가스제거 등의 조치,gas removal measures concerning ,,,,,,,,,,,,,,
가스등의 용기,gas vessels ,,,,,,,,,,,,,,
가스용접 등의 작업,gas welding work ,,,,,,,,,,,,,,
가스상물질류,gaseous substance,,,,,,,,,,,,,,
기계 등의 일반기준,general criteria machine,,,,,,,,,,,,,,
총칙,general provisions,,,,,,,,,,,,,,
전체환기장치,general ventilation device,,,,,,,,,,,,,,
전체환기장치의 성능,general ventilation system capacity ,,,,,,,,,,,,,,
발생기실의 구조,generator room structure ,,,,,,,,,,,,,,
안전관리대행기관의 대행지역,geographic coverage safety management service provider,,,,,,,,,,,,,,
방독마스크의 지급,giving out gas masks ,,,,,,,,,,,,,,
곤돌라,gondola,,,,,,,,,,,,,,
작업자세,good working posture ,,,,,,,,,,,,,,
조속레버기능시험장비,Governor lever function tester,,,,,,,,,,,,,,
연삭숫돌의 덮개,grinding wheel cover,,,,,,,,,,,,,,
지반굴착,ground excavation,,,,,,,,,,,,,,
굴착기계등의 유도,guidance excavator ,,,,,,,,,,,,,,
운반기계등의 유도,guidance transporting machine ,,,,,,,,,,,,,,
안전운전지침서,guidelines safe operation ,,,,,,,,,,,,,,
설비기준,guidelines equipment ,,,,,,,,,,,,,,
설비기준 및 성능,guidelines equipment capacity,,,,,,,,,,,,,,
설비기준,guidelines equipment ,,,,,,,,,,,,,,
전조등의 설치,headlamp installation,,,,,,,,,,,,,,
시설ㆍ설비기준 및 성능,guidelines facilityㆍequipment capacity,,,,,,,,,,,,,,
일반적 관리기준,guidelines general management,,,,,,,,,,,,,,
유해가스 발생장소 등에 대한 조치기준,guidelines instructions place where harmful gas occurs,,,,,,,,,,,,,,
공기매개 감염 노출 위험작업 시 조치기준,guidelines instructions air-borne infection exposure hazardous work,,,,,,,,,,,,,,
전열면적,heating surface area,,,,,,,,,,,,,,
혈액매개 감염 노출 위험작업 시 조치기준,guidelines instructions blood-borne infection exposure hazardous work,,,,,,,,,,,,,,
곤충 및 동물매개 감염 노출 위험작업 시 조치기준,guidelines instructions insects animal-borne infection exposure hazardous work,,,,,,,,,,,,,,
"석면의 제조ㆍ사용 작업, 해체ㆍ제거 작업 및 유지ㆍ관리의 조치기준","guidelines instructions work related asbestos manufacturingㆍ use, disposal removal its maintenanceㆍ management.",,,,,,,,,,,,,,
강렬한 소음작업 등의 관리기준,guidelines management strong noise work,,,,,,,,,,,,,,
하역작업장의 조치기준,guidelines unloading workplace instruction ,,,,,,,,,,,,,,
강재의 사용기준,guidelines use steel ,,,,,,,,,,,,,,
작업관리 기준,guidelines work management,,,,,,,,,,,,,,
손잡이강도시험장비,Hand grip strength tester,,,,,,,,,,,,,,
손보호판강도시험장비,Hand guard strength tester,,,,,,,,,,,,,,
산화에틸렌 등의 취급,handling ethylene oxide ,,,,,,,,,,,,,,
위험물 등의 취급,handling hazardous substance.,,,,,,,,,,,,,,
난간기둥,"handrail pole, guardrail pole",,,,,,,,,,,,,,
달포대,hanging plate,,,,,,,,,,,,,,
달대비계,hanging scaffold,,,,,,,,,,,,,,
달비계 및 달대비계,hanging scaffolding hanging scaffolding,,,,,,,,,,,,,,
달비계의 점검 및 보수,hanging scaffolding checkup repair,,,,,,,,,,,,,,
달비계의 구조,hanging scaffolding structure,,,,,,,,,,,,,,
항만하역작업,harbors unloading work,,,,,,,,,,,,,,
유해위험방지계획서,harmhazardpreventionplan,유방계,유해방지계획서,유해·위험방지계획서,방지계획서,,,,,,,,,,
유해ㆍ위험방지 사항에 관한 계획서,harm hazard prevention plans  ,,,,,,,,,,,,,,
유해위험 문구,harms hazards statements,,,,,,,,,,,,,,
화학물질의 유해성ㆍ위험성 조사,hazard risk assessments chemicals,,,,,,,,,,,,,,
정련기에 의한 위험 방지,hazard prevention refining machine,,,,,,,,,,,,,,
하역작업 등에 의한 위험방지,hazard prevention concerning cargo working ,,,,,,,,,,,,,,
건설작업 등에 의한 위험 예방,hazard prevention concerning construction work ,,,,,,,,,,,,,,
해체작업시의 위험방지,hazard prevention concerning dismantlement work ,,,,,,,,,,,,,,
전기 기계ㆍ기구 등으로 인한 위험 방지,hazard prevention concerning electric machineㆍapparatus ,,,,,,,,,,,,,,
중량물 취급 시의 위험방지,hazard prevention concerning heavy material handling.,,,,,,,,,,,,,,
용융고열물 등에 의한 위험예방,hazard prevention concerning hot molten material,,,,,,,,,,,,,,
지반 등의 굴착 시 위험 방지,hazard prevention concerning natural ground excavation ,,,,,,,,,,,,,,
입환작업 시의 위험방지,hazard prevention concerning shunting,,,,,,,,,,,,,,
터널ㆍ지하구간 및 교량 작업 시의 위험방지,hazard prevention concerning tunnelㆍunderground section bridge work,,,,,,,,,,,,,,
배선 및 이동전선으로 인한 위험 방지,hazard prevention concerning wiring portable cable,,,,,,,,,,,,,,
기밀시험시의 위험 방지,hazard prevention during air-tight test ,,,,,,,,,,,,,,
운전 중 위험 방지,hazard prevention during operation,,,,,,,,,,,,,,
붐 등의 강하에 의한 위험 방지,hazard prevention from boom drop,,,,,,,,,,,,,,
붕괴ㆍ낙하에 의한 위험 방지,hazard prevention from collapseㆍfalling,,,,,,,,,,,,,,
폭발ㆍ화재 및 위험물 누출에 의한 위험방지,hazard prevention from explosionㆍfire hazardous substance leak ,,,,,,,,,,,,,,
기계ㆍ기구 및 그 밖의 설비에 의한 위험예방,hazard prevention from machineㆍapparatus other installation,,,,,,,,,,,,,,
임시로 사용하는 전등 등의 위험 방지,hazard prevention from temporary electric lamp ,,,,,,,,,,,,,,
전기작업에 대한 위험 방지,hazard prevention electric work ,,,,,,,,,,,,,,
금형조정작업의 위험 방지,hazard prevention mold adjustment,,,,,,,,,,,,,,
회전시험 중의 위험 방지,hazard prevention related rotation test,,,,,,,,,,,,,,
유해광선,hazardous rays ,,,,,,,,,,,,,,
헤드가드,head guard,,,,,,,,,,,,,,
전조등 및 후미등,headlamp rear lamp,,,,,,,,,,,,,,
전조등,headlamp,headlight,,,,,,,,,,,,,
근로자의 보건관리,healthcare workers,,,,,,,,,,,,,,
청력보호구의 지급,hearing distribution personal protective equipment ,,,,,,,,,,,,,,
청력보호구,hearing protective equipment ,,,,,,,,,,,,,,
가열응착 제품 등의 파쇄,heating cohesion product crush ,,,,,,,,,,,,,,
중량물 취급,heavy material handling ,,,,,,,,,,,,,,
경사면에서의 중량물 취급,heavy material handling tilt ,,,,,,,,,,,,,,
고압작업설비의 점검,high pressure work equipment checkup ,,,,,,,,,,,,,,
고열작업,high temperature work ,,,,,,,,,,,,,,
고독성물질,highly toxic substance,,,,,,,,,,,,,,
고속회전체,high-speed rotator,,,,,,,,,,,,,,
명예산업안전감독관,honorary industrial safety inspector,,,,,,,,,,,,,,
후드,hood,,,,,,,,,,,,,,
훅부착슬링의 사용,hook attached sling use ,,,,,,,,,,,,,,
수평연결재,horizontal rod,후리도매,후리도메,,,,,,,,,,,,
고열물 취급설비의 구조,hot material handling equipment structure ,,,,,,,,,,,,,,
고열 금속찌꺼기 처리작업,hot metal residue processing work ,,,,,,,,,,,,,,
용융고열물,hot molten material,,,,,,,,,,,,,,
용융고열물의 취급작업,hot molten material handling,,,,,,,,,,,,,,
건설업 기초안전ㆍ보건교육 시간ㆍ내용 및 방법,"hours, content, methods  basic safety health training construction sector",,,,,,,,,,,,,,
가습,humidification ,,,,,,,,,,,,,,
위생설비의 설치,hygiene facilities installation ,,,,,,,,,,,,,,
저빙고,ice bunker,,,,,,,,,,,,,,
발화성물질,ignitable material ,,,,,,,,,,,,,,
점화물질,ignition material,,,,,,,,,,,,,,
냉각부하검사,immersion test cold water ,,,,,,,,,,,,,,
불침투성,impermeable,,,,,,,,,,,,,,
작업환경 개선,improvement working environment ,,,,,,,,,,,,,,
충격소음작업,impulsive (impact) noise work,,,,,,,,,,,,,,
소각장,incinerator ,,,,,,,,,,,,,,
유도결합 플라즈마,inductively coupled plasma ,,,,,,,,,,,,,,
산업재해 기록,industrial accident records ,,,,,,,,,,,,,,
대기환경산업기사,industrial engineer air pollution environmental,,,,,,,,,,,,,,
산업위생관리산업기사,industrial engineer industrial hygiene management,,,,,,,,,,,,,,
산업용 로봇,industrial robots,로봇,,,,,,,,,,,,,
업종,industry,산업,사업의 종류,사업의종류,,,,,,,,,,,
불활성기체의 누출,inert gas leak ,,,,,,,,,,,,,,
사업내 안전ㆍ보건교육,in-house safety health training,,,,,,,,,,,,,,
사출성형기,injection molding machine,,,,,,,,,,,,,,
사출성형기 등의 방호장치,injection molding machine protective equipment,,,,,,,,,,,,,,
호스 등을 사용한 인화성 액체 등의 주입,injection flammable liquid using hose ,,,,,,,,,,,,,,
가솔린이 남아 있는 설비에 등유 등의 주입,injection kerosene into equipment where gasoline remains ,,,,,,,,,,,,,,
상해부위,injury part,,,,,,,,,,,,,,
금속의 용해로에 금속부스러기를 넣는 작업,inserting metal fragments into metal melting furnace ,,,,,,,,,,,,,,
감독기준,inspection criteria,,,,,,,,,,,,,,
검사원 양성교육,inspector training,,,,,,,,,,,,,,
안전ㆍ보건표지의 설치,installation  safety health signs,,,,,,,,,,,,,,
위생시설의 설치 등 협조,installation  sanitation facilities other cooperation,,,,,,,,,,,,,,
비상구의 설치,installation fire exit,,,,,,,,,,,,,,
통로의 설치,installation passage,,,,,,,,,,,,,,
선박승강설비의 설치,installation ship elevating equipment ,,,,,,,,,,,,,,
계측장치 등의 설치,installation measuring instrument ,,,,,,,,,,,,,,
전체환기장치의 설치,installing general ventilation system ,,,,,,,,,,,,,,
손해배상을 위한 보험가입ㆍ지급,"insurance coverage, payout  indemnity",,,,,,,,,,,,,,
강렬한소음작업,intense noise work ,,,,,,,,,,,,,,
강도,intensity,,,,,,,,,,,,,,
피뢰침 설치에 관한 경과조치,interim measures concerning lighting rod installation ,,,,,,,,,,,,,,
유해요인 조사 및 개선,investigation improvement harmful factors,,,,,,,,,,,,,,
유해요인 조사,investigation harmful factors ,,,,,,,,,,,,,,
유해요인 조사 방법,investigation harmful factors method ,,,,,,,,,,,,,,
조사,investigation,,,,,,,,,,,,,,
격리,isolation ,,,,,,,,,,,,,,
응시원서의 발급,issuance admission tickets ,,,,,,,,,,,,,,
직무교육,job training  ,,,,,,,,,,,,,,
재료 및 구조,material structure,,,,,,,,,,,,,,
편의 제공,accommodation,,,,,,,,,,,,,,
아세틸렌 용접장치,acetylene welding equipment,,,,,,,,,,,,,,
아세틸렌 용접장치 및 가스집합 용접장치,acetylene welding equipment gas aggregation welding equipment ,,,,,,,,,,,,,,
아세틸렌 용접장치의 관리,acetylene welding equipment management ,,,,,,,,,,,,,,
부칙,addenda ,,,,,,,,,,,,,,
시험의 실시기관,administrating body examinations,,,,,,,,,,,,,,
공기청정장치,air cleaner equipment ,,,,,,,,,,,,,,
건물 개ㆍ보수 시 공기오염 관리,air contamination control event building remodelingㆍrepair ,,,,,,,,,,,,,,
송기량,air supply volume ,,,,,,,,,,,,,,
기적,air volume ,,,,,,,,,,,,,,
공기의 부피와 환기,air volume ventilation,,,,,,,,,,,,,,
기압조절실 공기의 부피와 환기,air volume ventilation air control room ,,,,,,,,,,,,,,
공기매개감염인자,airborne infectious agent ,,,,,,,,,,,,,,
공기매개감염병,airborne infectious disease ,,,,,,,,,,,,,,
경보설비,alarm system ,,,,,,,,,,,,,,
경보용 설비,alarming system,,,,,,,,,,,,,,
공용의 경보설비,alarms  public use,,,,,,,,,,,,,,
다른 법령의 개정,amendment other acts ,,,,,,,,,,,,,,
발암성물질의 고지,announcement carcinogen ,,,,,,,,,,,,,,
시험의 공고,announcement examinations,,,,,,,,,,,,,,
합격자의 공고,announcement successful applicants,,,,,,,,,,,,,,
둥근톱기계의 반발예방장치,anti kick-back device against circular sawing machine,,,,,,,,,,,,,,
부식의 방지조치,anti-corrosion measures ,,,,,,,,,,,,,,
누출의 방지조치,anti-leak measures ,,,,,,,,,,,,,,
안티몬과 화합물,antimony its compounds ,,,,,,,,,,,,,,
미끄럼방지대,antislip studs,,,,,,,,,,,,,,
안전밸브의 검사주기에 관한 적용례,applicability concerning inspection period safety valve ,,,,,,,,,,,,,,
지정검사기관의 지정신청,application  designation designated inspection organization,,,,,,,,,,,,,,
보건관리대행기관의 지정신청,application  designation health management service provider,,,,,,,,,,,,,,
안전인증기관의 지정 신청,application  designation safety certification organization,,,,,,,,,,,,,,
안전검사기관의 지정 신청,application designation safety inspection organization,,,,,,,,,,,,,,
안전관리대행기관의 지정신청,application  designation safety management service provider,,,,,,,,,,,,,,
특수건강진단기관의 지정신청,application  designation special medical examination providers,,,,,,,,,,,,,,
진단기관의 지정신청,application  designation surveyors,,,,,,,,,,,,,,
안전인증의 신청,application safety certification,,,,,,,,,,,,,,
안전검사의 신청,application safety inspection,,,,,,,,,,,,,,
제조 등이 금지되는 물질의 사용승인 신청,application approval  use substances prohibited from being manufactured,,,,,,,,,,,,,,
도급인가의 신청,application approval contract work,,,,,,,,,,,,,,
재해예방 전문지도기관의 지정신청,application designation  accident prevention consulting organization,,,,,,,,,,,,,,
요양신청,application medical care,,,,,,,,,,,,,,
제조 등 허가의 신청 및 심사,application permit manufacturing ; review application,,,,,,,,,,,,,,
등록신청,application registration ,,,,,,,,,,,,,,
석면해체ㆍ제거업자의 등록신청,application registration  asbestos disposal removal service provider,,,,,,,,,,,,,,
건설업기초교육기관의 등록신청,application registration  basic training provider construction sector,,,,,,,,,,,,,,
직무교육위탁기관의 등록신청,application registration  job training provider,,,,,,,,,,,,,,
산업재해발생률 산정기준에 관한 적용례,applications criteria calculation rate industrial accidents,,,,,,,,,,,,,,
타워크레인 검사에 관한 적용례,applications inspection tower cranes,,,,,,,,,,,,,,
유해ㆍ위험방지계획서 제출에 관한 적용례,applications submission harm hazard prevention plans,,,,,,,,,,,,,,
관리책임자등의 선임,appointment  managers al.,,,,,,,,,,,,,,
도급사업의 안전관리자 선임,appointment safety managers contractor’s operation,,,,,,,,,,,,,,
전기 기계ㆍ기구의 적정설치,appropriate installation electric machineㆍapparatus ,,,,,,,,,,,,,,
유해하거나 위험한 작업의 도급인가,approval harmful hazardous contract work,,,,,,,,,,,,,,
석면조사,asbestos survey  ,,,,,,,,,,,,,,
계단 형상으로 조립하는 거푸집 동바리,assembly form timbering stair shape ,,,,,,,,,,,,,,
조립,assembly,,,,,,,,,,,,,,
조립 등의 작업,assembly work,,,,,,,,,,,,,,
조립ㆍ해체 및 점검,assemblyㆍdismantlement checkup,,,,,,,,,,,,,,
특수건강진단기관 평가,assessment  special medical examination providers,,,,,,,,,,,,,,
공정안전보고서 이행 상태의 평가,assessment implementation process safety reports,,,,,,,,,,,,,,
자동경보장치,automatic alarm ,,,,,,,,,,,,,,
자동경보장치의 설치,automatic alarm device installation ,,,,,,,,,,,,,,
자동경보설비,automatic alarm equipment,,,,,,,,,,,,,,
건강진단 결과의 보존,retention medical examination results,,,,,,,,,,,,,,
수첩의 반환,return pocketbooks,,,,,,,,,,,,,,
공정안전보고서의 심사,review  process safety reports,,,,,,,,,,,,,,
승인의 취소,revocation  approval,,,,,,,,,,,,,,
건설업기초교육기관 등록취소,revocation registration basic training provider construction sector,,,,,,,,,,,,,,
링 등의 구비,ring,,,,,,,,,,,,,,
위험성평가,risk assessment,,,,,,,,,,,,,,
분할 날,riving knife,,,,,,,,,,,,,,
롤러기의 울 등 설치,roller fence installation,,,,,,,,,,,,,,
회전기계,rotation machine,,,,,,,,,,,,,,
파열판의 설치,rupture disc installation ,,,,,,,,,,,,,,
도급사업 시의 안전ㆍ보건,safety health contractor’s operation,,,,,,,,,,,,,,
안전ㆍ보건관리체제,safety health management system,,,,,,,,,,,,,,
안전ㆍ보건진,safety health surveys ,,,,,,,,,,,,,,
안전인증의 표시,safety certification marks,안전인증,,,,,,,,,,,,,
수입자의 안전인증 의무,safety certification obligation importers,,,,,,,,,,,,,,
둥근톱기계의 톱날접촉예방장치,safety device circular sawing machine,,,,,,,,,,,,,,
안전기의 설치,safety device installation ,,,,,,,,,,,,,,
안전거리,safety distance ,,,,,,,,,,,,,,
와이어로프 등 달기구의 안전계수,safety factors hanging apparatus such as wire rope,,,,,,,,,,,,,,
권상용 와이어로프의 안전계수,safety factors raising wire rope,,,,,,,,,,,,,,
고리걸이 훅 등의 안전계수,safety factors regarding hitch hook,,,,,,,,,,,,,,
안전도 등의 준수,safety grade observance,,,,,,,,,,,,,,
안전난간 및 방책의 설치,safety guard rail stockade installation ,,,,,,,,,,,,,,
안전대의 부착설비,safety harness adhesive equipment,,,,,,,,,,,,,,
안전대,safety harness ,,,,,,,,,,,,,,
안전관리 업무의 대행계약,safety management service contract,,,,,,,,,,,,,,
안전관리대행기관,safety management service organization,,,,,,,,,,,,,,
전기 기계ㆍ기구의 조작 시 등의 안전조치,safety measures concerning electric machineㆍapparatus control ,,,,,,,,,,,,,,
작업발판 일체형 거푸집의 안전조치,safety measures concerning single unit work plate form ,,,,,,,,,,,,,,
양하작업 시의 안전조치,safety measures concerning unloading work ,,,,,,,,,,,,,,
거푸집동바리등의 안전조치,safety measures such as form timbering ,,,,,,,,,,,,,,
안전기준,safety standard,,,,,,,,,,,,,,
안전밸브의 조정,safety valve adjustment,,,,,,,,,,,,,,
안전밸브 등의 설치,safety valve installation ,,,,,,,,,,,,,,
시료의 채취,sampling ,,,,,,,,,,,,,,
원형톱기계의 톱날접촉예방장치,saw blade contact prevention device circular saw,,,,,,,,,,,,,,
기계톱,sawing machine,,,,,,,,,,,,,,
비계다리,"scaffold plank, planking",,,,,,,,,,,,,,
비계의 점검 및 보수,scaffolding checkup repair,,,,,,,,,,,,,,
비계의 재료,scaffolding material,,,,,,,,,,,,,,
비계 등의 조립ㆍ해체 및 변경,scaffolding assemblyㆍdismantlement modification,,,,,,,,,,,,,,
자율안전확인의 표시,self-regulatory safety check marks,,,,,,,,,,,,,,
자율안전확인,self-regulatory self check,,,,,,,,,,,,,,
관능판정,sensory evaluation ,,,,,,,,,,,,,,
파열판 및 안전밸브의 직렬설치,series installation rupture disc safety valve ,,,,,,,,,,,,,,
중대한 건강장해,serious health problems,,,,,,,,,,,,,,
설정압력,set pressure,,,,,,,,,,,,,,
노출기준의 설정,setting occupational exposure limits,,,,,,,,,,,,,,
흙막이지보공,sheathing timbering,,,,,,,,,,,,,,
흙막이지보공의 재료,sheathing timbering material ,,,,,,,,,,,,,,
피난용구,shelter supplies,,,,,,,,,,,,,,
입환작업,shunting,,,,,,,,,,,,,,
북이탈방지장치,shuttle guard,,,,,,,,,,,,,,
직기의 북이탈방지장치,shuttle guard loom,,,,,,,,,,,,,,
신호,signal,,,,,,,,,,,,,,
침목교환작업,sleeper exchange work ,,,,,,,,,,,,,,
세극등 검사,slit lamp examination ,,,,,,,,,,,,,,
간이흙막이지보공,small sheathing timbering,,,,,,,,,,,,,,
예비품,spare parts ,,,,,,,,,,,,,,
베릴륨 제조ㆍ사용 작업의 특별 조치,special measures involving beryllium manufacturingㆍuse work,,,,,,,,,,,,,,
중량물을 들어올리는 작업에 관한 특별 조치,special measures related raising heavy material,,,,,,,,,,,,,,
국소배기장치의 설비 특례,special occasions local ventilation equipment ,,,,,,,,,,,,,,
단시간작업인 경우의 설비 특례,special occasions short-term work equipment ,,,,,,,,,,,,,,
임시작업인 경우의 설비 특례,special occasions cases temporary work equipment ,,,,,,,,,,,,,,
하리,대들보,,,,,,,,,,,,,,
감압의 특례,special occasions decompression ,,,,,,,,,,,,,,
꽂음접속기의 설치ㆍ사용 시 준수사항,matters observed cases installing using plug-in type socket connector ,,,,,,,,,,,,,,
콘크리트 펌프 등 사용 시 준수사항,matters observed when using concrete pump ,,,,,,,,,,,,,,
작업발판의 최대적재하중,maximum live load work plate,,,,,,,,,,,,,,
최대지간길이,maximum span ,,,,,,,,,,,,,,
건조설비의 온도 측정,measurement drying machinery temperature ,,,,,,,,,,,,,,
인화성 가스의 농도측정,measurement flammable gas concentration ,,,,,,,,,,,,,,
누출 시 조치,measures against leak ,,,,,,,,,,,,,,
오염된 장소에서의 조치,measures at contaminated place ,,,,,,,,,,,,,,
운전 시작 전 조치,measures before starting operation,,,,,,,,,,,,,,
기계등 대여자의 조치,measures lessor machinery ,,,,,,,,,,,,,,
기계등을 대여 받는 자의 조치,measures lessor machinery ,,,,,,,,,,,,,,
아크로에 대한 조치,measures concerning arc furnace ,,,,,,,,,,,,,,
조립 또는 변경시의 조치,measures concerning assembly change ,,,,,,,,,,,,,,
발파하는 경우의 조치,measures concerning blasting ,,,,,,,,,,,,,,
버팀줄을 늦추는 경우의 조치,measures concerning bracing cable loosening,,,,,,,,,,,,,,
컴퓨터 단말기 조작업무에 대한 조치,measures concerning computer terminal control ,,,,,,,,,,,,,,
농약원재료 방제작업 시의 조치,measures concerning controlling raw material an agricultural pesticide ,,,,,,,,,,,,,,
감압 시의 조치,measures concerning decompression ,,,,,,,,,,,,,,
석면 해체ㆍ제거작업 시의 조치,measures concerning disbanding removing asbestos ,,,,,,,,,,,,,,
소화설비 등에 대한 조치,measures concerning fire extinguishing installations ,,,,,,,,,,,,,,
가스배관공사 등에 관한 조치,measures concerning gas piping work ,,,,,,,,,,,,,,
난청발생에 따른 조치,measures concerning hearing loss occurrence ,,,,,,,,,,,,,,
사고가 발생한 경우의 조치,measures concerning event accident happening ,,,,,,,,,,,,,,
위험물질 등의 제조 등 작업 시의 조치,measures concerning manufacturing hazardous substance ,,,,,,,,,,,,,,
압기공법에 관한 조치,measures concerning pressurized work ,,,,,,,,,,,,,,
말뚝 등을 끌어올릴 경우의 조치,measures concerning raising pile,,,,,,,,,,,,,,
배기ㆍ침하 시의 조치,measures concerning ventilationㆍsettlement ,,,,,,,,,,,,,,
용접 등 작업 시의 조치,measures concerning welding ,,,,,,,,,,,,,,
사용 시의 조치,measures operation,,,,,,,,,,,,,,
운전위치 이탈 시의 조치,measures event operation position breakaway,,,,,,,,,,,,,,
고소작업대 설치 등의 조치,measures related aerial work platform installation,,,,,,,,,,,,,,
조립 등의 작업 시 조치사항,measures related assembly,,,,,,,,,,,,,,
화물적재 시의 조치,measures related cargo loading,,,,,,,,,,,,,,
크레인 작업 시의 조치,measures related crane operation,,,,,,,,,,,,,,
피트 청소 시의 조치,measures related pit cleaning,,,,,,,,,,,,,,
수리 등의 작업 시 조치,measures related repair,,,,,,,,,,,,,,
폭발성 물질 등의 취급 시 조치,measures taken related explosive materials handling,,,,,,,,,,,,,,
유해ㆍ위험 예방 조치,measures prevent harms hazards ,,,,,,,,,,,,,,
용접 등에 관한 조치,measures take concerning welding ,,,,,,,,,,,,,,
밀폐공간 내 작업 시의 조치,measures take during confined space work,,,,,,,,,,,,,,
공기정화설비등의 개ㆍ보수 시 조치,measures take event remodelingㆍrepairing air purification equipment,,,,,,,,,,,,,,
계측장치의 설치,measuring instrument installation,,,,,,,,,,,,,,
요양급여,medical care benefit ,,,,,,,,,,,,,,
의사의 진찰,medical examination ,,,,,,,,,,,,,,
수첩소지자 건강진단,medical examination pocketbook holder,,,,,,,,,,,,,,
근로자 건강진단,medical examinations workers,,,,,,,,,,,,,,
헤라,주걱,,,,,,,,,,,,,,
부재의 해체,member dismantlement ,,,,,,,,,,,,,,
망상전극,mesh electrode ,,,,,,,,,,,,,,
자율안전확인대상 기계ㆍ기구등의 신고방법,"method notification machinery, apparatus  subject self-regulatory safety check",,,,,,,,,,,,,,
물질안전보건자료의 작성방법,method preparation material safety data sheets,,,,,,,,,,,,,,
물질안전보건자료의 제공방법,method provision material safety data sheets,,,,,,,,,,,,,,
확인의 방법 및 주기,"method, frequency  verification",,,,,,,,,,,,,,
석면농도의 측정방법,methods measuring asbestos concentration,,,,,,,,,,,,,,
석면조사방법,methods asbestos survey ,,,,,,,,,,,,,,
작업환경측정방법,methods work environment monitoring,,,,,,,,,,,,,,
미생물오염 관리,microorganism contamination control ,,,,,,,,,,,,,,
중간난간대,midrail,,,,,,,,,,,,,,
갱내의 온도,mine temperature ,,,,,,,,,,,,,,
접근한계거리,minimum approach distance,,,,,,,,,,,,,,
결손장해,"missing body parts, physical impairment",,,,,,,,,,,,,,
결손치,"missing tooth, extracted tooth",,,,,,,,,,,,,,
이동식 비계,mobile scaffolding,,,,,,,,,,,,,,
이동식 계단,mobile stair,,,,,,,,,,,,,,
채광 및 조명,natural lighting artificial lighting,,,,,,,,,,,,,,
차량통행금지,no vehicles allowed ,,,,,,,,,,,,,,
소음 감소 조치,noise reduction measures ,,,,,,,,,,,,,,
근로자위원의 지명,nomination worker members committee,,,,,,,,,,,,,,
비충전금속체,non conductive metal parts,,,,,,,,,,,,,,
과징금의 납부통지,notice  payment penalty charges,,,,,,,,,,,,,,
통지 및 사후조치,notification follow-up measures concerning ,,,,,,,,,,,,,,
자율안전확인의 신고,notification self-regulatory safety check,,,,,,,,,,,,,,
명칭 등의 게시,notification title ,,,,,,,,,,,,,,
보행금지,no-walk no-pedestrians,,,,,,,,,,,,,,
작업환경측정 횟수,number measurements take,,,,,,,,,,,,,,
가해물,"objects falling/flying off, rolling, collapsing, struck ",,,,,,,,,,,,,,
기인물,objects that caused accident originally,,,,,,,,,,,,,,
기계등을 조작하는 자의 의무,obligation operator machinery ,,,,,,,,,,,,,,
수시건강진단,occasional physical examination ,,,,,,,,,,,,,,
업무상사고,occupational accident ,,,,,,,,,,,,,,
보건시설,occupational health facility ,,,,,,,,,,,,,,
보건관리 대행기관,occupational health service institute,,,,,,,,,,,,,,
보건기준,occupational health standard ,,,,,,,,,,,,,,
산업안전홍보대사,occupational safety health ambassador ,,,,,,,,,,,,,,
산업안전지도사,occupational safety consultant,,,,,,,,,,,,,,
사무실공기 평가,office air assessment ,,,,,,,,,,,,,,
사무실공기 관리와 작업기준,office air management standard work,,,,,,,,,,,,,,
사무실의 청결 관리,office cleanliness management ,,,,,,,,,,,,,,
사무용기기,office machinery,,,,,,,,,,,,,,
유류 등이 있는 배관이나 용기의 용접,oil piping vessel welding ,,,,,,,,,,,,,,
석면조사의 생략 등 확인 절차,omission  asbestos survey; verification procedures,,,,,,,,,,,,,,
양화장치,onboard lifting equipment,,,,,,,,,,,,,,
역회전방지장치,one-way clutch bearing,,,,,,,,,,,,,,
지붕 위에서의 위험 방지,on-roof hazard prevention,,,,,,,,,,,,,,
노천굴착작업,open cut excavation,,,,,,,,,,,,,,
단로기 등의 개폐,open/close disconnecting switch ,,,,,,,,,,,,,,
개구부 등의 방호 조치,opening protective measures concerning,,,,,,,,,,,,,,
안전밸브등의 작동요건,operating conditions safety valve ,,,,,,,,,,,,,,
비파괴검사의 실시,operating non-destructive inspection,NDT,Nondestructive testing,Nondestructive Testing,,,,,,,,,,,
운행열차 등으로 인한 위험방지,operating train hazard prevention,,,,,,,,,,,,,,
공기정화설비등의 가동,operation air purification equipment ,,,,,,,,,,,,,,
운전의 정지,operation suspended,,,,,,,,,,,,,,
정비 등의 작업 시의 운전정지,operation suspended during maintenance,,,,,,,,,,,,,,
안전보건관리책임자를 두어야 할 사업,operations requiring safety health managers,안전관리책임자,보건관리책임자,안전보건책임자,관리책임자,,,,,,,,,,
고열장해 예방 조치,precautionary measures concerning heat disorders ,,,,,,,,,,,,,,
부상의 특례,special occasions up lift ,,,,,,,,,,,,,,
안전관리자 등의 증원ㆍ교체임명 명령,order add replace safety managers al.,,,,,,,,,,,,,,
의무안전인증대상 기계ㆍ기구등의 수거ㆍ파기명령,"order recall destroy machinery, apparatus  subject mandatory safety certification",,,,,,,,,,,,,,
자율안전확인대상 기계ㆍ기구등의 수거ㆍ파기명령,"order recall destroy machinery, apparatus  subject self-regulatory safety check",,,,,,,,,,,,,,
협의체의 구성 및 운영,organization operation consultative body,,,,,,,,,,,,,,
그 밖의 유해성ㆍ위험성 조사 제외,other exclusions from hazard risk assessments,,,,,,,,,,,,,,
배기구,outlet,,,,,,,,,,,,,,
권과 방지,over winding protection,,,,,,,,,,,,,,
과전류 차단장치,over-current shut-off device ,,,,,,,,,,,,,,
산소농도 등의 측정,oxygen concentration measurement ,,,,,,,,,,,,,,
용단작업,oxygen/torch/gas cutting,,,,,,,,,,,,,,
포장기계의 덮개,packaging machine cover,,,,,,,,,,,,,,
팔레트,pallet,,,,,,,,,,,,,,
시험의 일부 면제,partial exemption from exams,,,,,,,,,,,,,,
입자가속장치,particle accelerator ,,,,,,,,,,,,,,
입자선,particle beam ,,,,,,,,,,,,,,
부품도,parts drawing,,,,,,,,,,,,,,
통행설비의 설치,pass equipment installation ,,,,,,,,,,,,,,
통로,passage,,,,,,,,,,,,,,
건설물 등과의 사이 통로,passage between structures,,,,,,,,,,,,,,
통행의 제한,passage reservations,,,,,,,,,,,,,,
승용승강기,passenger elevator,,,,,,,,,,,,,,
승용승강기,passenger elevator,,,,,,,,,,,,,,
병원체,pathogens ,,,,,,,,,,,,,,
성능검사,performance examination,,,,,,,,,,,,,,
안전검사의 주기 및 합격표시ㆍ표시방법,period safety inspection; safety inspection mark; marking method,,,,,,,,,,,,,,
허용기준,permissible exposure limits (pels),,,,,,,,,,,,,,
안전작업허가,permission safety work,,,,,,,,,,,,,,
호흡용 보호구,personal protective equipment breathing ,,,,,,,,,,,,,,
절연용 보호구 등의 사용,personal protective equipment insulation ,,,,,,,,,,,,,,
보호구의 관리,personal protective equipment management,,,,,,,,,,,,,,
인원의 점검,personnel checkup ,,,,,,,,,,,,,,
건강관리수첩의 발급 대상,persons issued health management pocketbooks,,,,,,,,,,,,,,
감응식안전장치,photo-sensor type safety device,,,,,,,,,,,,,,
항타기 및 항발기,pile driver pile extractor,,,,,,,,,,,,,,
항발기,pile extractor ,,,,,,,,,,,,,,
가스집합용접장치의 배관,piping gas aggregation welding equipment ,,,,,,,,,,,,,,
수면장소 등의 설치,place sleeping installation,,,,,,,,,,,,,,
감시인의 배치,placement guardian ,,,,,,,,,,,,,,
보호복 등의 비치,placement protecting suit ,,,,,,,,,,,,,,
의자의 비치,placement chairs,,,,,,,,,,,,,,
대피용 기구의 비치,placement evacuation apparatus ,,,,,,,,,,,,,,
보호복 등의 비치,placement protecting suit ,,,,,,,,,,,,,,
소금과 음료수 등의 비치,placement salt beverage ,,,,,,,,,,,,,,
진동 기계ㆍ기구 사용설명서의 비치,placement vibration machineㆍapparatus user manual ,,,,,,,,,,,,,,
구내운반차,platform truck,,,,,,,,,,,,,,
습윤한 장소의 이동전선,portable cables at moist place ,,,,,,,,,,,,,,
정변위압축기,positive displacement compressor ,,,,,,,,,,,,,,
경고표지의 설치,posting warning sign ,,,,,,,,,,,,,,
작업공정별 관리 요령 게시,posting control instructions work process,,,,,,,,,,,,,,
시정명령서의 게시,posting correction order,,,,,,,,,,,,,,
게시,posting ,,,,,,,,,,,,,,
동력차단장치,power shut-off device ,,,,,,,,,,,,,,
동력전달부분,power transmission elements,,,,,,,,,,,,,,
감염병 예방 조치,precautionary measures against communicable disease ,,,,,,,,,,,,,,
혈액노출 예방 조치,precautionary measures against exposure blood ,,,,,,,,,,,,,,
비전리전자기파에 의한 건강장해 예방 조치,precautionary measures against health problems caused non-ionizing radiation wave ,,,,,,,,,,,,,,
직무스트레스에 의한 건강장해 예방 조치,precautionary measures against health problems caused byjobstress,,,,,,,,,,,,,,
예방 조치,precautionary measures concerning ,,,,,,,,,,,,,,
하꼬,상자,,,,,,,,,,,,,,
운전방법 등의 주지,reminding operation method,,,,,,,,,,,,,,
다습장해 예방 조치,precautionary measures concerning humid hazard ,,,,,,,,,,,,,,
한랭장해 예방 조치,precautionary measures concerning low temperature hazard ,,,,,,,,,,,,,,
예방조치 문구,precautionary statements,,,,,,,,,,,,,,
강관틀비계,prefabricated steel tube scaffolding,틀비계,,,,,,,,,,,,,
안전보건관리규정의 작성,preparation safety health management regulations,Preparation Safety Health Management Regulations,Preparation safety health management regulation,안전규정작성,안전보건규정작성,안전보건규정 작성,안전규정 작성,,,,,,,,
제동장치의 구비,preparations brake ,,,,,,,,,,,,,,
프레스 및 전단기,press shearing machine,,,,,,,,,,,,,,
프레스 등의 위험 방지,press hazard prevention,,,,,,,,,,,,,,
압력계,pressure gauge ,,,,,,,,,,,,,,
압력제한스위치,pressure limit switch,,,,,,,,,,,,,,
압력조정기,pressure regulator ,,,,,,,,,,,,,,
압력방출장치,pressure relief device,,,,,,,,,,,,,,
사전조사,pre-survey ,,,,,,,,,,,,,,
사전조사 및 작업계획서의 작성,pre-survey work plan creation,작업계획서,안전작업계획서,,,,,,,,,,,,
급성 중독물질 등에 의한 위험 방지,prevent acute poisoning substance hazard ,,,,,,,,,,,,,,
농업용기계에 의한 위험 방지,prevention caused agricultural machinery hazard,,,,,,,,,,,,,,
매설물 등 파손에 의한 위험방지,prevention concerning damage buried structure hazard ,,,,,,,,,,,,,,
이탈 등의 방지,prevention from breakaway,,,,,,,,,,,,,,
운전위치의 이탈금지,prevention from breakaway operation position,,,,,,,,,,,,,,
화물의 낙하 방지,prevention from falling cargo,,,,,,,,,,,,,,
톱날접촉예방장치,prevention guard against saw blade,,,,,,,,,,,,,,
날접촉예방장치,prevention guard against saw blade ,,,,,,,,,,,,,,
차단밸브의 설치 금지,prevention block valve installation ,,,,,,,,,,,,,,
탑승의 금지,prevention boarding,,,,,,,,,,,,,,
승차석 외의 탑승금지,prevention boarding other than riding seat,,,,,,,,,,,,,,
차량계건설기계,vehicle type construction machinery,,,,,,,,,,,,,,
볼트ㆍ너트의 풀림 방지,prevention boltㆍnut from loosening,,,,,,,,,,,,,,
폭풍에 의한 이탈 방지,prevention breakaway due storm,,,,,,,,,,,,,,
화상 등의 방지,prevention burn ,,,,,,,,,,,,,,
점화물질 휴대 금지,prevention carrying ignition material ,,,,,,,,,,,,,,
붕괴 등의 방지,prevention collapse,,,,,,,,,,,,,,
접촉 방지,prevention contact,,,,,,,,,,,,,,
접촉의 방지,prevention contact ,,,,,,,,,,,,,,
부식 방지,prevention corrosion ,,,,,,,,,,,,,,
폭풍에 의한 도괴 방지,prevention destruction storm,,,,,,,,,,,,,,
토석붕괴 위험 방지,prevention earth rock collapse risk ,,,,,,,,,,,,,,
누전차단기에 의한 감전방지,prevention electric shock using an earth leakage breaker ,,,,,,,,,,,,,,
폭발위험의 방지,prevention explosion hazard,,,,,,,,,,,,,,
추락ㆍ충돌ㆍ협착 등의 방지,prevention fall accidentㆍcollisionㆍconstriction ,,,,,,,,,,,,,,
정전기로 인한 화재 폭발 등 방지,prevention fire explosion due electrostatic ,,,,,,,,,,,,,,
갱내통로 등의 위험 방지,prevention hazard at tunnel passage,,,,,,,,,,,,,,
붕괴 등에 의한 위험 방지,prevention hazard caused collapse ,,,,,,,,,,,,,,
낙하물에 의한 위험 방지,prevention hazard caused falling object,,,,,,,,,,,,,,
정전기 및 전자파로 인한 재해 예방,prevention hazard from electrostatic electromagnetic wave,,,,,,,,,,,,,,
선풍기 등에 의한 위험의 방지,prevention hazard from fan,,,,,,,,,,,,,,
추락에 의한 위험 방지,prevention hazard fall accident,,,,,,,,,,,,,,
추락 또는 붕괴에 의한 위험 방지,prevention hazard fall accident collapse,,,,,,,,,,,,,,
날아오는 가공물 등에 의한 위험의 방지,prevention hazard flying tools,,,,,,,,,,,,,,
출입구 부근 등의 지반 붕괴에 의한 위험의 방지,prevention hazard natural ground collapse near exit ,,,,,,,,,,,,,,
관리대상 유해물질에 의한 건강장해의 예방,prevention health problems harmful substances requiring management,,,,,,,,,,,,,,
이상기압에 의한 건강장해의 예방,prevention health problems caused abnormal air pressure,,,,,,,,,,,,,,
밀폐공간 작업으로 인한 건강장해의 예방,prevention health problems caused confined space work,,,,,,,,,,,,,,
분진에 의한 건강장해의 예방,prevention health problems caused dust,,,,,,,,,,,,,,
근골격계부담작업으로 인한 건강장해의 예방,prevention health problems caused musculoskeletal system-related work,,,,,,,,,,,,,,
소음 및 진동에 의한 건강장해의 예방,prevention health problems caused noise vibration,,,,,,,,,,,,,,
그 밖의 유해인자에 의한 건강장해의 예방,prevention health problems caused other harmful factors,,,,,,,,,,,,,,
병원체에 의한 건강장해의 예방,prevention health problems caused pathogen,,,,,,,,,,,,,,
허가대상 유해물질 및 석면에 의한 건강장해의 예방,prevention health problems caused permission-required harmful substances asbestos,,,,,,,,,,,,,,
금지유해물질에 의한 건강장해의 예방,prevention health problems caused prohibited harmful substances,,,,,,,,,,,,,,
방사선에 의한 건강장해의 예방,prevention health problems from radiation,,,,,,,,,,,,,,
온도ㆍ습도에 의한 건강장해의 예방,prevention health problems from temperatureㆍhumidity,,,,,,,,,,,,,,
사무실에서의 건강장해 예방,prevention health problems an office,,,,,,,,,,,,,,
서로 다른 물질의 접촉에 의한 발화 등의 방지,prevention ignition from different substance contact ,,,,,,,,,,,,,,
불활성기체의 유입 방지,prevention inflow inert gas ,,,,,,,,,,,,,,
실외 오염물질의 유입 방지,prevention inflow outdoor contaminants ,,,,,,,,,,,,,,
벌목작업에 의한 위험 방지,prevention logging work hazard ,,,,,,,,,,,,,,
하적단의 붕괴 등에 의한 위험방지,prevention lower stack collapse hazard ,,,,,,,,,,,,,,
전자파에 의한 기계ㆍ설비의 오작동 방지,prevention mal-function machineryㆍequipment reference electromagnetic wave ,,,,,,,,,,,,,,
자재의 붕괴ㆍ낙하 방지,prevention material collapseㆍfalling ,,,,,,,,,,,,,,
지반의 붕괴 등에 의한 위험방지,prevention natural ground collapse hazard ,,,,,,,,,,,,,,
지반붕괴 위험방지,prevention natural ground collapse risk ,,,,,,,,,,,,,,
수상의 목재ㆍ뗏목 등의 작업 시 위험 방지,prevention on-the-water woodㆍrafting work hazard ,,,,,,,,,,,,,,
궤도 보수ㆍ점검작업의 위험 방지,prevention railway repair maintenance hazard ,,,,,,,,,,,,,,
궤도 관련 작업 등에 의한 위험 방지,prevention railway work hazard ,,,,,,,,,,,,,,
출입구의 임의잠김 방지,prevention random locking exit ,,,,,,,,,,,,,,
잔재물의 흩날림 방지,prevention residue scattering ,,,,,,,,,,,,,,
낙반 등에 의한 위험 방지,prevention rock falling hazard ,,,,,,,,,,,,,,
로프 탈락 등에 의한 위험방지,prevention rope breakaway hazard ,,,,,,,,,,,,,,
철골조립 시의 위험 방지,prevention steel frame assembly hazard ,,,,,,,,,,,,,,
철골작업 시의 위험방지,prevention steel frame work hazard ,,,,,,,,,,,,,,
급격한 침하로 인한 위험 방지,prevention sudden settlement hazard ,,,,,,,,,,,,,,
전도의 방지,prevention tripping,,,,,,,,,,,,,,
통선 등에 의한 근로자 수송 시의 위험 방지,prevention worker transportation barge hazard ,,,,,,,,,,,,,,
원동기ㆍ회전축 등의 위험 방지,prime moverㆍrotation shaft hazard prevention,,,,,,,,,,,,,,
석면해체ㆍ제거작업 신고 절차,procedure notification asbestos disposal removal work ,,,,,,,,,,,,,,
지정측정기관의 지정 절차,procedures designation designated monitoring service providers,,,,,,,,,,,,,,
건강관리수첩의 발급 절차,procedures issuance health management pocketbooks,,,,,,,,,,,,,,
공정위험성평가서,process risk assessment report,,,,,,,,,,,,,,
고열의 금속찌꺼기 물처리,processing hot metal residue with water ,,,,,,,,,,,,,,
형사토제품,product made molding sand kind soil,,,,,,,,,,,,,,
제조 등의 금지ㆍ허가,prohibition permission manufacturing  ,,,,,,,,,,,,,,
유해물질의 제조 등의 금지ㆍ허가 및 분류,prohibition permission manufacturing  harmful substances; classification  ,,,,,,,,,,,,,,
물과의 접촉 금지,prohibition contacting water ,,,,,,,,,,,,,,
방호장치의 해체 금지,prohibition dismantlement protective equipment,,,,,,,,,,,,,,
동시 작업의 금지,prohibition multiple works operation ,,,,,,,,,,,,,,
질병자의 근로금지,prohibition sick persons from working,Prohibition sick persons from working,,,,,,,,,,,,,
흡연 등의 금지,prohibition smoking ,,,,,,,,,,,,,,
등록취소,revocation registration ,,,,,,,,,,,,,,
화물 중간에서 빼내기 금지,prohibition taking out middle cargo pile,,,,,,,,,,,,,,
화물 중간에서 화물 빼내기 금지,prohibition taking out middle cargo pile ,,,,,,,,,,,,,,
이음매가 있는 권상용 와이어로프의 사용 금지,prohibition use seamed raising wire rope,,,,,,,,,,,,,,
변형되어 있는 훅ㆍ샤클 등의 사용금지,prohibition use deformed hookㆍshackle,,,,,,,,,,,,,,
늘어난 달기체인 등의 사용 금지,prohibition use extended hanging chain,,,,,,,,,,,,,,
꼬임이 끊어진 섬유로프 등의 사용 금지,prohibition use strand-cut fiber rope,,,,,,,,,,,,,,
작업도구 등의 목적 외 사용 금지,prohibition use working tools other purposes,,,,,,,,,,,,,,
통로바닥에서의 전선 등 사용 금지,prohibition using cables passage floor ,,,,,,,,,,,,,,
화기사용 금지,prohibition using fire ,,,,,,,,,,,,,,
위험물 등이 있는 장소에서 화기 등의 사용 금지,prohibition using fire at place where hazardous substance lies ,,,,,,,,,,,,,,
장갑의 사용 금지,prohibition using gloves,,,,,,,,,,,,,,
작업의 금지,prohibition work ,,,,,,,,,,,,,,
가스집합용접장치,propane/acetylene cylinder manifold,,,,,,,,,,,,,,
보호복,protecting suit ,,,,,,,,,,,,,,
방지설비,protective equipment ,,,,,,,,,,,,,,
방호장치의 조정,protective equipment adjustment,,,,,,,,,,,,,,
방호조치,protective measures,,,,,,,,,,,,,,
기계ㆍ기구의 방호조치,protective measures machinery apparatus ,,,,,,,,,,,,,,
양자선,proton beam,,,,,,,,,,,,,,
돌출비계,protruded scaffolding ,,,,,,,,,,,,,,
건강진단의 실시기관,provider medical examinations ,,,,,,,,,,,,,,
보건관리자에 대한 시설ㆍ장비 지원,provision facilities equipment health manager,,,,,,,,,,,,,,
물질안전보건자료 관련 자료의 제공,provision materials relevant material safety data sheets,,,,,,,,,,,,,,
준용,provisions applicable mutatis mutandis,,,,,,,,,,,,,,
안전인증의 취소 공고,public notice  revocation safety certification,,,,,,,,,,,,,,
신규화학물질의 명칭 등의 공표,publication names  new chemicals,,,,,,,,,,,,,,
도르래의 부착,pulley attachment,,,,,,,,,,,,,,
압송,pumping,,,,,,,,,,,,,,
목적,purpose,,,,,,,,,,,,,,
급·배기환기장치,push-pull ventilation system ,,,,,,,,,,,,,,
작업모 등의 착용,putting bump cap,,,,,,,,,,,,,,
석면농도를 측정할 수 있는 자의 자격,qualifications person eligible measure asbestos concentration,,,,,,,,,,,,,,
작업환경측정자의 자격,qualifications work environment monitors,,,,,,,,,,,,,,
검사원의 자격,qualifications inspector,,,,,,,,,,,,,,
토사석 광업,"quarrying stone, sand clay",,,,,,,,,,,,,,
방사선 장치실,radiation apparatus chamber ,,,,,,,,,,,,,,
방사성물질 관리시설,radioactivity substance controlling facilities,,,,,,,,,,,,,,
방사성물질 취급용구,radioactivity substance handling tools ,,,,,,,,,,,,,,
방사성물질 취급 작업실,radioactivity substance processing room ,,,,,,,,,,,,,,
방사성물질 취급 작업실의 구조,radioactivity substance processing room structure ,,,,,,,,,,,,,,
권상용 와이어로프의 길이,raising wire rope length,,,,,,,,,,,,,,
적용 범위,range application ,,,,,,,,,,,,,,
산업재해율,rate occupational accidents,,,,,,,,,,,,,,
정격감도전류,rated current sensitivity,,,,,,,,,,,,,,
정격하중 등의 표시,rated load display,,,,,,,,,,,,,,
무효전력,reactive power ,,,,,,,,,,,,,,
상당인과관계,reasonable causal relationship,,,,,,,,,,,,,,
자율검사프로그램의 인정,recognition  voluntary inspection program,,,,,,,,,,,,,,
개선권고사항,"recommendation improvement, suggestion improvement ",,,,,,,,,,,,,,
건강진단의 권고,recommendation medical examinations,,,,,,,,,,,,,,
감압상황의 기록,recording decompression status ,,,,,,,,,,,,,,
안전인증제품에 관한 자료의 기록ㆍ보존,"recording, retention  materials safety-certified products",,,,,,,,,,,,,,
정제,refinement,,,,,,,,,,,,,,
제빙고,refrigeration warehouse,,,,,,,,,,,,,,
냉장실 등의 작업,refrigerator work ,,,,,,,,,,,,,,
지방노동청,regional employment labor office,,,,,,,,,,,,,,
작업환경의 측정,working environment monitoring,,,,,,,,,,,,,,
건강관리수첩의 재발급,reissuance  health management pocketbooks,,,,,,,,,,,,,,
다른 법령과의 관계,relation other acts,,,,,,,,,,,,,,
안전밸브등의 배출용량,relieving capacity safety valve ,,,,,,,,,,,,,,
운행경로 등의 주지,reminding routing ,,,,,,,,,,,,,,
분진의 유해성 등의 주지,reminding harmfulness dust ,,,,,,,,,,,,,,
유해성 등의 주지,reminding harmfulness ,,,,,,,,,,,,,,
소음수준의 주지,reminding noise level ,,,,,,,,,,,,,,
직업성 질병의 주지,reminding occupational disease ,,,,,,,,,,,,,,
이삿짐운반용 리프트 운전방법의 주지,reminding operation method moving transportation lift,,,,,,,,,,,,,,
운행경로 등의 주지,reminding routing ,,,,,,,,,,,,,,
안전한 작업방법 등의 주지,reminding safe working methods ,,,,,,,,,,,,,,
개조ㆍ수리,remodelㆍrepair ,,,,,,,,,,,,,,
다른법령의 폐지,repealing other acts ,,,,,,,,,,,,,,
보고,reporting ,,,,,,,,,,,,,,
건강진단 결과의 보고,reporting  medical examination results,,,,,,,,,,,,,,
산업재해 발생 보고,reporting industrial accidents,,,,,,,,,,,,,,
진단 결과의 보고,reporting survey results,,,,,,,,,,,,,,
작업환경측정 결과의 보고,reporting work environment monitoring measurements,,,,,,,,,,,,,,
협조요청,request cooperation,,,,,,,,,,,,,,
물질안전보건자료에 적지 아니한 정보의 제공요구,request information not stated material safety data sheets,,,,,,,,,,,,,,
영업정지의 요청,request suspension business ,,,,,,,,,,,,,,
근로자대표의 요청사항,requests representative workers,,,,,,,,,,,,,,
제출서류,required filings ,,,,,,,,,,,,,,
석면조사기관의 지정요건,requirements designation asbestos investigator ,,,,,,,,,,,,,,
지정검사기관의 지정요건,requirements designation designated inspection organization,,,,,,,,,,,,,,
의무안전인증대상 기계ㆍ기구등 제조사업 등의 지원 및 등록 요건,"requirements registration support manufacturing machinery, apparatus  subject mandatory safety certification",,,,,,,,,,,,,,
특수건강진단기관의 지정요건,requirements special medical examination providers,,,,,,,,,,,,,,
예비동력원,reserved power source ,,,,,,,,,,,,,,
잔재물 등의 처리,residue process,,,,,,,,,,,,,,
잔재물 등의 발산 억제 조치,residue diffusion control measures concerning,,,,,,,,,,,,,,
잔재물 등의 조치기준,residue measurement standard,,,,,,,,,,,,,,
잔재물,"residue, residual material ",,,,,,,,,,,,,,
휴게시설의 설치,resting facility installation ,,,,,,,,,,,,,,
휴식,resting ,,,,,,,,,,,,,,
보조ㆍ지원의 환수와 제한,restitution restrictions subsidies support,,,,,,,,,,,,,,
보호구의 제한적 사용,restricted use personal protective equipment,,,,,,,,,,,,,,
전기작업자의 제한,restriction electric worker's qualification ,,,,,,,,,,,,,,
열차통행 중의 작업 제한,restriction work during train pass ,,,,,,,,,,,,,,
잠함작업실 굴착의 제한,restriction caisson chamber excavation ,,,,,,,,,,,,,,
허용하중 초과 등의 제한,restriction excessive allowance load,,,,,,,,,,,,,,
중량물의 제한,restriction heavy material ,,,,,,,,,,,,,,
고농도 산소의 사용 제한,restriction high concentration oxygen use ,,,,,,,,,,,,,,
무인작동의 제한,restriction manless operation,,,,,,,,,,,,,,
과부하의 제한,restriction overload,,,,,,,,,,,,,,
압력의 제한,restriction pressure ,,,,,,,,,,,,,,
경사각의 제한,restriction tile angle,,,,,,,,,,,,,,
사용의 제한,restriction use,,,,,,,,,,,,,,
구리의 사용 제한,restriction use copper ,,,,,,,,,,,,,,
주용도 외의 사용 제한,restriction use other than main purpose,,,,,,,,,,,,,,
공기 외의 가스 사용 제한,restriction using gas other than air ,,,,,,,,,,,,,,
작업의 제한,restriction work ,,,,,,,,,,,,,,
질병자 등의 취업 제한,restrictions employment sick persons,,,,,,,,,,,,,,
서류의 보존,retention documents,,,,,,,,,,,,,,
감독과 명령,"supervision, order. ",,,,,,,,,,,,,,
작업지휘자의 지정,supervisor's ddesignation,,,,,,,,,,,,,,
"관리감독자의 직무, 사용의 제한","supervisor's duties, restriction use",,,,,,,,,,,,,,
관리감독자의 유해ㆍ위험 방지 업무,supervisor's harm hazard prevention duties,,,,,,,,,,,,,,
관리감독자의 휴대기구,supervisor's portable apparatus ,,,,,,,,,,,,,,
보칙,supplementary provisions ,,,,,,,,,,,,,,
악천후 및 강풍 시 작업 중지,suspended work case bad weather strong wind,,,,,,,,,,,,,,
걸침비계,suspended scaffolding,,,,,,,,,,,,,,
작업중지,suspension work ,,,,,,,,,,,,,,
작업중지 및 피난,suspension work evacuation ,,,,,,,,,,,,,,
시스템 비계의 구조,system scaffolding structure,,,,,,,,,,,,,,
온도ㆍ습도 조절,temperatureㆍhumidity regulation ,,,,,,,,,,,,,,
가설도로,temporary construction road ,,,,,,,,,,,,,,
가설통로의 설치,temporary path installation ,,,,,,,,,,,,,,
가설통로의 구조,temporary path structure,,,,,,,,,,,,,,
건강진단 실시 주기의 일시 단축,temporary reduction medical examination periods,,,,,,,,,,,,,,
임시 작업과 단시간 작업,temporary work brief work,,,,,,,,,,,,,,
검사항목 및 실시방법,test items methods,,,,,,,,,,,,,,
가동률,the rate operation ,,,,,,,,,,,,,,
심각성 정도,the relative degree severity,,,,,,,,,,,,,,
취업규칙,the rules employment ,,,,,,,,,,,,,,
집재,timber collection,,,,,,,,,,,,,,
보고ㆍ출석기간,time frame reporting appearance,,,,,,,,,,,,,,
물질안전보건자료에 관한 교육의 시기ㆍ내용ㆍ방법,"time, content, method  training material safety data sheets",,,,,,,,,,,,,,
피견인차,towed car,,,,,,,,,,,,,,
타워크레인의 지지,tower crane support,,,,,,,,,,,,,,
독성이 있는 물질의 누출 방지,toxic substance leak prevention ,,,,,,,,,,,,,,
권상기의 설치,traction machine installation,,,,,,,,,,,,,,
열차의 점검ㆍ수리,train checkㆍrepair ,,,,,,,,,,,,,,
열차운행감시인의 배치,train operation guardian's placement ,,,,,,,,,,,,,,
검사원에 대한 교육,training inspectors ,,,,,,,,,,,,,,
교육시간 및 교육내용,training hours content,,,,,,,,,,,,,,
교재,training materials ,,,,,,,,,,,,,,
관리책임자등에 대한 교육,training managers al.,,,,,,,,,,,,,,
항타기 등의 이동,transfer pile driver,,,,,,,,,,,,,,
변전실 등의 위치,transformer room position ,,,,,,,,,,,,,,
행정처분기준에 관한 경과조치,transitional measures criteria administrative measures,,,,,,,,,,,,,,
직무교육위탁기관ㆍ안전인증기관ㆍ안전검사기관에 관한 경과조치,"transitional measures job training providers, safety certification organizations, safety inspection organizations",,,,,,,,,,,,,,
횡행용와이어로프,traversing wire rope,,,,,,,,,,,,,,
이삿짐 운반용 리프트 전도의 방지,tripping prevention moving transportation lift,,,,,,,,,,,,,,
간선,trunk line,,,,,,,,,,,,,,
터널 거푸집 동바리,tunnel form timbering ,,,,,,,,,,,,,,
터널 거푸집 동바리의 재료,tunnel form timbering material ,,,,,,,,,,,,,,
터널 거푸집 동바리의 구조,tunnel form timbering structure ,,,,,,,,,,,,,,
터널 지보공,tunnel timbering,,,,,,,,,,,,,,
터널 지보공의 재료,tunnel timbering material ,,,,,,,,,,,,,,
터널 지보공의 구조,tunnel timbering structure ,,,,,,,,,,,,,,
터널작업,tunnel work ,,,,,,,,,,,,,,
방폭구조,type explosion proof,,,,,,,,,,,,,,
안전인증 심사의 종류 및 방법,types methods safety certification assessments,,,,,,,,,,,,,,
건강진단의 종류,types medical examinations,,,,,,,,,,,,,,
대상 사업장의 종류,types subject workplaces,,,,,,,,,,,,,,
안전ㆍ보건표지의 종류ㆍ형태 및 용도,"types, shapes, uses  safety health signs",,,,,,,,,,,,,,
대패기계,unbanking machines,,,,,,,,,,,,,,
지하작업장,underground workplace ,,,,,,,,,,,,,,
하역운반기계,unloading transporting machinery,,,,,,,,,,,,,,
차량계하역운반기계,unloading transporting machinery vehicle type,,,,,,,,,,,,,,
부상의 속도,up lift speed ,,,,,,,,,,,,,,
상부난간대,upper guard rail,,,,,,,,,,,,,,
산업안전보건관리비의 사용,use funds occupational safety health management,,,,,,,,,,,,,,
건강관리수첩의 용도,use health management pocketbooks,,,,,,,,,,,,,,
구출 시 송기마스크등의 사용,using air supplied mast rescue operation ,,,,,,,,,,,,,,
밸브 등의 재질,valve quality ,,,,,,,,,,,,,,
용융고열물 취급 피트의 수증기 폭발방지,vapor explosion prevention concerning hot molten material handling pit ,,,,,,,,,,,,,,
수리,유지,보수,유지보수,,,,,,,,,,,,
용강,쇳물,,,,,,,,,,,,,,
수전,변전,수배전,,,,,,,,,,,,,
차량계 건설기계,vehicle type construction machinery,,,,,,,,,,,,,,
환기장치,ventilation device,,,,,,,,,,,,,,
환기장치의 가동,ventilation device operation,,,,,,,,,,,,,,
배기의 처리,ventilation process,,,,,,,,,,,,,,
환기장치의 설치,ventilation system installation ,,,,,,,,,,,,,,
환기,ventilation ,,,,,,,,,,,,,,
배풍기,ventilator,,,,,,,,,,,,,,
확인,verification,,,,,,,,,,,,,,
확인 및 결과 통보,verification notification,,,,,,,,,,,,,,
보관용기,vessel ,,,,,,,,,,,,,,
용기,vessel ,,,,,,,,,,,,,,
진동기계ㆍ기구의 관리,vibration machineㆍapparatus management ,,,,,,,,,,,,,,
진동보호구,vibration protective equipment,,,,,,,,,,,,,,
진동작업 관리,vibration work control,,,,,,,,,,,,,,
시계의 유지,visibility maintenance ,,,,,,,,,,,,,,
경고표시 방법 및 기재항목,warning indications statements,,,,,,,,,,,,,,
오염된 바닥의 세척,washing contaminated floor,,,,,,,,,,,,,,
세척시설,washing facility,,,,,,,,,,,,,,
방사성물질의 폐기물 처리,waste disposes radioactivity substance ,,,,,,,,,,,,,,
출수,water eruption,,,,,,,,,,,,,,
금수성물질,water reactive substance ,,,,,,,,,,,,,,
습구흑구온도지수,"wbgt index, wet-bulb globe temperature index ",,,,,,,,,,,,,,
용접봉의 홀더,welding rod holder ,,,,,,,,,,,,,,
통풍 등이 충분하지 않은 장소에서의 용접,welding at place where ventilation is not enough ,,,,,,,,,,,,,,
근로의욕,willingness work,,,,,,,,,,,,,,
작업장의 창문,windows workplace,,,,,,,,,,,,,,
양중기의 와이어로프,wire rope lifting machinery,,,,,,,,,,,,,,
결선,wiring ,,,,,,,,,,,,,,
배선 등의 절연피복,wiring insulation coating ,,,,,,,,,,,,,,
탱크 내 작업,work tank ,,,,,,,,,,,,,,
고압작업,work high pressure,,,,,,,,,,,,,,
잠함 등 내부에서의 작업,work inside caisson ,,,,,,,,,,,,,,
작업수칙,work instructions ,,,,,,,,,,,,,,
작업강도,work intensity ,,,,,,,,,,,,,,
작업발판의 구조,work plate structure,,,,,,,,,,,,,,
작업발판,work platform ,,,,,,,,,,,,,,
업무상질병,work related illness,,,,,,,,,,,,,,
발파의 작업기준,work standard blasting ,,,,,,,,,,,,,,
작업중지명령,work stoppage notice ,,,,,,,,,,,,,,
소음작업,work that occur noise,,,,,,,,,,,,,,
산업재해보상보험,workers' compensation insurance ,,,,,,,,,,,,,,
작업복 관리,working clothes management ,,,,,,,,,,,,,,
작업조건,working conditions ,,,,,,,,,,,,,,
작업관리,working control,,,,,,,,,,,,,,
고기압에서의 작업시간,working hours high pressure ,,,,,,,,,,,,,,
작업방법,working methods,,,,,,,,,,,,,,
작업장 등의 시설 정비,workplace facilities maintenance ,,,,,,,,,,,,,,
안전보건개선계획 수립대상 사업장,workplaces required develop safety health improvement plans,,,,,,,,,,,,,,
다가네,정,타가네,,,,,,,,,,,,,
다께와리,대쪽,타일,,,,,,,,,,,,,
산업안전보건위원회 설치대상 사업장,workplaces requiring establishment occupational safety health committee,산안위,,,,,,,,,,,,,
작업환경측정 대상 작업장,workplaces subject work environment monitoring ,,,,,,,,,,,,,,
작업장의 바닥,workshop floor ,,,,,,,,,,,,,,
가꾸목,각목,,,,,,,,,,,,,,
가꾸부찌,문선,문틀,,,,,,,,,,,,,
가나고데,쇠흙손,,,,,,,,,,,,,,
가나모노,철물,창호,,,,,,,,,,,,,
가네,직각,,,,,,,,,,,,,,
가다와꾸,형틀,,,,,,,,,,,,,,
가도,모서리,,,,,,,,,,,,,,
가랑,스틸 수도꼭지,,,,,,,,,,,,,,
가리,외상거래,,,,,,,,,,,,,,
가리고야,가설건물,,,,,,,,,,,,,,
가베,벽,,,,,,,,,,,,,,
가사,두겁,,,,,,,,,,,,,,
가시메,Rivetting,,,,,,,,,,,,,,
가오다시,체면,,,,,,,,,,,,,,
가이당,계단,,,,,,,,,,,,,,
가타키리,외쪽깍이,,,,,,,,,,,,,,
간조,셈,,,,,,,,,,,,,,
갑빠,천막,,,,,,,,,,,,,,
갓따,커터칼,,,,,,,,,,,,,,
갓쇼,Truss,,,,,,,,,,,,,,
게꼬미,챌판,계단,,,,,,,,,,,,,
겐바,현장,,,,,,,,,,,,,,
겐사끼,래칫 렌치,견삭기,,,,,,,,,,,,,
겐승,원척,,,,,,,,,,,,,,
겐칸,현관,,,,,,,,,,,,,,
고구찌,마구리,말구,,,,,,,,,,,,,
고다다끼,잔다듬,,,,,,,,,,,,,,
고데무라,흙 손자국,,,,,,,,,,,,,,
고바다떼,세워쌓기,벽돌,,,,,,,,,,,,,
고바이,구배,기울임,,,,,,,,,,,,,
고부다시,혹두기,돌,,,,,,,,,,,,,
고시,격자,창,,,,,,,,,,,,,
곤조,근성,,,,,,,,,,,,,,
곰방,소운반,고운반,,,,,,,,,,,,,
공구리,콘크리트,,,,,,,,,,,,,,
구루마,손수레,외발수레,,,,,,,,,,,,,
구리스,그리스,윤활유,Grease,,,,,,,,,,,,
구이,말뚝,,,,,,,,,,,,,,
구찌,노즐,주입구,,,,,,,,,,,,,
기고데,나무흙손,,,,,,,,,,,,,,
기리,드릴,드릴 날,드릴 비트,,,,,,,,,,,,
기리까에,바꾸기,교체,,,,,,,,,,,,,
기리꼬미,덤핑,흙모래가 섞인 자갈,,,,,,,,,,,,,
기리바리,버팀대,,,,,,,,,,,,,,
기리빠시,칩,Chip,톱밥,자투리,지스러기,키렙바시,왈가닥,기리바,,,,,,,
기성,기성금,,,,,,,,,,,,,,
기소,기초,,,,,,,,,,,,,,
기스,흠집,상처,,,,,,,,,,,,,
기즈리,졸대,,,,,,,,,,,,,,
나가떼,벽돌 긴면,,,,,,,,,,,,,,
나까마,중간상인,중개상인,딜러,중개상품,,,,,,,,,,,
나까미,알맹이,,,,,,,,,,,,,,
나나메,경사,,,,,,,,,,,,,,
나라시,고르기,평탄화 작업,평탄화,,,,,,,,,,,,
나리마끼,정배솔,노리바케,,,,,,,,,,,,,
나미,보통,얇은 투명유리,,,,,,,,,,,,,
낫또,너트,Nut,암나사,,,,,,,,,,,,
냉가망치,벽돌용 각망치,,,,,,,,,,,,,,
네다,장선,받침목,,,,,,,,,,,,,
네지,나사,,,,,,,,,,,,,,
네지리,뒤틀림,,,,,,,,,,,,,,
네코,굄재,chair,굄감,,,,,,,,,,,,
넨도,점토,,,,,,,,,,,,,,
노가다,토공,노가대,도가다,,,,,,,,,,,,
노기스,버니어 캘리퍼스,,,,,,,,,,,,,,
노끼,처마,,,,,,,,,,,,,,
노리,법사면,비탈,경사,,,,,,,,,,,,
노리비끼,시멘트 풀칠,노로비끼,,,,,,,,,,,,,
노미,끌,정,,,,,,,,,,,,,
노바시,늘이기,,,,,,,,,,,,,,
노보리,비계다리,,,,,,,,,,,,,,
누노,줄기초,기소,,,,,,,,,,,,,
다데도이,선홈통,,,,,,,,,,,,,,
다라이,고무대야,,,,,,,,,,,,,,
다루끼,서까래,소각재,,,,,,,,,,,,,
다마이시,호박돌,,,,,,,,,,,,,,
다이까렝가,내화벽돌,,,,,,,,,,,,,,
다이꼬바리,양면붙임,,,,,,,,,,,,,,
다찌아가리,입상,치켜올림,,,,,,,,,,,,,
단도리,준비,마련,채비,,,,,,,,,,,,
단찌가이,이격,단차,,,,,,,,,,,,,
답빠,높이,,,,,,,,,,,,,,
당고,담합,,,,,,,,,,,,,,
당까,들것,단가,단까,,,,,,,,,,,,
데나오시,재손질,재시공,리셋,데나우시,,,,,,,,,,,
데네리,손비빔,,,,,,,,,,,,,,
데마,품,,,,,,,,,,,,,,
데마찌,작업대기,,,,,,,,,,,,,,
데모도,조력공,조공,잡부,결꾼,뒷모도,,,,,,,,,,
데스라,출력 인원,,,,,,,,,,,,,,
데스리,난간,,,,,,,,,,,,,,
데우,데후,자동차 정비,Diff,,,,,,,,,,,,
데코,지레,빠루,,,,,,,,,,,,,
데코보코,요철,데꾸보꾸,,,,,,,,,,,,,
덴조-,천장,반자,,,,,,,,,,,,,
뎀바,꼭대기,윗면,,,,,,,,,,,,,
뎃킨,철근,,,,,,,,,,,,,,
도끼다시,갈아내기,인조석,도기다시,,,,,,,,,,,,
도도메,흙막이,,,,,,,,,,,,,,
도라무,드럼,Drum,,,,,,,,,,,,,
도란스,변압기,Transformer,,,,,,,,,,,,,
도마,다짐 흙바닥,,,,,,,,,,,,,,
도메,맞춤,,,,,,,,,,,,,,
도비,비계공,,,,,,,,,,,,,,
도지나,주상 안전 벨트,,,,,,,,,,,,,,
도탄,함석,판,,,,,,,,,,,,,
돗바,장옷,topper,덮개,패딩,돕빠,,,,,,,,,,
라다,사다리,ladder,레더,래더,,,,,,,,,,,
라바콘,트래픽콘,삼각대,,,,,,,,,,,,,
락카펀치,녹아웃 펀치,Knockout punch,유압 천공기,,,,,,,,,,,,
란마,고창,환기창,람마,,,,,,,,,,,,
레듀샤,리듀서,Reducer,,,,,,,,,,,,,
루베,입방미터,m©ø,류베,,,,,,,,,,,,
리데나,리테이너,Retainer,오일씰,,,,,,,,,,,,
리후다,니후다,자동차정비,밸브 리프터,,,,,,,,,,,,
마구사,인방,,,,,,,,,,,,,,
조리기구,조리용기,실험용기,실험기구,조리실험,조리실험용기,조리실험용기구,취급용기,취급기구,,,,,,,
생활용품 및 기구,생활용품,생활기구,,,,,,,,,,,,,
가구,사무기구,,,,,,,,,,,,,,
의복,보호장비,장신구류,,,,,,,,,,,,,
산가스(할로겐),산가스,할로겐,산가스할로겐,,,,,,,,,,,,
무기산(할로겐),무기산,할로겐,무기산할로겐,,,,,,,,,,,,
무기산(기타),무기산,기타,무기산기타,,,,,,,,,,,,
"수산화칼슘,산화칼슘",수산화칼슘,산화칼슘,,,,,,,,,,,,,
"탄산염(칼슘,나트륨)",탄산염,칼슘,나트륨,,,,,,,,,,,,
아민류(지방족),아만류 지방족,아만류,,,,,,,,,,,,,
방향족 탄화수소,방향족탄화수소,,,,,,,,,,,,,,
기타방향족,지방족탄화수소,지방족,,,,,,,,,,,,,
극저온 가스,극저온가스,,,,,,,,,,,,,,
암모니아,암모니아화합물,,,,,,,,,,,,,,
황,황화합물,,,,,,,,,,,,,,
황,황화합물,,,,,,,,,,,,,,
농업용화합물및기타살충제,농업용화합물,기타살충제,살충제,,,,,,,,,,,,
일반 화학제품,일반화학제품,,,,,,,,,,,,,,
"석탄, 천연가스, 석유연료 등 석유화학제품",석유화학제품,,,,,,,,,,,,,,
육상운반·특장차량,육상운반,특장차량,,,,,,,,,,,,,
"이상기압, 온도",이상기압,온도,,,,,,,,,,,,,
날씨 및 대기여건,날씨,대기,날씨대기여건,,,,,,,,,,,,
크러셔,크라샤,crusher,,,,,,,,,,,,,
레미콘,콘크리트 믹서 트럭,레미콘차,,,,,,,,,,,,,
안전교육,안전보건교육,보건교육,,,,,,,,,,,,,
특수건강검진,특수건강진단,특수검진,특수진단,,,,,,,,,,,,
일반건강검진,일반검진,일반겅강진단,일반진단,,,,,,,,,,,,
기초안전교육,기초안전보건교육,기초안전교육,기초교육,,,,,,,,,,,,
특수형태근로자,특수형태근로종사자,특고종사자,특고,,,,,,,,,,,,
배달,배송,,,,,,,,,,,,,,
와이어로프,wirerope,,,,,,,,,,,,,,
각도,경사,경사각,,,,,,,,,,,,,
분진,분진등,,,,,,,,,,,,,,
리와인더,권취기,rewinder,,,,,,,,,,,,,
스태커,Stacker,stacker,,,,,,,,,,,,,
골게타,골게터,골게이터,Corrugator,,,,,,,,,,,,
가용접,가접,태그용접,Tack Welding,,,,,,,,,,,,
버스,bus,대형승합차,대형승합자동차,Bus,,,,,,,,,,,
전기유도용해로,Induction Furnace,,,,,,,,,,,,,,
환편기,Circular knitting machine,,,,,,,,,,,,,,
스노모빌,스노우모빌,snow mobile,설상차,,,,,,,,,,,,
압축식진개차,압축진개차,쓰레기수거차,압착식진개차,압착진개차,쓰레기차,,,,,,,,,,
담금질,Quenching,소입,퀜칭,,,,,,,,,,,,
드로스,Dross,,,,,,,,,,,,,,
훗줄,계류색,계류삭,mooring rope,mooring line,mooring wire,무어링 로프,,,,,,,,,
굴절식 덤프트럭,락덤프,,,,,,,,,,,,,,
승용승강기,승객용 엘리베이터,,,,,,,,,,,,,,
승용승강기,승객용 엘리베이터,,,,,,,,,,,,,,
소다캔 이펙트,Soda can effect,소다캔 효과,,,,,,,,,,,,,
스티렌 모노머,Styrene Monomer,SM,비닐벤젠,vinyl benzene,스티롤,styrol,,,,,,,,,
과포름산,Peroxyformic acid,,,,,,,,,,,,,,
"1,2-에폭시옥텐","1,2-epoxyoctene",,,,,,,,,,,,,,
R-123,HCFC-123,"2,2-Dichloro-1,1,1-trifluoroethane","2,2-디클로로-1,1,1-트리플루오로에탄",,,,,,,,,,,,
DMF,"N,N-다이메틸폼아마이드",디메틸포름아미드,,,,,,,,,,,,,
집게차,너클크레인,굴절형 크레인,굴절식 크레인,집게크레인,하이카,,,,,,,,,,
집게차,너클크레인,굴절형 크레인,굴절식 크레인,집게크레인,하이카,,,,,,,,,,
머시닝센터,MCT,,,,,,,,,,,,,,
안벽크레인,컨테이너크레인,STS크레인,ship shore crane,Container Crane,Quay Crane,,,,,,,,,,
안벽크레인,컨테이너크레인,STS크레인,ship shore crane,Container Crane,Quay Crane,,,,,,,,,,
기계식주차설비,기계식주차장,주차타워,,,,,,,,,,,,,
스키드 로더,밥캣,바브캣,바브켓,밥켓,skid loader,,,,,,,,,,
시저형 고소작업대,렌탈,렌털,T/L,,,,,,,,,,,,
사다리차,이삿짐 운반용 리프트,,,,,,,,,,,,,,
사다리차,이삿짐 운반용 리프트,,,,,,,,,,,,,,
산소결핍,질식,,,,,,,,,,,,,,
실험실,연구실,연구소,,,,,,,,,,,,,
엘리베이터피트,승강로,승강기피트,,,,,,,,,,,,,
호첨기,포장포대생산기계,BOTTOMER,포장포대 생산기계,Bottomer,bottomer,,,,,,,,,,
땅,지반,지표면,,,,,,,,,,,,,
우사,축사,돈사,양계장,,,,,,,,,,,,
이륜자동차,이륜차,오토바이,,,,,,,,,,,,,
경사도로,경사로,경사지,경사,,,,,,,,,,,,
벌채,벌목,,,,,,,,,,,,,,
감김,물림,,,,,,,,,,,,,,
요리,조리,식품,식자재,,,,,,,,,,,,
배,선박,항만,,,,,,,,,,,,,
전봇대,전주,전신주,,,,,,,,,,,,,
가랑기,바렐연마기,,,,,,,,,,,,,,
소둔,어닐링,풀림,,,,,,,,,,,,,
반생이,구운철사,반생,소둔철사,소둔선,,,,,,,,,,,
차로,도로,,,,,,,,,,,,,,
BTC,bridge type crane,btc,교형크레인,,,,,,,,,,,,
랏싱브릿지,라싱브릿지,,,,,,,,,,,,,,
마도,창,,,,,,,,,,,,,,
마루보,전산볼트,,,,,,,,,,,,,,
마루다,통나무,마루타,,,,,,,,,,,,,
마에가리,가불,,,,,,,,,,,,,,
마와리부찌,반자돌림,,,,,,,,,,,,,,
마지끼리,칸막이,,,,,,,,,,,,,,
마찌꼬바,소규모 공장,마찌꼬방,,,,,,,,,,,,,
마키선,전기 릴,Reel,,,,,,,,,,,,,
만땅,가득 참,,,,,,,,,,,,,,
매끼,도금,맥기,멕기,,,,,,,,,,,,
메가네,링 스패너,,,,,,,,,,,,,,
메꾸라,막음,메꾸라시,매꾸라이,,,,,,,,,,,,
메모도,수평조절목,,,,,,,,,,,,,,
메지,줄눈,,,,,,,,,,,,,,
메지보,줄눈대,,,,,,,,,,,,,,
멘끼,면대,,,,,,,,,,,,,,
멘도리,모접기,,,,,,,,,,,,,,
모도시,원래대로,,,,,,,,,,,,,,
모찌꼬미,지입,,,,,,,,,,,,,,
몽키,몽키 스패너,Monkey Spanner,,,,,,,,,,,,,
무라,얼룩,울음,면이 고르지 못함,,,,,,,,,,,,
무시로,거적,,,,,,,,,,,,,,
미다시,콘크리트,,,,,,,,,,,,,,
미미,엔진마운트,,,,,,,,,,,,,,
미스모리,물수평,수준기,미즈모리,,,,,,,,,,,,
미쓰모리,견적,,,,,,,,,,,,,,
미즈끼리,물끊기,,,,,,,,,,,,,,
바라시,분해작업,해체작업,,,,,,,,,,,,,
바란스,균형,balance,,,,,,,,,,,,,
앙카,앵커,anchor,,,,,,,,,,,,,
호로,호루,,,,,,,,,,,,,,
바이브,바이브레이터,Vibrator,진동장치,,,,,,,,,,,,
바께쓰,버킷,Bucket,양동이,물통,,,,,,,,,,,
반도,밴드,band,,,,,,,,,,,,,
반생,긴결철선,굵은철사,,,,,,,,,,,,,
보로,넝마,누더기,보루,,,,,,,,,,,,
부란자,플런저 펌프,,,,,,,,,,,,,,
부록꾸,블록,,,,,,,,,,,,,,
부비끼,톱밥칫수 빼기,제재목,,,,,,,,,,,,,
뷰다,배전기,,,,,,,,,,,,,,
브레까,브레이커,Breaker,뿌레카,,,,,,,,,,,,
빠꾸,백,Back,,,,,,,,,,,,,
빠데,퍼티,Putty,,,,,,,,,,,,,
빠레트,파렛트,Pallet,파렛트,,,,,,,,,,,,
빠루,못 빼는 연장,장도리,노루발못뽑이,쇠지레,,,,,,,,,,,
빠우,버핑,buffing,,,,,,,,,,,,,
빼빠,사포,Sandpaper,,,,,,,,,,,,,
뺑끼,페인트,Paint,,,,,,,,,,,,,
뿌리,도르래,풀리,Pulley,,,,,,,,,,,,
사게부리,다림추,사게후리,,,,,,,,,,,,,
사부로꾸,3'¡¿6',합판,,,,,,,,,,,,,
사비도메,녹막이,,,,,,,,,,,,,,
사뽀도,서포트,Support,,,,,,,,,,,,,
사시꼬미,꽂이쇠,콘센트,,,,,,,,,,,,,
사시낑,삽근,삽입근,,,,,,,,,,,,,
사이,나무 체적단위,평방자,입방자,,,,,,,,,,,,
사칸,미장이,시멘트공,,,,,,,,,,,,,
사쿠,색,sack,,,,,,,,,,,,,
산승각,세치각재,,,,,,,,,,,,,,
삼바시,수평 비계다리,,,,,,,,,,,,,,
서스,스테인리스 스틸,SUS,,,,,,,,,,,,,
세끼이다,형틀,,,,,,,,,,,,,,
세리,Arch,,,,,,,,,,,,,,
세멘,시멘트,세면,,,,,,,,,,,,,
세와,부 책임자,,,,,,,,,,,,,,
보밑판,형틀,,,,,,,,,,,,,,
쇼꾸닝,기능공,,,,,,,,,,,,,,
쇼-미,정칫수,제재목,,,,,,,,,,,,,
스기,삼나무,,,,,,,,,,,,,,
스데,버리는 콘크리트,,,,,,,,,,,,,,
스데바,사토장,,,,,,,,,,,,,,
스라게,내려,,,,,,,,,,,,,,
스미,먹줄,,,,,,,,,,,,,,
스미키리,모따기,,,,,,,,,,,,,,
스지까이,가새,Brace,,,,,,,,,,,,,
스텐,스테인리스,Stainless,스덴,스뎅,,,,,,,,,,,
스페샤,스페이서,Spacer,,,,,,,,,,,,,
스페아,스페어,Spare,여분,,,,,,,,,,,,
슬라브,지붕,Slab,,,,,,,,,,,,,
승고다루끼,한치반 각재,,,,,,,,,,,,,,
시끼,밑홈대,문틀,문지방,,,,,,,,,,,,
시노,긴결 철물 갈고리,시누,,,,,,,,,,,,,
시다,보조원,시다바리,,,,,,,,,,,,,
시다지,바탕,하지,,,,,,,,,,,,,
시따바,아랫면,,,,,,,,,,,,,,
시로토,초보자,,,,,,,,,,,,,,
시루시,표시,마킹,시로시,히로시,,,,,,,,,,,
시마이,끝,마무리,오늘,,,,,,,,,,,,
시메라,장선기,시메루,,,,,,,,,,,,,
시아게,마감,,,,,,,,,,,,,,
시하찌,합판,,,,,,,,,,,,,,
신나,시너,thinner,희석제,신너,,,,,,,,,,,
신주,황동,놋쇠,신쭈,,,,,,,,,,,,
싱싱,중심간,,,,,,,,,,,,,,
쓰라,면,Clearance,스라,,,,,,,,,,,,
쓰루하시,곡괭이,,,,,,,,,,,,,,
쓰미,조적,공,쌓기,,,,,,,,,,,,
아까렝가,적벽돌,,,,,,,,,,,,,,
아나방,Punched Steel Plate,PSP,,,,,,,,,,,,,
아다라시,신품,,,,,,,,,,,,,,
아다리,각막화상,,,,,,,,,,,,,,
아라이다시,씻어내기,,,,,,,,,,,,,,
아시바,비계,발판,scaffold,,,,,,,,,,,,
암롤 박스,철제 박스,,,,,,,,,,,,,,
야기리,거푸집,철근벽체,,,,,,,,,,,,,
야네,지붕,,,,,,,,,,,,,,
야리가다,규준틀,수평규준틀,,,,,,,,,,,,,
야리끼리,할당제 근무,,,,,,,,,,,,,,
야마,톱니,나사산,,,,,,,,,,,,,
야마도메,흙막이,,,,,,,,,,,,,,
야스리,줄공구,,,,,,,,,,,,,,
엔토쓰,굴뚝,,,,,,,,,,,,,,
열반,도비,,,,,,,,,,,,,,
오가네,큰 직각자,,,,,,,,,,,,,,
오도리바,계단참,,,,,,,,,,,,,,
오도시,오르내리 꽂이쇠,마루오도시,,,,,,,,,,,,,
오라이,좋다,all right,,,,,,,,,,,,,
오-무기어,웜기어,worm gear,오모기어,,,,,,,,,,,,
오-비끼,멍에,3인치 각재,,,,,,,,,,,,,
오비낑,띠철근,Hoop,,,,,,,,,,,,,
오사마리,마무리,,,,,,,,,,,,,,
오사이,누름,몰탈,오사에,유리퍼티,,,,,,,,,,,
오삽,큰삽,,,,,,,,,,,,,,
오시이레,반침,벽장,침구,,,,,,,,,,,,
오야,책임자,우두머리,오야지,오야가다,,,,,,,,,,,
오함마,큰 햄머,hammar,,,,,,,,,,,,,
와쿠,테두리,,,,,,,,,,,,,,
와리,나누기,비율,,,,,,,,,,,,,
요비선,호출선,,,,,,,,,,,,,,
요꼬,가로,,,,,,,,,,,,,,
우끼,뜨개밸브,부레,플로트 스위치,Float Switch,,,,,,,,,,,
우라,뒷편,,,,,,,,,,,,,,
우라이시,뒷채움 자갈,,,,,,,,,,,,,,
우마,말비계,,,,,,,,,,,,,,
우메모도시,되메우기,,,,,,,,,,,,,,
우와낑,상부근,,,,,,,,,,,,,,
우찌바나시,콘크리트,제물 마감,,,,,,,,,,,,,
유가,배수구 트랩,육가,,,,,,,,,,,,,
유도리,융통성,,,,,,,,,,,,,,
유까,바닥,Floor,,,,,,,,,,,,,
이모메지,통줄눈,,,,,,,,,,,,,,
이바리,거스러미,찌꺼기,,,,,,,,,,,,,
이타,판자,,,,,,,,,,,,,,
입뽄모노,하나로 된 물건,,,,,,,,,,,,,,
자가네,수도꼭지,,,,,,,,,,,,,,
자바라,주름진 물건,접문,쟈바라,나선,,,,,,,,,,,
짬뿌,점프,,,,,,,,,,,,,,
전,센티미터,,,,,,,,,,,,,,
젠다이,돌출창대,,,,,,,,,,,,,,
조기,자,잣대,,,,,,,,,,,,,
조시,상태,조정,조세,,,,,,,,,,,,
지리,벽쌤,,,,,,,,,,,,,,
찐빠,짝짝이,찜빠,,,,,,,,,,,,,
치구,DRF렌치,,,,,,,,,,,,,,
카본,탄소강,carbon steel,,,,,,,,,,,,,
쿠사리,쇠사슬,,,,,,,,,,,,,,
쿠사비,쐐기,Wedge,웨지,,,,,,,,,,,,
쿠세,버릇,,,,,,,,,,,,,,
키리카에,바꾸기,기레까이,기레까시,,,,,,,,,,,,
타이,타이,Tie,,,,,,,,,,,,,
타이루,타일,,,,,,,,,,,,,,
탭,탭,Tap,,,,,,,,,,,,,
투바이,각재,,,,,,,,,,,,,,
판넬,패널,panel,판네루,,,,,,,,,,,,
판넬,패널,panel,판네루,,,,,,,,,,,,
펜치,절삭,플라이어,Pinchers,Cutter Pliers,,,,,,,,,,,
프라치,브리지,연결,,,,,,,,,,,,,
피스,나사못,비스,,,,,,,,,,,,,
하까,결속선,긴결 갈고리,,,,,,,,,,,,,
하리 가와,보옆판,형틀,,,,,,,,,,,,,
하바,폭,너비,,,,,,,,,,,,,
하바끼,걸레받이,,,,,,,,,,,,,,
하스리,쪼아내기,정질,까대기,,,,,,,,,,,,
하이바,안전모,헬멧,Helmet,방탄모,,,,,,,,,,,
한빠,함빠,,,,,,,,,,,,,,
함바,현장식당,,,,,,,,,,,,,,
항공 마대,톤백,Tone Bag,프레콘,,,,,,,,,,,,
헤베,평방미터,m©÷,,,,,,,,,,,,,
호리가다,터파기,,,,,,,,,,,,,,
후까시,부풀리기,공회전,찜,,,,,,,,,,,,
후꾸로바리,띄워바름,도배,,,,,,,,,,,,,
후다,뚜껑,덮개,,,,,,,,,,,,,
후렌지,플렌지,Flange,후렌찌,,,,,,,,,,,,
후앙,팬,fan,환풍기,벤츌레이터,ventilator,벤츄레타,흡출기,대형환풍기,벤치레다,벤틸레이터,,,,,
후지,돌림,테두리,,,,,,,,,,,,,
후쿠,후크,Hook,갈고리,뺑뺑이,훅,,,,,,,,,,
후쿠메타,훅 온 미터,후크 온 미터,Hook meter,전류 측정 기기,,,,,,,,,,,
히꼬미,파 넣음,,,,,,,,,,,,,,
히비,균열,,,,,,,,,,,,,,
히사시,캐노피,Canopy,차양,,,,,,,,,,,,
호네구미,뼈대,,,,,,,,,,,,,,
KY,위험예지,Kiken Yochi,,,,,,,,,,,,,
가공조경석,굴림자연석,,,,,,,,,,,,,,
가식,임시식재,,,,,,,,,,,,,,
감지장치,센서,,,,,,,,,,,,,,
관계전문기술자,책임기술자,,,,,,,,,,,,,,
교량의 전복,뒤집힘,,,,,,,,,,,,,,
교호사주,교환설비,,,,,,,,,,,,,,
규격재,1종구조재,,,,,,,,,,,,,,
근입깊이 ,관입깊이,,,,,,,,,,,,,,
기반조성형,유니트형,,,,,,,,,,,,,,
너비 방향,너새,,,,,,,,,,,,,,
막장,굴진부,,,,,,,,,,,,,,
막장면,굴진면,,,,,,,,,,,,,,
맞이방,대합실,,,,,,,,,,,,,,
반응수정계수,응답수정계수,,,,,,,,,,,,,,
사용말뚝 ,본말뚝                        ,,,,,,,,,,,,,,
생산토사량,토양유실량,,,,,,,,,,,,,,
수문학적 설계,수문설계,,,,,,,,,,,,,,
수압,유동압력,,,,,,,,,,,,,,
열부하,열중계처내,,,,,,,,,,,,,,
자연석,천연석                          ,,,,,,,,,,,,,,
자연형 하천,생태하천                        ,,,,,,,,,,,,,,
지진위험도,지진재해도,,,,,,,,,,,,,,
지진위험지도,지진재해지도,,,,,,,,,,,,,,
직류전원장치,정류기,,,,,,,,,,,,,,
평형하상,안정하상                        ,,,,,,,,,,,,,,
폭발성물질및유기과산화물,폭발성물질,유기과산화물,폭발성 물질,,,,,,,,,,,,
물반응성 물질,물반응성물질,인화성고체,인화성 고체,,,,,,,,,,,,
산화성액체,산화성고체,산화성 액체,산화성 고체,산화성 물질,산화성물질,,,,,,,,,,
인화성 액체,인화성액체,,,,,,,,,,,,,,
인화성 가스,인화성가스,,,,,,,,,,,,,,
부식성 물질,부식성물질,,,,,,,,,,,,,,
혈액매개 감염병,혈액매개감염병,,,,,,,,,,,,,,
곤충및동물매개 감염병,곤충및동물매개,곤충감염병,곤충감염,동물매개감염,동물매개감염병,곤충매개 감염병,동물매개 감염병,,,,,,,,
공작및절단기계,공작기계,절단기계,공작기계 및 절단기계,,,,,,,,,,,,
"화합물, 요업토석가공기계",화합물 가공기계,화합물가공기계,요업토석가공기계,요업토석 가공기계,,,,,,,,,,,
"가열, 에너지 등 부대지원설비",부대지원설비,가열 부대지원설비,에너지 부대지원설비,,,,,,,,,,,,
"조립, 포장, 용접 등 설비·기계",조립 설비 기계,포장 설비 기계,용접 설비 기계,조립포장기계,조립용접기계,,,,,,,,,,
식료품 제조 설비·기계,식료품제조설비,식료품제조기계,식료품설비,식료품기계,식료품제조설비기계,,,,,,,,,,
종이제조 설비·기계,종이제조설비,종이제조설비기계,종이제조기계,,,,,,,,,,,,
"인쇄, 제본기계기구",인쇄제본기계기구,인쇄기계기구,인쇄기계,인쇄기구,제본기계,제본기구,,,,,,,,,
"섬유, 의복, 가죽 생산기계",섬유 생산기계,의복 생산기계,가죽 생산기계,섬유의복가죽생산기계,섬유생산기계,의복생산기계,가죽생산기계,,,,,,,,
인양설비·기계,인양설비,인양기계,인양설비기계,,,,,,,,,,,,
"농업, 원예용 설비·기계",농업설비,농업기계,원예설비,원예기계,원예용설비기계,농업원예용설비기계,,,,,,,,,
분뇨수거차 ,버큠로리,Vacuum lorry,,,,,,,,,,,,,
"벌목용, 원목가공 설비·기계",벌목용 설비,벌목용 기계,원목가공설비,원목가공기계,,,,,,,,,,,
차량탑재형 고소작업대,스카이,,,,,,,,,,,,,,
정지및포설관련기계,정지기계,포설기계,정지포설기계,정지및포설,,,,,,,,,,,
지반다짐및포장관련기계,지반다짐기계,포장관련기계,지반다짐,지반다짐포장,,,,,,,,,,,
터널공사기계,광산기계,,,,,,,,,,,,,,
설비·기계부품및부속물,부품,부속물,설비부품,기계부품,설비부속물,기계부속물,,,,,,,,,
인양설비부품및부속물,인양설비붚무,인양설비부속물,,,,,,,,,,,,,
교통수단부품및부속물,교통수단부품,교통수단부속물,,,,,,,,,,,,,
"고정,연결부품및부속물",고정부품,연결부품,고정부속물,연결부속물,고정연결부품,고정연결부속물,,,,,,,,,
비금속광물 제품,비금속광물제품,,,,,,,,,,,,,,
"고무, 플라스틱 압출·성형재료",압출성형재료,압출재료,성형재료,압출성형,고무 압출,고무 성형,플라스틱 압출,플라스틱 성형,,,,,,,
"조각, 파편, 쓰레기",조각,파편,쓰레기,,,,,,,,,,,,
"바닥, 통로 등",바닥통로,바닥 등,통로 등,,,,,,,,,,,,
가설통로,난간,,,,,,,,,,,,,,
맨홀,터널,맨홀및터널,,,,,,,,,,,,,
"건축물·구조물의 구성요소, 부속물",건축물 구성요소,구성요소,부속물,구조물 구성요소,구조물 부속물,건축물 부속물,,,,,,,,,
운반용기,운반꾸러미,포장용기,포장꾸러미,운반기구,포장기구,,,,,,,,,,
다른 실내 작업장과 격리되어 있는 작업장에 대한 설비 특례,special occasions equipment relating workplace separated from other indoor workplace ,,,,,,,,,,,,,,
유기화합물의 설비 특례,special occasions organic compound equipment ,,,,,,,,,,,,,,
대체설비의 설치에 따른 특례,special occasions referred replacing equipment installation ,,,,,,,,,,,,,,
유기화합물취급특별장소,special place handling organic compounds ,,,,,,,,,,,,,,
건강진단 실시 시기의 명시,specification when provide medical examinations,,,,,,,,,,,,,,
가압의 속도,speed pressurization ,,,,,,,,,,,,,,
자연발화의 방지,spontaneous combustion prevention ,,,,,,,,,,,,,,
계단의 난간,stair guard rail,,,,,,,,,,,,,,
계단의 강도,stair intensity,,,,,,,,,,,,,,
계단참의 높이,stair landing height,,,,,,,,,,,,,,
계단의 폭,stair width,,,,,,,,,,,,,,
표준안전작업,standard safe work ,,,,,,,,,,,,,,
도급인가의 기준,standards approval contract work,,,,,,,,,,,,,,
석면해체ㆍ제거작업 완료 후의 석면농도기준,standards asbestos concentration upon completion asbestos disposal removal work,,,,,,,,,,,,,,
재해예방 전문지도기관의 지도기준,standards consulting provided accident prevention consulting organization,,,,,,,,,,,,,,
작성기준,standards preparation ,,,,,,,,,,,,,,
지정검사기관의 업무수행기준,standards services provided designated inspection organization,,,,,,,,,,,,,,
보건관리대행기관의 업무 수행기준ㆍ대행지역,"standards services provided health management service providers, areas ",,,,,,,,,,,,,,
안전관리대행기관의 업무수행기준,standards services provided safety management service provider,,,,,,,,,,,,,,
재해예방 전문지도기관의 인력ㆍ시설 및 장비기준,"standards staffing, facilities equipment accident prevention consulting organization",,,,,,,,,,,,,,
석면해체ㆍ제거업자의 인력ㆍ시설 및 장비기준,"standards staffing, facilities equipment asbestos disposal ",,,,,,,,,,,,,,
지정측정기관의 인력ㆍ시설 및 장비기준,"standards staffing, facilities equipment designated monitoring service provider",,,,,,,,,,,,,,
보건관리대행기관의 인력ㆍ시설 및 장비기준,"standards staffing, facilities equipment health management service providers",,,,,,,,,,,,,,
진단기관의 인력ㆍ시설 및 장비기준,"standards staffing, facilities equipment safety health surveyors",,,,,,,,,,,,,,
안전인증기관의 인력ㆍ시설 및 장비기준,"standards staffing, facilities equipment safety certification organization",,,,,,,,,,,,,,
안전검사기관의 인력ㆍ시설 및 장비기준,"standards staffing, facilities equipment safety inspection organization",,,,,,,,,,,,,,
안전관리대행기관의 인력ㆍ시설 및 장비기준,"standards staffing, facilities equipment safety management service providers",,,,,,,,,,,,,,
물질안전보건자료의 기재 사항 및 게시ㆍ비치 방법,"statements material safety data sheets; method posting, making available ",,,,,,,,,,,,,,
강관의 강도 식별,steel tube intensity identification,,,,,,,,,,,,,,
강관비계 및 강관틀비계,steel tube scaffolding prefabricated steel tube scaffolding,,,,,,,,,,,,,,
강관비계의 구조,steel tube scaffolding structure,,,,,,,,,,,,,,
말비계,step ladder,stepladder,우마,,,,,,,,,,,,
말비계 및 이동식비계,step ladder mobile scaffolding,,,,,,,,,,,,,,
높은 디딤판 등의 사용금지,stop using high step board,,,,,,,,,,,,,,
보관,storage ,,,,,,,,,,,,,,
위험물 등의 보관,storage hazardous substance,,,,,,,,,,,,,,
격납실,storing chamber ,,,,,,,,,,,,,,
관리대상 유해물질의 저장,strong harmful substances requiring management ,,,,,,,,,,,,,,
안전난간의 구조 및 설치요건,structure installation requirement safety guard rail,,,,,,,,,,,,,,
거푸집동바리등의 구조,structure form timbering ,,,,,,,,,,,,,,
구축물 또는 이와 유사한 시설물의 안전성 평가,structure other similar equipment safety assessment,,,,,,,,,,,,,,
구축물 또는 이와 유사한 시설물 등의 안전 유지,structure other similar equipment safety maintenance,,,,,,,,,,,,,,
건설물 등의 벽체와 통로의 간격,structure wall passage gap,,,,,,,,,,,,,,
작업환경측정 신뢰성평가의 대상,subjects assessment reliability work environment monitoring ,,,,,,,,,,,,,,
역학조사의 대상 및 절차,"subjects, procedures  epidemiological investigations",,,,,,,,,,,,,,
잠수작업자의 휴대물,submerging worker's belongings ,,,,,,,,,,,,,,
하리 가네,철사,,,,,,,,,,,,,,
잠수시간,submerging hours ,,,,,,,,,,,,,,
잠수작업,submerging work,,,,,,,,,,,,,,
잠수작업 설비의 점검,submerging work equipment checkup ,,,,,,,,,,,,,,
호흡용 공기통을 사용하는 잠수작업,submerging work using air cylinder respiratory protection ,,,,,,,,,,,,,,
물질안전보건자료의 제출ㆍ변경,submission modification material safety data sheets,,,,,,,,,,,,,,
의무안전인증 관련 자료의 제출,submission  materials mandatory safety certification,,,,,,,,,,,,,,
석면농도측정 결과의 제출,submission asbestos concentration measurements,,,,,,,,,,,,,,
유해성ㆍ위험성 조사보고서의 제출,submission hazard risk assessment reports,,,,,,,,,,,,,,
건강관리수첩의 제출,submission health management pocketbooks,,,,,,,,,,,,,,
묻힘형,sunk ,,,,,,,,,,,,,,
문답집,회시집,문답,QNA,Q&A,질문,,,,,,,,,,
사이클로헥세인,싸이클로헥세인,싸이클로헥센,Cyclohexane,110-82-7,씨클로헥산,시클로헥산,싸이클로핵산,사이클로헥산,싸이클로헥산,사이클로핵산,시클로핵산,시클로핵세인,사이클로핵세인,싸이클로핵세인,사이클로헥센
변성기,변압기,,,,,,,,,,,,,,
쇼트블래스터,쇼트블라스터,Shot blasting,shot blasting,,,,,,,,,,,,
크롤러,crawler,캐터필러,무한궤도,게다,Crawler,,,,,,,,,,
톰슨기,평판타발기,,,,,,,,,,,,,,
로타리킬른,로터리킬른,rotary kiln,회전로,회전가마,로터리 킬른,Rotary Kiln,석회소성로,석회 소성로,,,,,,,
사무실,오피스,office,Office,,,,,,,,,,,,
안전관리 계획서,안전관리계획서,안전관리계획,안전관리 계획,,,,,,,,,,,,
자기규율,위험성평가,자기규율 예방체계,자기규율예방체계,,,,,,,,,,,,
팀 빌딩,Team-building,team building,팀빌딩,Team Building,Team-Building,팀,,,,,,,,,
중대재해 처벌 등에 관한 법률,중대법,중처법,중대재해처벌등에관한법률,중대재해처벌법,중대재해법,,,,,,,,,,
아차사고,앗차사고,아차 사고,,,,,,,,,,,,,
한국산업안전보건공단,안전보건공단,안보공,KOSHA,안전공단,kosha,,,,,,,,,,
직장 내 괴롭힘,직장내괴롭힘,괴롭힘,Bullying,약자 괴롭힘,,,,,,,,,,,
배치 전 건강진단,배치전건강검진,배치전,특수건강진단,배치 예정,,,,,,,,,,,
LOTO,Lock Out Tag Out,끼임,로또,로토,lo/to,"Lock-out, Tag-Out",loto,,,,,,,,
데크 플레이트,데크 플레이트,deck plate,deckplate,Deck Plate,,,,,,,,,,,
근로복지공단,근복,,,,,,,,,,,,,,
